timestamp,airTemperature_panther,cloudCoverage_panther,dewTemperature_panther,precipDepth1HR_panther,precipDepth6HR_panther,seaLvlPressure_panther,windDirection_panther,windSpeed_panther,airTemperature_robin,cloudCoverage_robin,dewTemperature_robin,precipDepth1HR_robin,precipDepth6HR_robin,seaLvlPressure_robin,windDirection_robin,windSpeed_robin,airTemperature_crow,cloudCoverage_crow,dewTemperature_crow,precipDepth1HR_crow,precipDepth6HR_crow,seaLvlPressure_crow,windDirection_crow,windSpeed_crow,airTemperature_fox,cloudCoverage_fox,dewTemperature_fox,precipDepth1HR_fox,precipDepth6HR_fox,seaLvlPressure_fox,windDirection_fox,windSpeed_fox,airTemperature_moose,cloudCoverage_moose,dewTemperature_moose,precipDepth1HR_moose,precipDepth6HR_moose,seaLvlPressure_moose,windDirection_moose,windSpeed_moose,airTemperature_shrew,cloudCoverage_shrew,dewTemperature_shrew,precipDepth1HR_shrew,precipDepth6HR_shrew,seaLvlPressure_shrew,windDirection_shrew,windSpeed_shrew,airTemperature_mouse,cloudCoverage_mouse,dewTemperature_mouse,precipDepth1HR_mouse,precipDepth6HR_mouse,seaLvlPressure_mouse,windDirection_mouse,windSpeed_mouse
2016-01-01,23.291666666666668,5.6,19.625,-0.125,0.0,1018.6636363636363,150.41666666666666,2.5208333333333335,5.3875,0.0,3.8791666666666664,,0.0,1016.9416666666666,116.66666666666667,4.470833333333333,-1.7874999999999999,,-3.595833333333333,3.75,3.25,1011.6708333333332,236.25,3.6666666666666665,10.200000000000001,1.0,-2.8041666666666667,0.0,,1018.5124999999999,47.083333333333336,0.4708333333333334,-1.7874999999999999,,-3.595833333333333,3.75,3.25,1011.6708333333332,236.25,3.6666666666666665,5.3875,0.0,3.8791666666666664,,0.0,1016.9416666666666,116.66666666666667,4.470833333333333,5.3875,0.0,3.8791666666666664,,0.0,1016.9416666666666,116.66666666666667,4.470833333333333
2016-01-02,18.3625,6.4,14.15,-0.041666666666666664,0.0,1018.8333333333334,157.5,4.133333333333334,9.783333333333333,,9.183333333333334,,15.0,998.0875,166.66666666666666,7.241666666666666,-2.1083333333333334,,-4.729166666666667,,0.0,1010.0791666666668,229.16666666666666,5.133333333333334,14.5,2.1666666666666665,-0.10833333333333335,0.0,,1018.9833333333332,92.5,3.783333333333333,-2.1083333333333334,,-4.729166666666667,,0.0,1010.0791666666668,229.16666666666666,5.133333333333334,9.783333333333333,,9.183333333333334,,15.0,998.0875,166.66666666666666,7.241666666666666,9.783333333333333,,9.183333333333334,,15.0,998.0875,166.66666666666666,7.241666666666666
2016-01-03,13.641666666666666,8.0,11.825000000000001,1.1666666666666667,7.333333333333333,1016.7478260869566,314.1666666666667,4.829166666666667,7.954166666666667,0.0,6.6875,,6.0,991.8375,187.91666666666666,5.633333333333333,-4.591304347826087,,-7.226086956521739,5.333333333333333,7.5,1007.5956521739131,270.4347826086956,4.6869565217391305,15.991666666666667,3.6,-0.4791666666666667,0.0,,1015.8375,86.25,4.158333333333333,-4.591304347826087,,-7.226086956521739,5.333333333333333,7.5,1007.5956521739131,270.4347826086956,4.6869565217391305,7.954166666666667,0.0,6.6875,,6.0,991.8375,187.91666666666666,5.633333333333333,7.954166666666667,0.0,6.6875,,6.0,991.8375,187.91666666666666,5.633333333333333
2016-01-04,12.920833333333334,1.5555555555555556,3.504166666666667,0.0,10.0,1016.5,283.3333333333333,4.541666666666667,7.841666666666666,0.0,6.508333333333333,,0.0,982.7666666666668,177.08333333333334,4.145833333333333,-15.4,,-18.9,2.0,,1020.5,320.0,5.1,14.120833333333332,6.5,5.404166666666666,2.7916666666666665,24.333333333333332,1010.7291666666666,125.0,3.6041666666666665,-15.4,,-18.9,2.0,,1020.5,320.0,5.1,7.841666666666666,0.0,6.508333333333333,,0.0,982.7666666666668,177.08333333333334,4.145833333333333,7.841666666666666,0.0,6.508333333333333,,0.0,982.7666666666668,177.08333333333334,4.145833333333333
2016-01-05,14.6875,2.142857142857143,7.991666666666667,0.0,,1023.5041666666666,115.41666666666667,6.2625,7.904166666666666,,7.058333333333334,,0.5,984.7125,175.41666666666666,2.75,-12.733333333333334,,-17.266666666666666,,,1032.3666666666666,186.66666666666666,2.6333333333333333,12.454166666666666,8.0,10.595833333333333,0.75,6.5,1012.7086956521739,105.41666666666667,3.6999999999999997,-12.733333333333334,,-17.266666666666666,,,1032.3666666666666,186.66666666666666,2.6333333333333333,7.904166666666666,,7.058333333333334,,0.5,984.7125,175.41666666666666,2.75,7.904166666666666,,7.058333333333334,,0.5,984.7125,175.41666666666666,2.75
2016-01-06,15.454166666666666,7.5,13.170833333333334,-0.08333333333333333,1.3333333333333333,1021.1999999999999,281.6666666666667,5.570833333333333,6.341666666666666,,5.958333333333333,,1.0,994.2333333333332,193.33333333333334,2.0083333333333333,-5.531578947368421,,-8.921052631578947,,0.0,1027.1631578947367,226.21052631578948,2.594736842105263,12.733333333333334,5.666666666666667,7.0375000000000005,1.5416666666666667,13.0,1013.0124999999999,175.0,3.2458333333333336,-5.531578947368421,,-8.921052631578947,,0.0,1027.1631578947367,226.21052631578948,2.594736842105263,6.341666666666666,,5.958333333333333,,1.0,994.2333333333332,193.33333333333334,2.0083333333333333,6.341666666666666,,5.958333333333333,,1.0,994.2333333333332,193.33333333333334,2.0083333333333333
2016-01-07,16.933333333333334,6.8,14.325000000000001,-0.16666666666666666,-1.0,1016.3086956521738,229.0909090909091,3.3666666666666667,7.1000000000000005,0.0,4.5375000000000005,,30.0,988.8541666666666,215.0,6.645833333333333,-5.25,,-6.6695652173913045,,0.0,1025.4375,179.58333333333334,1.1833333333333333,10.1625,7.5,7.433333333333334,6.291666666666667,38.25,1010.9541666666668,137.91666666666666,3.0041666666666664,-5.25,,-6.6695652173913045,,0.0,1025.4375,179.58333333333334,1.1833333333333333,7.1000000000000005,0.0,4.5375000000000005,,30.0,988.8541666666666,215.0,6.645833333333333,7.1000000000000005,0.0,4.5375000000000005,,30.0,988.8541666666666,215.0,6.645833333333333
2016-01-08,17.5625,6.428571428571429,16.304166666666667,3.0416666666666665,27.666666666666668,1013.3130434782609,73.75,2.1083333333333334,5.833333333333333,0.0,4.220833333333333,,-0.5,999.2916666666666,191.25,3.6374999999999997,-4.945833333333334,,-6.7875000000000005,,0.0,1022.2208333333333,76.25,2.908333333333333,9.887500000000001,5.6,5.158333333333333,-0.16666666666666666,-0.6666666666666666,1013.2958333333332,128.69565217391303,1.9291666666666665,-4.945833333333334,,-6.7875000000000005,,0.0,1022.2208333333333,76.25,2.908333333333333,5.833333333333333,0.0,4.220833333333333,,-0.5,999.2916666666666,191.25,3.6374999999999997,5.833333333333333,0.0,4.220833333333333,,-0.5,999.2916666666666,191.25,3.6374999999999997
2016-01-09,17.662499999999998,8.625,16.4375,2.3333333333333335,40.0,1011.6750000000001,107.08333333333333,1.9875,8.741666666666667,,7.233333333333333,,3.0,990.2086956521739,171.66666666666666,5.691666666666666,1.1208333333333333,,0.13333333333333336,4.090909090909091,10.75,1015.4708333333333,89.58333333333333,2.5416666666666665,9.766666666666667,1.565217391304348,4.5,0.0,,1020.6958333333333,98.26086956521739,1.7708333333333333,1.1208333333333333,,0.13333333333333336,4.090909090909091,10.75,1015.4708333333333,89.58333333333333,2.5416666666666665,8.741666666666667,,7.233333333333333,,3.0,990.2086956521739,171.66666666666666,5.691666666666666,8.741666666666667,,7.233333333333333,,3.0,990.2086956521739,171.66666666666666,5.691666666666666
2016-01-10,18.075,6.5,14.629166666666668,0.0,20.0,1013.6583333333333,260.4166666666667,4.5375,6.2250000000000005,0.0,3.779166666666667,,20.0,985.0458333333332,190.41666666666666,4.941666666666666,2.772222222222222,,2.138888888888889,7.0,46.25,1000.9352941176471,93.88888888888889,5.038888888888889,9.720833333333333,3.4545454545454546,3.6374999999999997,0.0,,1020.475,156.08695652173913,2.2833333333333337,2.772222222222222,,2.138888888888889,7.0,46.25,1000.9352941176471,93.88888888888889,5.038888888888889,6.2250000000000005,0.0,3.779166666666667,,20.0,985.0458333333332,190.41666666666666,4.941666666666666,6.2250000000000005,0.0,3.779166666666667,,20.0,985.0458333333332,190.41666666666666,4.941666666666666
2016-01-11,10.5875,1.6666666666666667,3.475,0.0,,1021.3708333333334,257.39130434782606,3.579166666666666,5.916666666666667,0.0,4.995833333333333,,15.0,982.8874999999999,225.83333333333334,3.9583333333333335,-10.217391304347826,,-15.57391304347826,2.0,1.5,1007.9956521739131,270.8695652173913,5.126086956521739,9.916666666666666,0.8333333333333334,1.2375,0.0,,1022.6374999999999,138.75,1.4124999999999999,-10.217391304347826,,-15.57391304347826,2.0,1.5,1007.9956521739131,270.8695652173913,5.126086956521739,5.916666666666667,0.0,4.995833333333333,,15.0,982.8874999999999,225.83333333333334,3.9583333333333335,5.916666666666667,0.0,4.995833333333333,,15.0,982.8874999999999,225.83333333333334,3.9583333333333335
2016-01-12,11.183333333333332,3.176470588235294,0.5166666666666666,0.0,,1022.1750000000001,330.0,3.2083333333333335,5.3875,0.0,3.0,,0.0,998.0363636363636,264.1666666666667,6.825,-9.6,,-11.204166666666666,5.428571428571429,6.5,1006.1541666666667,105.83333333333333,4.075,11.1875,0.25,-2.591666666666667,0.0,,1021.4666666666667,102.91666666666667,2.1041666666666665,-9.6,,-11.204166666666666,5.428571428571429,6.5,1006.1541666666667,105.83333333333333,4.075,5.3875,0.0,3.0,,0.0,998.0363636363636,264.1666666666667,6.825,5.3875,0.0,3.0,,0.0,998.0363636363636,264.1666666666667,6.825
2016-01-13,11.695833333333333,8.0,1.3375000000000001,0.0,,1022.9666666666667,266.25,3.3041666666666667,4.75,0.0,1.7625,,2.0,1013.1125000000001,235.41666666666666,5.0375,-12.7875,,-16.275000000000002,2.0,5.0,1009.5041666666666,255.41666666666666,5.079166666666667,11.575000000000001,1.75,-1.7333333333333334,0.0,,1018.4875000000001,121.42857142857143,1.4041666666666668,-12.7875,,-16.275000000000002,2.0,5.0,1009.5041666666666,255.41666666666666,5.079166666666667,4.75,0.0,1.7625,,2.0,1013.1125000000001,235.41666666666666,5.0375,4.75,0.0,1.7625,,2.0,1013.1125000000001,235.41666666666666,5.0375
2016-01-14,14.237499999999999,7.0,7.520833333333333,0.0,,1020.3333333333334,100.0,3.2875,3.7125,0.0,0.15833333333333335,,11.0,1007.0749999999999,271.25,6.3,-10.629166666666666,,-12.950000000000001,2.6666666666666665,4.75,1010.1958333333333,165.83333333333334,1.3041666666666667,11.329166666666666,2.260869565217391,0.39166666666666666,0.0,,1015.9375,134.0909090909091,2.129166666666667,-10.629166666666666,,-12.950000000000001,2.6666666666666665,4.75,1010.1958333333333,165.83333333333334,1.3041666666666667,3.7125,0.0,0.15833333333333335,,11.0,1007.0749999999999,271.25,6.3,3.7125,0.0,0.15833333333333335,,11.0,1007.0749999999999,271.25,6.3
2016-01-15,18.829166666666666,4.888888888888889,15.112499999999999,9.333333333333334,125.0,1009.5739130434783,202.91666666666666,4.908333333333333,2.970833333333333,0.0,-0.6916666666666668,,0.0,1020.1826086956522,292.9166666666667,4.341666666666667,-10.465217391304348,,-13.02608695652174,,0.0,1011.2869565217391,60.43478260869565,4.77391304347826,10.433333333333334,2.933333333333333,1.2791666666666668,0.0,,1014.4125,135.65217391304347,2.8958333333333335,-10.465217391304348,,-13.02608695652174,,0.0,1011.2869565217391,60.43478260869565,4.77391304347826,2.970833333333333,0.0,-0.6916666666666668,,0.0,1020.1826086956522,292.9166666666667,4.341666666666667,2.970833333333333,0.0,-0.6916666666666668,,0.0,1020.1826086956522,292.9166666666667,4.341666666666667
2016-01-16,18.576190476190476,2.875,12.50952380952381,-0.041666666666666664,0.0,1011.1666666666666,203.75,3.295833333333333,2.3041666666666667,0.0,-0.4916666666666667,,0.0,1028.7708333333333,282.9166666666667,2.325,-5.5625,,-8.0375,4.8,5.5,999.7083333333334,163.75,3.5124999999999997,11.045833333333334,2.4705882352941178,1.7208333333333332,0.0,,1019.5541666666667,148.2608695652174,1.7916666666666667,-5.5625,,-8.0375,4.8,5.5,999.7083333333334,163.75,3.5124999999999997,2.3041666666666667,0.0,-0.4916666666666667,,0.0,1028.7708333333333,282.9166666666667,2.325,2.3041666666666667,0.0,-0.4916666666666667,,0.0,1028.7708333333333,282.9166666666667,2.325
2016-01-17,15.929166666666667,4.8,11.4375,12.791666666666666,103.0,1008.8625000000001,240.41666666666666,5.816666666666666,2.370833333333333,,1.0291666666666666,,12.0,1025.4708333333333,108.75,3.545833333333333,-9.733333333333333,,-12.420833333333334,4.4,0.5,1009.0875,154.16666666666666,2.8041666666666667,12.616666666666667,1.5,2.75,0.0,,1020.6458333333334,95.21739130434783,1.6583333333333332,-9.733333333333333,,-12.420833333333334,4.4,0.5,1009.0875,154.16666666666666,2.8041666666666667,2.370833333333333,,1.0291666666666666,,12.0,1025.4708333333333,108.75,3.545833333333333,2.370833333333333,,1.0291666666666666,,12.0,1025.4708333333333,108.75,3.545833333333333
2016-01-18,10.904166666666667,2.0,0.8125,0.0,,1022.2041666666668,332.60869565217394,4.0,3.216666666666667,0.0,0.45,,-0.5,1014.9875000000001,115.0,4.483333333333333,-11.783333333333333,,-14.887500000000001,3.3333333333333335,10.75,1007.2333333333332,279.5833333333333,5.791666666666667,12.908333333333333,2.3636363636363638,2.4541666666666666,0.0,,1019.2875,111.66666666666667,2.1333333333333333,-11.783333333333333,,-14.887500000000001,3.3333333333333335,10.75,1007.2333333333332,279.5833333333333,5.791666666666667,3.216666666666667,0.0,0.45,,-0.5,1014.9875000000001,115.0,4.483333333333333,3.216666666666667,0.0,0.45,,-0.5,1014.9875000000001,115.0,4.483333333333333
2016-01-19,8.645833333333334,2.2857142857142856,-2.504166666666667,0.0,,1027.9125000000001,264.1666666666667,4.7875000000000005,0.5541666666666666,0.0,-4.041666666666667,,0.0,1017.0583333333334,212.5,0.9625,-14.291666666666666,,-18.0625,,0.0,1016.3625000000001,278.3333333333333,6.904166666666666,13.7875,2.3333333333333335,1.7374999999999998,-0.041666666666666664,0.0,1019.6791666666667,117.3913043478261,1.9416666666666667,-14.291666666666666,,-18.0625,,0.0,1016.3625000000001,278.3333333333333,6.904166666666666,0.5541666666666666,0.0,-4.041666666666667,,0.0,1017.0583333333334,212.5,0.9625,0.5541666666666666,0.0,-4.041666666666667,,0.0,1017.0583333333334,212.5,0.9625
2016-01-20,10.408333333333333,3.6,1.5708333333333335,0.0,,1025.6791666666666,190.41666666666666,1.9375,0.17500000000000002,0.0,-2.091666666666667,,0.0,1020.475,229.16666666666666,1.2916666666666667,-9.3125,,-12.950000000000001,,0.0,1021.875,274.1666666666667,4.179166666666666,14.625,1.565217391304348,3.608333333333333,0.0,,1019.5916666666667,120.0,1.7125000000000001,-9.3125,,-12.950000000000001,,0.0,1021.875,274.1666666666667,4.179166666666666,0.17500000000000002,0.0,-2.091666666666667,,0.0,1020.475,229.16666666666666,1.2916666666666667,0.17500000000000002,0.0,-2.091666666666667,,0.0,1020.475,229.16666666666666,1.2916666666666667
2016-01-21,13.958333333333334,4.857142857142857,8.845833333333333,0.0,,1021.7916666666666,77.91666666666667,1.9708333333333332,3.3375,0.0,0.7166666666666667,,0.0,1021.25,130.41666666666666,3.5083333333333333,-10.174999999999999,,-13.9125,,0.0,1024.1166666666666,281.25,3.220833333333333,14.704166666666666,2.2666666666666666,-2.6625,0.0,,1022.8541666666666,93.18181818181819,2.204166666666667,-10.174999999999999,,-13.9125,,0.0,1024.1166666666666,281.25,3.220833333333333,3.3375,0.0,0.7166666666666667,,0.0,1021.25,130.41666666666666,3.5083333333333333,3.3375,0.0,0.7166666666666667,,0.0,1021.25,130.41666666666666,3.5083333333333333
2016-01-22,16.808333333333334,3.3333333333333335,12.8125,0.3333333333333333,6.5,1010.1416666666668,191.25,5.616666666666667,7.5375000000000005,0.0,5.804166666666667,,5.0,1017.5500000000001,188.75,5.204166666666667,-8.2875,,-11.245833333333332,,0.0,1026.5958333333333,284.5833333333333,2.4583333333333335,16.0125,5.333333333333333,-4.808333333333334,0.0,,1019.4250000000001,65.65217391304348,1.2791666666666666,-8.2875,,-11.245833333333332,,0.0,1026.5958333333333,284.5833333333333,2.4583333333333335,7.5375000000000005,0.0,5.804166666666667,,5.0,1017.5500000000001,188.75,5.204166666666667,7.5375000000000005,0.0,5.804166666666667,,5.0,1017.5500000000001,188.75,5.204166666666667
2016-01-23,9.025,3.2857142857142856,3.2458333333333336,0.08333333333333333,5.0,1011.2583333333333,282.9166666666667,8.05,7.3875,0.0,6.5375000000000005,,0.0,1028.75,194.16666666666666,3.7125,-11.883333333333333,,-15.229166666666666,,0.0,1021.4,262.5,2.316666666666667,15.991666666666667,7.0,-3.4250000000000003,0.0,,1013.475,134.76190476190476,2.15,-11.883333333333333,,-15.229166666666666,,0.0,1021.4,262.5,2.316666666666667,7.3875,0.0,6.5375000000000005,,0.0,1028.75,194.16666666666666,3.7125,7.3875,0.0,6.5375000000000005,,0.0,1028.75,194.16666666666666,3.7125
2016-01-24,6.483333333333333,0.16666666666666666,-1.945833333333333,0.0,,1021.6374999999999,262.60869565217394,3.6374999999999997,12.008333333333333,,11.375,,5.0,1026.2958333333333,194.16666666666666,4.3625,-11.345833333333333,,-13.475,2.0,0.5,1017.475,249.16666666666666,1.2416666666666667,13.516666666666666,1.4782608695652173,-1.1291666666666667,0.0,,1013.2708333333334,129.1304347826087,2.275,-11.345833333333333,,-13.475,2.0,0.5,1017.475,249.16666666666666,1.2416666666666667,12.008333333333333,,11.375,,5.0,1026.2958333333333,194.16666666666666,4.3625,12.008333333333333,,11.375,,5.0,1026.2958333333333,194.16666666666666,4.3625
2016-01-25,11.525,2.4210526315789473,6.370833333333334,0.0,,1024.5916666666667,73.47826086956522,1.5666666666666667,11.216666666666667,0.0,8.404166666666667,,0.0,1020.4541666666668,192.08333333333334,5.804166666666667,-3.841666666666667,,-6.116666666666667,,0.0,1020.3000000000001,135.83333333333334,1.6708333333333334,13.4375,2.4705882352941178,-1.4166666666666667,0.0,,1016.1833333333334,101.81818181818181,2.025,-3.841666666666667,,-6.116666666666667,,0.0,1020.3000000000001,135.83333333333334,1.6708333333333334,11.216666666666667,0.0,8.404166666666667,,0.0,1020.4541666666668,192.08333333333334,5.804166666666667,11.216666666666667,0.0,8.404166666666667,,0.0,1020.4541666666668,192.08333333333334,5.804166666666667
2016-01-26,16.849999999999998,6.5,13.291666666666666,-0.08333333333333333,0.0,1022.3166666666666,100.43478260869566,2.2333333333333334,9.241666666666667,0.0,7.766666666666667,,-0.5,1016.4708333333333,205.0,7.833333333333333,1.0875000000000001,,-1.6083333333333334,2.3333333333333335,1.25,1006.3083333333334,170.41666666666666,4.408333333333333,13.950000000000001,1.9090909090909092,-9.083333333333334,0.0,,1021.6625,134.54545454545453,2.3666666666666667,1.0875000000000001,,-1.6083333333333334,2.3333333333333335,1.25,1006.3083333333334,170.41666666666666,4.408333333333333,9.241666666666667,0.0,7.766666666666667,,-0.5,1016.4708333333333,205.0,7.833333333333333,9.241666666666667,0.0,7.766666666666667,,-0.5,1016.4708333333333,205.0,7.833333333333333
2016-01-27,18.4875,8.0,17.583333333333332,18.166666666666668,98.75,1015.4260869565217,121.66666666666667,2.5749999999999997,11.520833333333334,,9.9375,,1.5,1009.0124999999999,227.5,9.329166666666667,-5.891666666666667,,-9.6875,2.3333333333333335,2.25,1015.7125,271.6666666666667,4.0249999999999995,14.558333333333332,1.4166666666666667,-9.008333333333333,0.0,,1023.4625,151.36363636363637,2.0833333333333335,-5.891666666666667,,-9.6875,2.3333333333333335,2.25,1015.7125,271.6666666666667,4.0249999999999995,11.520833333333334,,9.9375,,1.5,1009.0124999999999,227.5,9.329166666666667,11.520833333333334,,9.9375,,1.5,1009.0124999999999,227.5,9.329166666666667
2016-01-28,17.754166666666666,8.0,16.8875,9.083333333333334,67.5,1010.7761904761904,153.91304347826087,1.825,6.404166666666666,0.0,2.5166666666666666,,0.0,1023.1458333333334,229.16666666666666,5.966666666666666,-2.904166666666667,,-5.483333333333333,2.75,1.0,1006.2666666666668,134.58333333333334,3.779166666666667,14.424999999999999,2.3076923076923075,-4.35,0.0,,1020.2958333333332,146.95652173913044,1.8791666666666667,-2.904166666666667,,-5.483333333333333,2.75,1.0,1006.2666666666668,134.58333333333334,3.779166666666667,6.404166666666666,0.0,2.5166666666666666,,0.0,1023.1458333333334,229.16666666666666,5.966666666666666,6.404166666666666,0.0,2.5166666666666666,,0.0,1023.1458333333334,229.16666666666666,5.966666666666666
2016-01-29,14.35,4.0,5.995833333333334,-0.08333333333333333,8.0,1016.7782608695653,285.4166666666667,4.933333333333334,11.095833333333333,,8.854166666666666,,-0.5,1017.4250000000001,225.0,9.845833333333333,-4.7749999999999995,,-6.795833333333333,2.5,6.5,1001.8000000000001,210.0,4.1125,14.333333333333334,2.25,-2.0208333333333335,0.0,,1016.1750000000001,100.41666666666667,1.9333333333333333,-4.7749999999999995,,-6.795833333333333,2.5,6.5,1001.8000000000001,210.0,4.1125,11.095833333333333,,8.854166666666666,,-0.5,1017.4250000000001,225.0,9.845833333333333,11.095833333333333,,8.854166666666666,,-0.5,1017.4250000000001,225.0,9.845833333333333
2016-01-30,14.108333333333334,7.0,6.0625,0.0,,1021.125,119.0909090909091,1.5041666666666667,7.633333333333333,0.0,3.3791666666666664,,2.5,1009.9826086956521,251.25,7.375,-8.566666666666666,,-10.725,,0.5,1010.3208333333333,142.08333333333334,2.9333333333333336,15.558333333333332,2.347826086956522,-1.0166666666666666,0.0,,1012.3333333333334,75.21739130434783,2.4458333333333333,-8.566666666666666,,-10.725,,0.5,1010.3208333333333,142.08333333333334,2.9333333333333336,7.633333333333333,0.0,3.3791666666666664,,2.5,1009.9826086956521,251.25,7.375,7.633333333333333,0.0,3.3791666666666664,,2.5,1009.9826086956521,251.25,7.375
2016-01-31,16.695833333333333,8.0,11.737499999999999,0.0,,1020.0833333333334,64.58333333333333,1.1416666666666668,8.950000000000001,,7.233333333333333,,5.0,1009.3000000000001,223.33333333333334,6.245833333333334,-0.7583333333333333,,-2.5500000000000003,11.0,0.0,1004.8916666666668,126.25,0.9916666666666667,16.983333333333334,1.5,1.6500000000000001,1.2083333333333333,30.0,1007.4708333333333,117.5,4.483333333333333,-0.7583333333333333,,-2.5500000000000003,11.0,0.0,1004.8916666666668,126.25,0.9916666666666667,8.950000000000001,,7.233333333333333,,5.0,1009.3000000000001,223.33333333333334,6.245833333333334,8.950000000000001,,7.233333333333333,,5.0,1009.3000000000001,223.33333333333334,6.245833333333334
2016-02-01,21.233333333333334,4.181818181818182,15.904166666666667,0.0,,1017.0833333333334,98.69565217391305,1.7791666666666668,12.125,,8.0375,,0.0,1014.9916666666667,242.91666666666666,9.833333333333334,3.3318181818181816,,-0.31363636363636355,2.0,13.0,1006.4636363636364,256.8181818181818,4.213636363636364,10.366666666666667,4.571428571428571,-1.6958333333333335,0.625,20.0,1008.85,258.75,7.0625,3.3318181818181816,,-0.31363636363636355,2.0,13.0,1006.4636363636364,256.8181818181818,4.213636363636364,12.125,,8.0375,,0.0,1014.9916666666667,242.91666666666666,9.833333333333334,12.125,,8.0375,,0.0,1014.9916666666667,242.91666666666666,9.833333333333334
2016-02-02,21.474999999999998,3.6666666666666665,18.575,0.0,,1018.2409090909091,99.58333333333333,3.3874999999999997,8.0375,0.0,2.7916666666666665,,1.0,1015.2916666666666,249.16666666666666,8.175,-4.5874999999999995,,-10.375,2.0,0.5,1026.6916666666666,207.91666666666666,2.8666666666666667,8.008333333333333,1.0,-7.079166666666667,0.0,,1018.4333333333334,269.1666666666667,3.9291666666666667,-4.5874999999999995,,-10.375,2.0,0.5,1026.6916666666666,207.91666666666666,2.8666666666666667,8.0375,0.0,2.7916666666666665,,1.0,1015.2916666666666,249.16666666666666,8.175,8.0375,0.0,2.7916666666666665,,1.0,1015.2916666666666,249.16666666666666,8.175
2016-02-03,23.400000000000002,4.5,19.166666666666668,0.0,,1017.9416666666666,145.41666666666666,5.075,5.183333333333333,0.0,1.1958333333333333,,-0.5,1022.0875,272.0833333333333,5.320833333333334,-0.74,,-1.98,3.6666666666666665,26.666666666666668,1009.4266666666666,96.0,3.566666666666667,8.200000000000001,0.0,-6.708333333333333,0.0,,1025.2916666666667,114.78260869565217,1.3625,-0.74,,-1.98,3.6666666666666665,26.666666666666668,1009.4266666666666,96.0,3.566666666666667,5.183333333333333,0.0,1.1958333333333333,,-0.5,1022.0875,272.0833333333333,5.320833333333334,5.183333333333333,0.0,1.1958333333333333,,-0.5,1022.0875,272.0833333333333,5.320833333333334
2016-02-04,22.11666666666667,4.571428571428571,18.6875,1.0416666666666667,-1.0,1016.6625,196.66666666666666,5.2749999999999995,9.512500000000001,0.0,6.995833333333334,,-0.5,1025.1416666666667,256.25,5.716666666666666,1.9000000000000001,,-3.0833333333333335,,0.0,1014.7833333333333,263.3333333333333,4.333333333333333,10.7125,1.1578947368421053,-9.504166666666666,0.0,,1025.6208333333334,112.27272727272727,2.4375,1.9000000000000001,,-3.0833333333333335,,0.0,1014.7833333333333,263.3333333333333,4.333333333333333,9.512500000000001,0.0,6.995833333333334,,-0.5,1025.1416666666667,256.25,5.716666666666666,9.512500000000001,0.0,6.995833333333334,,-0.5,1025.1416666666667,256.25,5.716666666666666
2016-02-05,11.654166666666667,1.5555555555555556,2.408333333333333,-0.041666666666666664,30.0,1023.3874999999999,257.5,6.741666666666667,10.179166666666667,,8.3375,,1.0,1018.3541666666666,214.16666666666666,6.2375,-5.341666666666666,,-10.5375,,0.0,1024.1833333333334,251.25,2.8666666666666667,13.5,1.1666666666666667,-7.4125000000000005,0.0,,1025.3708333333332,63.1578947368421,2.0166666666666666,-5.341666666666666,,-10.5375,,0.0,1024.1833333333334,251.25,2.8666666666666667,10.179166666666667,,8.3375,,1.0,1018.3541666666666,214.16666666666666,6.2375,10.179166666666667,,8.3375,,1.0,1018.3541666666666,214.16666666666666,6.2375
2016-02-06,13.3125,3.6363636363636362,10.316666666666666,5.666666666666667,39.5,1020.5260869565217,258.75,3.7624999999999997,10.3375,,8.120833333333334,,0.5,997.9833333333332,189.58333333333334,8.958333333333334,-1.375,,-5.041666666666667,2.0,0.5,1020.2416666666667,238.75,3.0625,14.895833333333334,1.1666666666666667,-8.0375,0.0,,1024.2208333333333,103.04347826086956,2.4,-1.375,,-5.041666666666667,2.0,0.5,1020.2416666666667,238.75,3.0625,10.3375,,8.120833333333334,,0.5,997.9833333333332,189.58333333333334,8.958333333333334,10.3375,,8.120833333333334,,0.5,997.9833333333332,189.58333333333334,8.958333333333334
2016-02-07,9.950000000000001,1.8461538461538463,3.2708333333333335,0.20833333333333334,30.0,1016.375,291.6666666666667,6.220833333333334,7.2625,0.0,3.9875000000000003,,35.0,991.9708333333333,212.08333333333334,7.95,-4.329166666666667,,-9.558333333333334,,0.0,1019.7958333333332,122.91666666666667,5.145833333333333,16.991666666666667,1.25,-5.375,0.0,,1020.3333333333334,119.1304347826087,1.8041666666666665,-4.329166666666667,,-9.558333333333334,,0.0,1019.7958333333332,122.91666666666667,5.145833333333333,7.2625,0.0,3.9875000000000003,,35.0,991.9708333333333,212.08333333333334,7.95,7.2625,0.0,3.9875000000000003,,35.0,991.9708333333333,212.08333333333334,7.95
2016-02-08,11.645833333333334,2.5714285714285716,4.1875,-0.041666666666666664,,1015.9291666666667,233.33333333333334,4.566666666666667,7.866666666666667,,3.7125,,70.0,987.0166666666668,235.83333333333334,12.058333333333335,-7.129166666666666,,-14.804166666666667,2.0,0.5,1013.375,77.5,6.866666666666667,20.158333333333335,1.25,-4.833333333333333,0.0,,1019.9,97.91666666666667,3.045833333333333,-7.129166666666666,,-14.804166666666667,2.0,0.5,1013.375,77.5,6.866666666666667,7.866666666666667,,3.7125,,70.0,987.0166666666668,235.83333333333334,12.058333333333335,7.866666666666667,,3.7125,,70.0,987.0166666666668,235.83333333333334,12.058333333333335
2016-02-09,12.683333333333332,4.857142857142857,0.9291666666666667,-0.041666666666666664,-1.0,1015.5500000000001,274.5833333333333,7.308333333333334,5.25,0.0,1.5374999999999999,,-1.0,988.6666666666666,235.83333333333334,5.708333333333333,-7.345833333333334,,-9.5625,2.8,3.5,1004.7958333333332,71.66666666666667,5.1000000000000005,22.275000000000002,0.0,-5.3875,0.0,,1019.4458333333333,87.27272727272727,3.8541666666666665,-7.345833333333334,,-9.5625,2.8,3.5,1004.7958333333332,71.66666666666667,5.1000000000000005,5.25,0.0,1.5374999999999999,,-1.0,988.6666666666666,235.83333333333334,5.708333333333333,5.25,0.0,1.5374999999999999,,-1.0,988.6666666666666,235.83333333333334,5.708333333333333
2016-02-10,9.933333333333334,2.111111111111111,-3.1374999999999997,0.0,,1022.2833333333333,284.5833333333333,5.304166666666666,5.704166666666667,0.0,2.658333333333333,,5.0,996.9083333333333,274.5833333333333,4.358333333333333,-6.979166666666667,,-9.304166666666665,2.0,3.0,1002.4208333333332,192.08333333333334,3.1041666666666665,21.733333333333334,2.0,-3.466666666666667,0.0,,1019.6208333333334,105.0,1.7333333333333334,-6.979166666666667,,-9.304166666666665,2.0,3.0,1002.4208333333332,192.08333333333334,3.1041666666666665,5.704166666666667,0.0,2.658333333333333,,5.0,996.9083333333333,274.5833333333333,4.358333333333333,5.704166666666667,0.0,2.658333333333333,,5.0,996.9083333333333,274.5833333333333,4.358333333333333
2016-02-11,10.6375,0.4166666666666667,-0.1791666666666667,0.0,,1025.4875,243.04347826086956,2.3625000000000003,3.5749999999999997,0.0,0.3666666666666667,,1.0,1003.8833333333333,237.08333333333334,1.6916666666666667,-16.554166666666667,,-20.670833333333334,2.0,1.5,1013.9291666666667,297.0833333333333,5.191666666666666,20.929166666666667,1.1666666666666667,-0.5083333333333333,0.0,,1018.6083333333332,119.1304347826087,1.9166666666666667,-16.554166666666667,,-20.670833333333334,2.0,1.5,1013.9291666666667,297.0833333333333,5.191666666666666,3.5749999999999997,0.0,0.3666666666666667,,1.0,1003.8833333333333,237.08333333333334,1.6916666666666667,3.5749999999999997,0.0,0.3666666666666667,,1.0,1003.8833333333333,237.08333333333334,1.6916666666666667
2016-02-12,14.725,1.0833333333333333,7.933333333333334,0.0,,1024.0375000000001,197.91666666666666,3.4499999999999997,3.904166666666667,,2.183333333333333,,0.0,995.8375,105.41666666666667,3.3125,-13.5,,-16.9875,6.0,1.5,1014.5500000000001,219.16666666666666,3.766666666666667,20.829166666666666,0.5,-1.325,0.0,,1017.9375,148.1818181818182,2.3625000000000003,-13.5,,-16.9875,6.0,1.5,1014.5500000000001,219.16666666666666,3.766666666666667,3.904166666666667,,2.183333333333333,,0.0,995.8375,105.41666666666667,3.3125,3.904166666666667,,2.183333333333333,,0.0,995.8375,105.41666666666667,3.3125
2016-02-13,15.558333333333335,0.75,7.645833333333333,0.0,,1023.2708333333334,238.2608695652174,3.8125,3.8708333333333336,0.0,2.3333333333333335,,5.0,987.1999999999999,58.75,4.3125,-24.791666666666668,,-31.083333333333332,2.0,0.5,1023.9875000000001,305.0,6.5375000000000005,20.970833333333335,1.75,-1.2416666666666667,0.0,,1015.2958333333332,143.33333333333334,1.9333333333333333,-24.791666666666668,,-31.083333333333332,2.0,0.5,1023.9875000000001,305.0,6.5375000000000005,3.8708333333333336,0.0,2.3333333333333335,,5.0,987.1999999999999,58.75,4.3125,3.8708333333333336,0.0,2.3333333333333335,,5.0,987.1999999999999,58.75,4.3125
2016-02-14,14.354166666666666,1.625,6.5249999999999995,0.0,,1024.3041666666666,157.08333333333334,4.129166666666666,3.7541666666666664,0.0,-0.10833333333333335,,5.0,997.0083333333333,90.0,3.983333333333333,-23.77916666666667,,-29.558333333333334,,0.0,1034.3666666666666,255.41666666666666,3.154166666666667,20.004166666666666,1.6,-1.2208333333333334,0.0,,1013.3458333333333,101.9047619047619,1.9083333333333332,-23.77916666666667,,-29.558333333333334,,0.0,1034.3666666666666,255.41666666666666,3.154166666666667,3.7541666666666664,0.0,-0.10833333333333335,,5.0,997.0083333333333,90.0,3.983333333333333,3.7541666666666664,0.0,-0.10833333333333335,,5.0,997.0083333333333,90.0,3.983333333333333
2016-02-15,17.804166666666667,6.4,12.779166666666667,0.0,-1.0,1018.8565217391305,120.43478260869566,4.220833333333333,2.484210526315789,0.0,-0.7894736842105263,,0.0,1023.6789473684212,342.10526315789474,3.547368421052632,-16.24705882352941,,-20.38235294117647,,0.0,1026.7588235294118,79.41176470588235,3.076470588235294,20.787499999999998,2.0,-1.2625,0.0,,1013.0708333333333,101.30434782608695,1.4333333333333333,-16.24705882352941,,-20.38235294117647,,0.0,1026.7588235294118,79.41176470588235,3.076470588235294,2.484210526315789,0.0,-0.7894736842105263,,0.0,1023.6789473684212,342.10526315789474,3.547368421052632,2.484210526315789,0.0,-0.7894736842105263,,0.0,1023.6789473684212,342.10526315789474,3.547368421052632
2016-02-16,19.458333333333332,3.3333333333333335,12.345833333333333,5.125,61.5,1012.5541666666667,239.16666666666666,4.008333333333334,2.566666666666667,0.0,-0.7000000000000001,,0.0,1033.8458333333333,197.08333333333334,2.779166666666667,-6.255,,-7.340000000000001,19.25,85.0,1007.805,166.0,4.2299999999999995,21.78333333333333,0.9166666666666666,0.30833333333333335,0.0,,1011.7833333333333,115.0,2.004166666666667,-6.255,,-7.340000000000001,19.25,85.0,1007.805,166.0,4.2299999999999995,2.566666666666667,0.0,-0.7000000000000001,,0.0,1033.8458333333333,197.08333333333334,2.779166666666667,2.566666666666667,0.0,-0.7000000000000001,,0.0,1033.8458333333333,197.08333333333334,2.779166666666667
2016-02-17,16.2,2.6315789473684212,8.654166666666667,0.0,,1019.3249999999999,271.6666666666667,2.8333333333333335,4.325,0.0,1.5333333333333332,,0.0,1016.975,164.58333333333334,4.266666666666667,-6.01304347826087,,-8.76086956521739,,1.5,1015.1,248.69565217391303,3.5130434782608693,22.545833333333334,1.0,0.35000000000000003,0.0,,1009.7875,93.33333333333333,2.466666666666667,-6.01304347826087,,-8.76086956521739,,1.5,1015.1,248.69565217391303,3.5130434782608693,4.325,0.0,1.5333333333333332,,0.0,1016.975,164.58333333333334,4.266666666666667,4.325,0.0,1.5333333333333332,,0.0,1016.975,164.58333333333334,4.266666666666667
2016-02-18,16.045833333333334,0.8421052631578947,8.195833333333335,0.0,,1025.6833333333334,162.5,5.05,4.094444444444445,0.0,1.5499999999999998,,50.0,1013.4777777777776,287.22222222222223,3.2666666666666666,-14.16,,-19.17,2.0,0.6666666666666666,1033.825,237.5,2.29,21.275000000000002,2.888888888888889,-0.5083333333333333,0.0,,1011.0916666666667,152.08333333333334,3.1291666666666664,-14.16,,-19.17,2.0,0.6666666666666666,1033.825,237.5,2.29,4.094444444444445,0.0,1.5499999999999998,,50.0,1013.4777777777776,287.22222222222223,3.2666666666666666,4.094444444444445,0.0,1.5499999999999998,,50.0,1013.4777777777776,287.22222222222223,3.2666666666666666
2016-02-19,16.575,3.0,9.512500000000001,0.0,,1027.8333333333333,176.25,3.9291666666666667,5.029166666666667,0.0,2.841666666666667,,0.0,1015.8291666666668,203.33333333333334,4.791666666666667,-12.97272727272727,,-15.163636363636364,3.3333333333333335,2.5,1026.2,90.45454545454545,3.1681818181818184,20.591666666666665,4.0,-1.2,0.0,,1014.3083333333334,128.69565217391303,2.3208333333333333,-12.97272727272727,,-15.163636363636364,3.3333333333333335,2.5,1026.2,90.45454545454545,3.1681818181818184,5.029166666666667,0.0,2.841666666666667,,0.0,1015.8291666666668,203.33333333333334,4.791666666666667,5.029166666666667,0.0,2.841666666666667,,0.0,1015.8291666666668,203.33333333333334,4.791666666666667
2016-02-20,17.304166666666667,2.6315789473684212,10.620833333333334,0.0,,1025.2875,142.08333333333334,2.5875,10.487499999999999,,8.516666666666667,,0.5,1009.3166666666666,245.41666666666666,8.454166666666667,2.6,,1.126086956521739,3.933333333333333,18.75,1001.7291666666666,204.16666666666666,5.529166666666666,20.991666666666667,2.5833333333333335,-1.6166666666666665,0.0,,1014.4333333333334,144.58333333333334,2.058333333333333,2.6,,1.126086956521739,3.933333333333333,18.75,1001.7291666666666,204.16666666666666,5.529166666666666,10.487499999999999,,8.516666666666667,,0.5,1009.3166666666666,245.41666666666666,8.454166666666667,10.487499999999999,,8.516666666666667,,0.5,1009.3166666666666,245.41666666666666,8.454166666666667
2016-02-21,18.383333333333333,2.8333333333333335,11.608333333333334,0.0,,1021.2125,96.52173913043478,1.675,12.645833333333334,,10.420833333333333,,-1.0,1010.1999999999999,240.0,9.504166666666668,-1.8333333333333333,,-5.4624999999999995,3.0,3.75,1014.725,300.4166666666667,4.120833333333334,21.2625,1.0,-1.2916666666666667,0.0,,1012.9291666666667,138.2608695652174,1.8416666666666668,-1.8333333333333333,,-5.4624999999999995,3.0,3.75,1014.725,300.4166666666667,4.120833333333334,12.645833333333334,,10.420833333333333,,-1.0,1010.1999999999999,240.0,9.504166666666668,12.645833333333334,,10.420833333333333,,-1.0,1010.1999999999999,240.0,9.504166666666668
2016-02-22,20.037499999999998,5.0,13.683333333333332,-0.041666666666666664,,1016.3375,108.69565217391305,2.65,8.75,,4.6499999999999995,,3.5,1009.3041666666667,278.75,4.616666666666666,-12.058333333333332,,-17.3875,2.0,0.5,1026.25,288.3333333333333,2.2833333333333337,20.599999999999998,0.6666666666666666,-3.7458333333333336,0.0,,1009.4250000000001,190.43478260869566,4.6000000000000005,-12.058333333333332,,-17.3875,2.0,0.5,1026.25,288.3333333333333,2.2833333333333337,8.75,,4.6499999999999995,,3.5,1009.3041666666667,278.75,4.616666666666666,8.75,,4.6499999999999995,,3.5,1009.3041666666667,278.75,4.616666666666666
2016-02-23,20.845833333333335,3.7333333333333334,17.587500000000002,0.5,3.75,1012.775,144.58333333333334,3.9416666666666664,5.716666666666666,0.0,0.7041666666666666,,0.0,1017.2521739130434,247.91666666666666,2.5375,-11.174999999999999,,-16.025000000000002,2.0,0.5,1028.7458333333332,67.5,2.5708333333333333,19.087500000000002,2.8421052631578947,-8.591666666666667,0.0,,1014.7416666666667,232.10526315789474,3.1333333333333333,-11.174999999999999,,-16.025000000000002,2.0,0.5,1028.7458333333332,67.5,2.5708333333333333,5.716666666666666,0.0,0.7041666666666666,,0.0,1017.2521739130434,247.91666666666666,2.5375,5.716666666666666,0.0,0.7041666666666666,,0.0,1017.2521739130434,247.91666666666666,2.5375
2016-02-24,20.925,3.3333333333333335,17.554166666666667,4.833333333333333,60.0,1010.9791666666666,201.66666666666666,6.566666666666666,2.8041666666666667,0.0,-2.2416666666666667,,0.0,1018.1791666666667,185.83333333333334,1.3916666666666666,-3.04,,-5.531578947368421,16.636363636363637,37.5,1015.65,54.0,4.55,18.8125,1.1666666666666667,-7.020833333333333,0.0,,1018.7208333333333,134.34782608695653,2.8208333333333333,-3.04,,-5.531578947368421,16.636363636363637,37.5,1015.65,54.0,4.55,2.8041666666666667,0.0,-2.2416666666666667,,0.0,1018.1791666666667,185.83333333333334,1.3916666666666666,2.8041666666666667,0.0,-2.2416666666666667,,0.0,1018.1791666666667,185.83333333333334,1.3916666666666666
2016-02-25,14.325000000000001,1.391304347826087,4.154166666666667,0.0,,1019.0708333333333,283.3333333333333,6.645833333333333,2.1374999999999997,0.0,-2.7708333333333335,,0.0,1016.8208333333333,282.0833333333333,2.1416666666666666,-0.491304347826087,,-1.9863636363636366,3.0,37.0,990.5347826086957,252.17391304347825,4.8304347826086955,20.075,0.4166666666666667,-5.545833333333333,0.0,,1016.6291666666666,113.18181818181819,1.8458333333333332,-0.491304347826087,,-1.9863636363636366,3.0,37.0,990.5347826086957,252.17391304347825,4.8304347826086955,2.1374999999999997,0.0,-2.7708333333333335,,0.0,1016.8208333333333,282.0833333333333,2.1416666666666666,2.1374999999999997,0.0,-2.7708333333333335,,0.0,1016.8208333333333,282.0833333333333,2.1416666666666666
2016-02-26,12.5,1.0,2.0875,0.0,,1022.8291666666668,295.2173913043478,3.454166666666667,3.8708333333333336,,-1.6291666666666667,,0.0,1010.3083333333334,112.08333333333333,3.4375,-11.387500000000001,,-16.954166666666666,2.0,1.0,1012.9208333333332,288.3333333333333,5.616666666666667,22.3,0.0,-4.7625,0.0,,1016.0625,122.17391304347827,2.1625,-11.387500000000001,,-16.954166666666666,2.0,1.0,1012.9208333333332,288.3333333333333,5.616666666666667,3.8708333333333336,,-1.6291666666666667,,0.0,1010.3083333333334,112.08333333333333,3.4375,3.8708333333333336,,-1.6291666666666667,,0.0,1010.3083333333334,112.08333333333333,3.4375
2016-02-27,12.245833333333332,1.2173913043478262,1.0999999999999999,0.0,,1023.8125,253.75,3.204166666666667,4.55,,-1.9291666666666665,,-0.5,1010.8166666666666,51.666666666666664,4.566666666666666,-5.05,,-8.566666666666666,,0.0,1009.6833333333334,207.5,5.6375,22.104166666666668,1.3043478260869565,-3.9250000000000003,0.0,,1013.3541666666666,113.18181818181819,2.0083333333333333,-5.05,,-8.566666666666666,,0.0,1009.6833333333334,207.5,5.6375,4.55,,-1.9291666666666665,,-0.5,1010.8166666666666,51.666666666666664,4.566666666666666,4.55,,-1.9291666666666665,,-0.5,1010.8166666666666,51.666666666666664,4.566666666666666
2016-02-28,14.808333333333335,3.0,5.1875,0.0,,1024.0458333333333,162.6086956521739,2.466666666666667,4.795833333333333,,-1.5458333333333334,,0.0,1021.0541666666667,37.916666666666664,4.9875,-5.7250000000000005,,-8.633333333333333,4.0,2.0,1007.25,147.08333333333334,5.454166666666667,21.883333333333336,1.368421052631579,-3.275,0.0,,1013.25,132.27272727272728,2.558333333333333,-5.7250000000000005,,-8.633333333333333,4.0,2.0,1007.25,147.08333333333334,5.454166666666667,4.795833333333333,,-1.5458333333333334,,0.0,1021.0541666666667,37.916666666666664,4.9875,4.795833333333333,,-1.5458333333333334,,0.0,1021.0541666666667,37.916666666666664,4.9875
2016-02-29,17.912499999999998,3.111111111111111,9.316666666666666,0.0,,1021.6333333333333,79.5,1.2666666666666668,5.079166666666667,0.0,-0.6833333333333332,,0.0,1026.5166666666667,139.58333333333334,2.3375,-4.031578947368421,,-6.563157894736842,3.8,5.25,997.5631578947368,201.57894736842104,5.389473684210526,22.775000000000002,2.5,-1.7416666666666665,0.0,,1013.7791666666667,131.8181818181818,2.408333333333333,-4.031578947368421,,-6.563157894736842,3.8,5.25,997.5631578947368,201.57894736842104,5.389473684210526,5.079166666666667,0.0,-0.6833333333333332,,0.0,1026.5166666666667,139.58333333333334,2.3375,5.079166666666667,0.0,-0.6833333333333332,,0.0,1026.5166666666667,139.58333333333334,2.3375
2016-03-01,19.520833333333332,2.1904761904761907,11.745833333333332,0.0,,1019.9833333333332,132.91666666666666,2.2083333333333335,8.6875,,6.7875000000000005,,19.5,1011.3833333333333,218.75,7.316666666666666,-13.39,,-20.195,3.5,1.75,1021.76,225.0,3.29,23.224999999999998,2.0,-0.9125,0.0,,1015.6083333333332,129.56521739130434,2.3916666666666666,-13.39,,-20.195,3.5,1.75,1021.76,225.0,3.29,8.6875,,6.7875000000000005,,19.5,1011.3833333333333,218.75,7.316666666666666,8.6875,,6.7875000000000005,,19.5,1011.3833333333333,218.75,7.316666666666666
2016-03-02,20.25,3.4285714285714284,13.070833333333333,0.0,,1018.025,251.25,3.9499999999999997,5.45,0.0,2.1125000000000003,,14.5,999.4666666666667,261.6666666666667,8.045833333333333,-10.176190476190476,,-14.852380952380951,9.0,20.5,1009.6904761904761,290.4761904761905,6.076190476190476,23.22083333333333,2.6666666666666665,-1.6666666666666667,0.0,,1014.0666666666666,102.6086956521739,2.3041666666666667,-10.176190476190476,,-14.852380952380951,9.0,20.5,1009.6904761904761,290.4761904761905,6.076190476190476,5.45,0.0,2.1125000000000003,,14.5,999.4666666666667,261.6666666666667,8.045833333333333,5.45,0.0,2.1125000000000003,,14.5,999.4666666666667,261.6666666666667,8.045833333333333
2016-03-03,19.741666666666667,6.4,7.870833333333334,0.0,,1016.8666666666667,230.83333333333334,2.8791666666666664,6.479166666666667,0.0,1.9291666666666665,,-0.5,1003.3166666666666,256.25,5.566666666666666,-16.266666666666666,,-23.116666666666664,2.0,0.5,1026.0625,234.16666666666666,2.504166666666667,23.433333333333334,4.571428571428571,-2.558333333333333,0.0,,1013.9375,86.5,2.0875,-16.266666666666666,,-23.116666666666664,2.0,0.5,1026.0625,234.16666666666666,2.504166666666667,6.479166666666667,0.0,1.9291666666666665,,-0.5,1003.3166666666666,256.25,5.566666666666666,6.479166666666667,0.0,1.9291666666666665,,-0.5,1003.3166666666666,256.25,5.566666666666666
2016-03-04,19.358333333333334,2.0,11.333333333333334,0.75,20.0,1015.5041666666666,199.58333333333334,4.179166666666666,4.966666666666667,0.0,0.6791666666666667,,2.0,991.6291666666666,221.66666666666666,4.925,-13.258333333333333,,-18.4375,,0.0,1024.6000000000001,132.5,1.0125,23.474999999999998,3.8,-4.2625,0.0,,1011.6,135.9090909090909,1.9833333333333334,-13.258333333333333,,-18.4375,,0.0,1024.6000000000001,132.5,1.0125,4.966666666666667,0.0,0.6791666666666667,,2.0,991.6291666666666,221.66666666666666,4.925,4.966666666666667,0.0,0.6791666666666667,,2.0,991.6291666666666,221.66666666666666,4.925
2016-03-05,16.804166666666667,3.2,10.291666666666666,0.0,,1019.1625,233.47826086956522,3.029166666666667,2.5041666666666664,0.0,0.7166666666666667,,1.0,1000.1083333333332,314.5833333333333,3.1666666666666665,-9.049999999999999,,-13.762500000000001,,0.0,1023.9416666666666,189.16666666666666,0.9125,21.575,3.6666666666666665,-3.8791666666666664,0.0,,1011.9166666666666,95.21739130434783,2.1875,-9.049999999999999,,-13.762500000000001,,0.0,1023.9416666666666,189.16666666666666,0.9125,2.5041666666666664,0.0,0.7166666666666667,,1.0,1000.1083333333332,314.5833333333333,3.1666666666666665,2.5041666666666664,0.0,0.7166666666666667,,1.0,1000.1083333333332,314.5833333333333,3.1666666666666665
2016-03-06,17.1375,0.4166666666666667,6.925,0.0,,1021.3416666666667,195.2173913043478,4.591666666666667,3.5375,0.0,-0.15416666666666665,,-1.0,1005.7916666666666,304.5833333333333,3.1666666666666665,-3.841666666666667,,-7.754166666666666,,0.0,1023.2958333333332,217.5,3.345833333333333,21.079166666666666,4.0,0.8458333333333333,0.0,,1009.6416666666668,146.52173913043478,3.9250000000000003,-3.841666666666667,,-7.754166666666666,,0.0,1023.2958333333332,217.5,3.345833333333333,3.5375,0.0,-0.15416666666666665,,-1.0,1005.7916666666666,304.5833333333333,3.1666666666666665,3.5375,0.0,-0.15416666666666665,,-1.0,1005.7916666666666,304.5833333333333,3.1666666666666665
2016-03-07,18.333333333333332,2.588235294117647,9.6,0.0,,1024.3083333333334,121.25,4.004166666666666,4.045833333333333,0.0,-2.1,,-0.5,1009.6625,322.9166666666667,3.2875,1.9583333333333333,,-0.8916666666666666,5.333333333333333,4.0,1014.8708333333334,216.66666666666666,2.9458333333333333,16.608333333333334,3.230769230769231,-1.6666666666666667,0.0,,1006.9,222.17391304347825,3.5833333333333335,1.9583333333333333,,-0.8916666666666666,5.333333333333333,4.0,1014.8708333333334,216.66666666666666,2.9458333333333333,4.045833333333333,0.0,-2.1,,-0.5,1009.6625,322.9166666666667,3.2875,4.045833333333333,0.0,-2.1,,-0.5,1009.6625,322.9166666666667,3.2875
2016-03-08,20.154166666666665,3.8333333333333335,11.904166666666667,0.0,,1024.0,107.5,3.904166666666667,3.9416666666666664,0.0,0.5625000000000001,,-0.5,1013.2916666666666,214.58333333333334,3.5708333333333333,3.0833333333333335,,-0.04583333333333334,,0.0,1019.3041666666667,106.25,2.225,16.066666666666666,2.75,-0.6,0.0,,1006.7791666666667,233.33333333333334,3.5583333333333336,3.0833333333333335,,-0.04583333333333334,,0.0,1019.3041666666667,106.25,2.225,3.9416666666666664,0.0,0.5625000000000001,,-0.5,1013.2916666666666,214.58333333333334,3.5708333333333333,3.9416666666666664,0.0,0.5625000000000001,,-0.5,1013.2916666666666,214.58333333333334,3.5708333333333333
2016-03-09,21.162499999999998,3.0588235294117645,14.908333333333333,0.0,,1022.975,113.75,4.933333333333334,7.808333333333334,,6.595833333333334,,3.5,996.4958333333334,114.16666666666667,4.783333333333333,5.825,,3.079166666666667,12.666666666666666,9.75,1011.1291666666666,188.75,1.7541666666666667,18.6375,1.894736842105263,-2.9791666666666665,0.0,,1011.3208333333333,111.11111111111111,1.8250000000000002,5.825,,3.079166666666667,12.666666666666666,9.75,1011.1291666666666,188.75,1.7541666666666667,7.808333333333334,,6.595833333333334,,3.5,996.4958333333334,114.16666666666667,4.783333333333333,7.808333333333334,,6.595833333333334,,3.5,996.4958333333334,114.16666666666667,4.783333333333333
2016-03-10,22.858333333333334,2.526315789473684,15.933333333333332,0.0,,1023.0083333333333,134.16666666666666,4.833333333333333,6.6125,0.0,5.004166666666666,,5.0,1019.1958333333333,278.3333333333333,2.2666666666666666,4.245833333333334,,3.5541666666666667,2.0,0.0,1014.1875,283.3333333333333,2.341666666666667,21.25,1.9,-4.054166666666666,0.0,,1013.8125,108.69565217391305,1.9166666666666667,4.245833333333334,,3.5541666666666667,2.0,0.0,1014.1875,283.3333333333333,2.341666666666667,6.6125,0.0,5.004166666666666,,5.0,1019.1958333333333,278.3333333333333,2.2666666666666666,6.6125,0.0,5.004166666666666,,5.0,1019.1958333333333,278.3333333333333,2.2666666666666666
2016-03-11,22.083333333333332,2.6666666666666665,16.483333333333334,0.0,,1022.8625000000001,112.91666666666667,3.375,4.695833333333334,0.0,2.2375000000000003,,0.0,1028.25,175.83333333333334,1.5875000000000001,0.9750000000000001,,-3.4958333333333336,,0.5,1023.7291666666666,293.3333333333333,4.020833333333333,21.71666666666667,2.5454545454545454,-3.841666666666667,0.0,,1011.3874999999999,150.0,2.766666666666667,0.9750000000000001,,-3.4958333333333336,,0.5,1023.7291666666666,293.3333333333333,4.020833333333333,4.695833333333334,0.0,2.2375000000000003,,0.0,1028.25,175.83333333333334,1.5875000000000001,4.695833333333334,0.0,2.2375000000000003,,0.0,1028.25,175.83333333333334,1.5875000000000001
2016-03-12,22.583333333333332,5.0,16.808333333333334,0.0,,1020.275,115.0,3.8791666666666664,6.445833333333333,0.0,3.5083333333333333,,0.0,1030.8500000000001,154.16666666666666,1.4916666666666665,2.8260869565217392,,-1.0043478260869565,,0.0,1018.1695652173913,206.52173913043478,4.1173913043478265,17.5,1.1666666666666667,-0.5625,0.0,,1014.2541666666666,233.75,4.8125,2.8260869565217392,,-1.0043478260869565,,0.0,1018.1695652173913,206.52173913043478,4.1173913043478265,6.445833333333333,0.0,3.5083333333333333,,0.0,1030.8500000000001,154.16666666666666,1.4916666666666665,6.445833333333333,0.0,3.5083333333333333,,0.0,1030.8500000000001,154.16666666666666,1.4916666666666665
2016-03-13,23.891666666666666,4.666666666666667,18.141666666666666,-0.08333333333333333,-1.0,1016.4166666666666,196.25,4.1000000000000005,5.991666666666667,0.0,2.658333333333333,,0.0,1034.4624999999999,53.75,3.2541666666666664,4.4,,-4.71304347826087,,0.0,1020.7434782608696,217.82608695652175,3.139130434782609,18.083333333333332,2.3333333333333335,-0.9208333333333334,0.0,,1015.5500000000001,128.0,2.5458333333333334,4.4,,-4.71304347826087,,0.0,1020.7434782608696,217.82608695652175,3.139130434782609,5.991666666666667,0.0,2.658333333333333,,0.0,1034.4624999999999,53.75,3.2541666666666664,5.991666666666667,0.0,2.658333333333333,,0.0,1034.4624999999999,53.75,3.2541666666666664
2016-03-14,24.945833333333336,3.272727272727273,18.816666666666666,-0.08333333333333333,0.0,1015.1541666666667,215.41666666666666,5.3625,6.883333333333333,0.0,-0.38333333333333336,,0.0,1032.7708333333333,58.333333333333336,5.379166666666666,0.9874999999999999,,-2.773913043478261,6.333333333333333,10.0,1016.0500000000001,75.83333333333333,4.929166666666666,19.662499999999998,3.875,1.883333333333333,0.0,,1013.5875,147.14285714285714,2.7583333333333333,0.9874999999999999,,-2.773913043478261,6.333333333333333,10.0,1016.0500000000001,75.83333333333333,4.929166666666666,6.883333333333333,0.0,-0.38333333333333336,,0.0,1032.7708333333333,58.333333333333336,5.379166666666666,6.883333333333333,0.0,-0.38333333333333336,,0.0,1032.7708333333333,58.333333333333336,5.379166666666666
2016-03-15,25.195833333333336,2.6666666666666665,17.208333333333332,0.0,,1015.4416666666666,260.4347826086956,3.8375,6.125,0.0,3.9625,,0.0,1030.2625,33.75,3.558333333333333,2.6416666666666666,,2.2086956521739127,15.0,18.0,1011.1583333333333,135.0,2.058333333333333,21.366666666666664,2.909090909090909,-0.2583333333333333,0.0,,1013.2541666666666,158.1818181818182,2.0166666666666666,2.6416666666666666,,2.2086956521739127,15.0,18.0,1011.1583333333333,135.0,2.058333333333333,6.125,0.0,3.9625,,0.0,1030.2625,33.75,3.558333333333333,6.125,0.0,3.9625,,0.0,1030.2625,33.75,3.558333333333333
2016-03-16,24.566666666666666,4.0,17.545833333333334,0.0,,1016.5318181818183,271.3636363636364,3.266666666666667,7.495833333333334,,2.670833333333333,,0.0,1029.6041666666667,49.583333333333336,4.9624999999999995,4.25,,2.7,17.75,18.0,1010.7208333333333,125.0,4.1375,22.537499999999998,2.0833333333333335,-5.870833333333334,0.0,,1011.3375,131.66666666666666,1.7791666666666668,4.25,,2.7,17.75,18.0,1010.7208333333333,125.0,4.1375,7.495833333333334,,2.670833333333333,,0.0,1029.6041666666667,49.583333333333336,4.9624999999999995,7.495833333333334,,2.670833333333333,,0.0,1029.6041666666667,49.583333333333336,4.9624999999999995
2016-03-17,23.15416666666667,6.0,16.95,0.0,,1015.7708333333334,183.33333333333334,3.2416666666666667,6.675,0.0,1.6083333333333334,,0.0,1030.0916666666667,54.583333333333336,3.341666666666667,4.821739130434783,,2.4304347826086956,9.0,14.25,1004.9173913043478,223.47826086956522,2.817391304347826,22.520833333333332,0.16666666666666666,-5.433333333333334,0.0,,1008.8874999999999,165.41666666666666,2.4541666666666666,4.821739130434783,,2.4304347826086956,9.0,14.25,1004.9173913043478,223.47826086956522,2.817391304347826,6.675,0.0,1.6083333333333334,,0.0,1030.0916666666667,54.583333333333336,3.341666666666667,6.675,0.0,1.6083333333333334,,0.0,1030.0916666666667,54.583333333333336,3.341666666666667
2016-03-18,23.254166666666666,6.5,14.841666666666667,0.0,,1014.1374999999999,214.0909090909091,2.2708333333333335,5.120833333333334,0.0,3.2291666666666665,,0.0,1027.0304347826088,41.666666666666664,3.2583333333333333,-0.2125,,-7.708333333333333,2.5,1.5,1011.4416666666666,328.75,5.145833333333333,23.008333333333336,0.0,-4.8999999999999995,0.0,,1009.0666666666666,173.1818181818182,2.8958333333333335,-0.2125,,-7.708333333333333,2.5,1.5,1011.4416666666666,328.75,5.145833333333333,5.120833333333334,0.0,3.2291666666666665,,0.0,1027.0304347826088,41.666666666666664,3.2583333333333333,5.120833333333334,0.0,3.2291666666666665,,0.0,1027.0304347826088,41.666666666666664,3.2583333333333333
2016-03-19,21.258333333333333,6.4,17.6125,1.0833333333333333,15.0,1012.0875,220.0,3.2583333333333333,6.875,,2.8208333333333333,,-1.0,1026.3826086956522,38.333333333333336,4.120833333333333,-4.654166666666667,,-14.35,,0.0,1023.3291666666668,303.3333333333333,4.033333333333333,23.933333333333334,2.0,-2.2666666666666666,0.0,,1011.2583333333333,146.36363636363637,2.0791666666666666,-4.654166666666667,,-14.35,,0.0,1023.3291666666668,303.3333333333333,4.033333333333333,6.875,,2.8208333333333333,,-1.0,1026.3826086956522,38.333333333333336,4.120833333333333,6.875,,2.8208333333333333,,-1.0,1026.3826086956522,38.333333333333336,4.120833333333333
2016-03-20,21.958333333333332,7.0,16.445833333333333,0.6666666666666666,5.333333333333333,1011.7916666666666,245.41666666666666,3.654166666666667,7.3500000000000005,,3.033333333333333,,-0.5,1025.1166666666666,74.16666666666667,2.8791666666666664,-3.4125,,-12.333333333333334,,0.0,1021.5625,52.083333333333336,2.2333333333333334,24.679166666666664,4.444444444444445,-2.0333333333333337,0.0,,1013.2666666666668,104.0,2.5749999999999997,-3.4125,,-12.333333333333334,,0.0,1021.5625,52.083333333333336,2.2333333333333334,7.3500000000000005,,3.033333333333333,,-0.5,1025.1166666666666,74.16666666666667,2.8791666666666664,7.3500000000000005,,3.033333333333333,,-0.5,1025.1166666666666,74.16666666666667,2.8791666666666664
2016-03-21,14.275,4.266666666666667,-0.8083333333333332,0.0,,1020.9208333333332,273.75,5.816666666666666,8.466666666666667,0.0,3.608333333333333,,0.0,1023.1916666666666,293.75,2.3666666666666667,-1.8208333333333335,,-9.654166666666667,,0.0,1011.975,307.5,2.9166666666666665,25.633333333333336,4.0,-2.6041666666666665,0.0,,1012.3583333333332,160.0,2.8958333333333335,-1.8208333333333335,,-9.654166666666667,,0.0,1011.975,307.5,2.9166666666666665,8.466666666666667,0.0,3.608333333333333,,0.0,1023.1916666666666,293.75,2.3666666666666667,8.466666666666667,0.0,3.608333333333333,,0.0,1023.1916666666666,293.75,2.3666666666666667
2016-03-22,15.670833333333334,0.8888888888888888,5.55,0.0,,1026.5208333333333,111.73913043478261,2.4666666666666663,7.643478260869566,0.0,2.095652173913044,,0.0,1018.1086956521739,229.56521739130434,1.452173913043478,-0.5555555555555555,,-6.861111111111111,,0.0,1014.8277777777779,250.55555555555554,2.683333333333333,23.7,2.6666666666666665,-2.8000000000000003,0.0,,1008.5333333333333,210.0,4.658333333333333,-0.5555555555555555,,-6.861111111111111,,0.0,1014.8277777777779,250.55555555555554,2.683333333333333,7.643478260869566,0.0,2.095652173913044,,0.0,1018.1086956521739,229.56521739130434,1.452173913043478,7.643478260869566,0.0,2.095652173913044,,0.0,1018.1086956521739,229.56521739130434,1.452173913043478
2016-03-23,18.933333333333334,2.625,10.512500000000001,0.0,,1023.8000000000001,76.95652173913044,2.5208333333333335,8.45,,2.785,,,1016.845,269.5,2.02,0.5555555555555556,,-10.25,,0.0,1019.9333333333333,223.33333333333334,3.572222222222222,19.004166666666666,1.4,-10.108333333333333,0.0,,1014.6833333333334,275.90909090909093,5.470833333333334,0.5555555555555556,,-10.25,,0.0,1019.9333333333333,223.33333333333334,3.572222222222222,8.45,,2.785,,,1016.845,269.5,2.02,8.45,,2.785,,,1016.845,269.5,2.02
2016-03-24,20.683333333333334,4.0,16.0625,33.583333333333336,110.0,1018.0333333333333,90.83333333333333,2.9333333333333336,8.025,,5.541666666666667,,0.0,1013.3375,230.83333333333334,4.3625,-4.217391304347826,,-9.408695652173913,9.363636363636363,25.0,1018.0434782608696,58.69565217391305,6.304347826086956,19.370833333333334,0.5833333333333334,-7.891666666666667,0.0,,1014.2375000000001,130.43478260869566,1.9708333333333332,-4.217391304347826,,-9.408695652173913,9.363636363636363,25.0,1018.0434782608696,58.69565217391305,6.304347826086956,8.025,,5.541666666666667,,0.0,1013.3375,230.83333333333334,4.3625,8.025,,5.541666666666667,,0.0,1013.3375,230.83333333333334,4.3625
2016-03-25,20.4875,7.5,17.129166666666666,9.833333333333334,313.3333333333333,1015.5375,161.66666666666666,2.9250000000000003,10.408333333333333,0.0,4.845833333333333,,30.0,1013.5458333333332,265.8333333333333,3.7291666666666665,-1.6956521739130435,,-3.239130434782609,3.0,1.25,1009.6913043478262,205.2173913043478,2.9956521739130437,21.087500000000002,2.0869565217391304,-6.583333333333333,0.0,,1007.5875,159.54545454545453,2.733333333333333,-1.6956521739130435,,-3.239130434782609,3.0,1.25,1009.6913043478262,205.2173913043478,2.9956521739130437,10.408333333333333,0.0,4.845833333333333,,30.0,1013.5458333333332,265.8333333333333,3.7291666666666665,10.408333333333333,0.0,4.845833333333333,,30.0,1013.5458333333332,265.8333333333333,3.7291666666666665
2016-03-26,23.554166666666664,8.0,19.8875,3.3333333333333335,100.0,1018.8136363636364,91.73913043478261,2.5208333333333335,9.516666666666667,,7.8125,,-0.5,1004.5333333333333,182.5,7.325,-1.1500000000000001,,-5.0125,6.0,2.5,1027.5458333333333,107.08333333333333,1.4541666666666666,22.474999999999998,1.3333333333333333,-5.7625,0.0,,1007.0916666666667,178.69565217391303,3.4458333333333333,-1.1500000000000001,,-5.0125,6.0,2.5,1027.5458333333333,107.08333333333333,1.4541666666666666,9.516666666666667,,7.8125,,-0.5,1004.5333333333333,182.5,7.325,9.516666666666667,,7.8125,,-0.5,1004.5333333333333,182.5,7.325
2016-03-27,25.47083333333333,6.5,21.208333333333332,0.0,20.0,1018.6916666666666,157.5,4.291666666666667,8.054166666666667,,5.366666666666667,,35.0,999.3916666666668,195.83333333333334,7.054166666666667,3.6333333333333333,,-0.8458333333333332,,0.0,1021.8083333333334,58.75,2.2833333333333337,22.6125,0.8888888888888888,-7.383333333333333,0.0,,1012.6041666666666,200.0,3.3333333333333335,3.6333333333333333,,-0.8458333333333332,,0.0,1021.8083333333334,58.75,2.2833333333333337,8.054166666666667,,5.366666666666667,,35.0,999.3916666666668,195.83333333333334,7.054166666666667,8.054166666666667,,5.366666666666667,,35.0,999.3916666666668,195.83333333333334,7.054166666666667
2016-03-28,24.09583333333333,6.0,20.720833333333335,1.8333333333333333,16.666666666666668,1016.8695652173913,258.69565217391306,3.8625000000000003,8.116666666666667,,4.470833333333333,,50.0,989.7909090909092,223.33333333333334,10.358333333333333,3.9499999999999997,,2.391304347826087,15.846153846153847,52.5,1001.3708333333334,141.25,4.079166666666667,22.520833333333332,4.222222222222222,1.05,0.0,,1006.6583333333333,174.7826086956522,4.375,3.9499999999999997,,2.391304347826087,15.846153846153847,52.5,1001.3708333333334,141.25,4.079166666666667,8.116666666666667,,4.470833333333333,,50.0,989.7909090909092,223.33333333333334,10.358333333333333,8.116666666666667,,4.470833333333333,,50.0,989.7909090909092,223.33333333333334,10.358333333333333
2016-03-29,22.28333333333333,6.8,19.212500000000002,3.0833333333333335,70.0,1018.025,218.2608695652174,2.2833333333333337,7.679166666666667,0.0,3.6166666666666667,,4.0,1002.6958333333333,229.58333333333334,6.1375,1.675,,-8.095833333333333,,0.75,1016.9666666666667,307.0833333333333,6.0249999999999995,16.962500000000002,3.25,-2.3583333333333334,0.0,,1007.1125000000001,245.65217391304347,4.870833333333334,1.675,,-8.095833333333333,,0.75,1016.9666666666667,307.0833333333333,6.0249999999999995,7.679166666666667,0.0,3.6166666666666667,,4.0,1002.6958333333333,229.58333333333334,6.1375,7.679166666666667,0.0,3.6166666666666667,,4.0,1002.6958333333333,229.58333333333334,6.1375
2016-03-30,22.129166666666666,4.5,16.616666666666667,-0.041666666666666664,2.3333333333333335,1019.1916666666666,93.75,4.825,8.508333333333333,0.0,3.65,,5.0,1008.1666666666666,246.66666666666666,4.045833333333333,4.095833333333333,,-4.754166666666666,,0.0,1017.8375,205.83333333333334,3.279166666666667,15.85,3.1,-3.6374999999999997,0.0,,1010.5833333333334,199.5,3.0749999999999997,4.095833333333333,,-4.754166666666666,,0.0,1017.8375,205.83333333333334,3.279166666666667,8.508333333333333,0.0,3.65,,5.0,1008.1666666666666,246.66666666666666,4.045833333333333,8.508333333333333,0.0,3.65,,5.0,1008.1666666666666,246.66666666666666,4.045833333333333
2016-03-31,25.008333333333336,3.5384615384615383,18.05,0.0,0.0,1015.1999999999999,163.75,3.4791666666666665,8.145833333333334,0.0,2.066666666666667,,0.0,1015.5833333333334,237.08333333333334,2.2333333333333334,8.737499999999999,,7.141666666666667,13.3125,52.5,1001.4041666666667,170.41666666666666,5.3500000000000005,16.558333333333334,2.5,-3.25,0.0,,1010.9625,193.75,2.4499999999999997,8.737499999999999,,7.141666666666667,13.3125,52.5,1001.4041666666667,170.41666666666666,5.3500000000000005,8.145833333333334,0.0,2.066666666666667,,0.0,1015.5833333333334,237.08333333333334,2.2333333333333334,8.145833333333334,0.0,2.066666666666667,,0.0,1015.5833333333334,237.08333333333334,2.2333333333333334
2016-04-01,25.974999999999998,3.5,19.95,0.0,,1013.4499999999999,184.58333333333334,3.625,7.8500000000000005,0.0,2.8208333333333333,,0.0,1019.0749999999999,177.5,4.1125,9.1875,,5.558333333333334,21.0,5.0,997.2166666666667,254.58333333333334,4.820833333333334,18.912499999999998,1.9166666666666667,-3.2375000000000003,0.0,,1014.5708333333333,101.9047619047619,2.254166666666667,9.1875,,5.558333333333334,21.0,5.0,997.2166666666667,254.58333333333334,4.820833333333334,7.8500000000000005,0.0,2.8208333333333333,,0.0,1019.0749999999999,177.5,4.1125,7.8500000000000005,0.0,2.8208333333333333,,0.0,1019.0749999999999,177.5,4.1125
2016-04-02,23.5625,4.285714285714286,20.329166666666666,4.25,50.0,1012.1,209.58333333333334,5.2749999999999995,10.216666666666667,0.0,3.858333333333333,,0.0,1012.0791666666668,151.25,4.008333333333334,2.0124999999999997,,-3.125,11.0,2.5,997.4458333333333,235.41666666666666,4.591666666666667,21.71666666666667,0.4166666666666667,-3.5,0.0,,1017.9499999999999,145.45454545454547,2.2583333333333333,2.0124999999999997,,-3.125,11.0,2.5,997.4458333333333,235.41666666666666,4.591666666666667,10.216666666666667,0.0,3.858333333333333,,0.0,1012.0791666666668,151.25,4.008333333333334,10.216666666666667,0.0,3.858333333333333,,0.0,1012.0791666666668,151.25,4.008333333333334
2016-04-03,19.354166666666668,2.9565217391304346,7.4375,0.0,,1017.6708333333332,208.63636363636363,4.5125,11.104166666666666,,7.983333333333333,,30.0,1005.1875,154.16666666666666,3.745833333333333,-6.860869565217392,,-16.495652173913044,2.0,0.5,1009.7782608695653,292.17391304347825,6.752173913043479,23.641666666666666,0.25,-4.891666666666667,0.0,,1014.8541666666666,139.56521739130434,2.558333333333333,-6.860869565217392,,-16.495652173913044,2.0,0.5,1009.7782608695653,292.17391304347825,6.752173913043479,11.104166666666666,,7.983333333333333,,30.0,1005.1875,154.16666666666666,3.745833333333333,11.104166666666666,,7.983333333333333,,30.0,1005.1875,154.16666666666666,3.745833333333333
2016-04-04,20.695833333333333,2.0,10.266666666666667,0.0,,1018.9583333333334,186.95652173913044,1.804166666666667,10.525,,7.825,,2.5,1002.3416666666667,175.0,4.595833333333333,-5.6000000000000005,,-16.8,,0.0,1019.5083333333333,163.75,3.6374999999999997,24.866666666666664,1.75,-4.8500000000000005,0.0,,1014.6125000000001,139.54545454545453,2.275,-5.6000000000000005,,-16.8,,0.0,1019.5083333333333,163.75,3.6374999999999997,10.525,,7.825,,2.5,1002.3416666666667,175.0,4.595833333333333,10.525,,7.825,,2.5,1002.3416666666667,175.0,4.595833333333333
2016-04-05,21.641666666666666,0.6666666666666666,9.895833333333334,0.0,,1019.5749999999999,192.17391304347825,3.8833333333333333,10.833333333333334,0.0,4.983333333333333,,0.0,1007.375,257.9166666666667,3.85,-4.445833333333334,,-16.029166666666665,,0.0,1028.1166666666666,289.5833333333333,3.516666666666667,25.412499999999998,5.2,-4.475,0.0,,1014.3583333333332,126.52173913043478,2.275,-4.445833333333334,,-16.029166666666665,,0.0,1028.1166666666666,289.5833333333333,3.516666666666667,10.833333333333334,0.0,4.983333333333333,,0.0,1007.375,257.9166666666667,3.85,10.833333333333334,0.0,4.983333333333333,,0.0,1007.375,257.9166666666667,3.85
2016-04-06,20.724999999999998,2.625,12.158333333333333,-0.041666666666666664,,1020.5833333333334,89.58333333333333,4.875,8.612499999999999,0.0,4.041666666666667,,2.5,1007.4875000000001,242.91666666666666,7.425000000000001,-2.033333333333333,,-5.395833333333333,16.555555555555557,25.0,1018.2791666666667,154.58333333333334,3.3708333333333336,27.900000000000002,5.666666666666667,-7.491666666666667,0.0,,1014.4416666666666,128.2608695652174,2.6,-2.033333333333333,,-5.395833333333333,16.555555555555557,25.0,1018.2791666666667,154.58333333333334,3.3708333333333336,8.612499999999999,0.0,4.041666666666667,,2.5,1007.4875000000001,242.91666666666666,7.425000000000001,8.612499999999999,0.0,4.041666666666667,,2.5,1007.4875000000001,242.91666666666666,7.425000000000001
2016-04-07,21.4375,3.7142857142857144,14.470833333333333,0.625,8.333333333333334,1014.1666666666666,224.16666666666666,4.05,7.086956521739131,0.0,4.469565217391304,,1.0,1009.3000000000001,259.1304347826087,5.3478260869565215,2.3863636363636362,,1.6666666666666667,5.454545454545454,27.5,996.9363636363636,113.18181818181819,3.495454545454545,26.974999999999998,7.0,-4.4875,0.0,,1009.0347826086957,136.8181818181818,2.654166666666667,2.3863636363636362,,1.6666666666666667,5.454545454545454,27.5,996.9363636363636,113.18181818181819,3.495454545454545,7.086956521739131,0.0,4.469565217391304,,1.0,1009.3000000000001,259.1304347826087,5.3478260869565215,7.086956521739131,0.0,4.469565217391304,,1.0,1009.3000000000001,259.1304347826087,5.3478260869565215
2016-04-08,21.95,2.888888888888889,12.5,0.0,,1014.2458333333334,241.25,3.7916666666666665,8.85,0.0,5.379166666666666,,15.0,1011.1916666666666,237.91666666666666,3.0708333333333333,-2.0625,,-5.141666666666667,2.0,0.5,999.6541666666667,272.0833333333333,5.641666666666667,21.55,6.0,11.820833333333333,2.625,60.0,1011.2875,168.69565217391303,4.3875,-2.0625,,-5.141666666666667,2.0,0.5,999.6541666666667,272.0833333333333,5.641666666666667,8.85,0.0,5.379166666666666,,15.0,1011.1916666666666,237.91666666666666,3.0708333333333333,8.85,0.0,5.379166666666666,,15.0,1011.1916666666666,237.91666666666666,3.0708333333333333
2016-04-09,19.474999999999998,2.4,3.379166666666667,0.0,,1018.775,234.58333333333334,3.904166666666667,7.779166666666666,0.0,4.3125,,5.0,1003.4333333333334,216.25,4.170833333333333,-5.033333333333333,,-11.666666666666666,,0.5,1014.6958333333333,331.6666666666667,4.279166666666667,22.454166666666666,4.7272727272727275,8.2,0.0,,1010.6,177.27272727272728,3.1999999999999997,-5.033333333333333,,-11.666666666666666,,0.5,1014.6958333333333,331.6666666666667,4.279166666666667,7.779166666666666,0.0,4.3125,,5.0,1003.4333333333334,216.25,4.170833333333333,7.779166666666666,0.0,4.3125,,5.0,1003.4333333333334,216.25,4.170833333333333
2016-04-10,19.766666666666666,3.0,9.4,0.0,,1023.1708333333332,157.5,4.045833333333333,7.858333333333333,0.0,2.379166666666667,,-0.5,1007.3249999999999,103.33333333333333,5.0375000000000005,-3.033333333333333,,-10.770833333333334,,0.0,1024.1458333333333,215.83333333333334,2.6166666666666667,17.545833333333334,5.5,8.0375,2.375,34.5,1010.5565217391304,177.08333333333334,3.9791666666666665,-3.033333333333333,,-10.770833333333334,,0.0,1024.1458333333333,215.83333333333334,2.6166666666666667,7.858333333333333,0.0,2.379166666666667,,-0.5,1007.3249999999999,103.33333333333333,5.0375000000000005,7.858333333333333,0.0,2.379166666666667,,-0.5,1007.3249999999999,103.33333333333333,5.0375000000000005
2016-04-11,21.133333333333333,3.176470588235294,13.508333333333333,0.0,,1022.7125,91.66666666666667,3.8000000000000003,11.320833333333333,,9.058333333333334,,5.0,1005.7583333333333,143.75,2.983333333333333,1.1291666666666667,,0.726086956521739,10.545454545454545,30.0,1011.35,132.08333333333334,2.4166666666666665,18.345833333333335,3.5,8.691666666666666,0.0,,1015.6083333333332,122.17391304347827,2.2875,1.1291666666666667,,0.726086956521739,10.545454545454545,30.0,1011.35,132.08333333333334,2.4166666666666665,11.320833333333333,,9.058333333333334,,5.0,1005.7583333333333,143.75,2.983333333333333,11.320833333333333,,9.058333333333334,,5.0,1005.7583333333333,143.75,2.983333333333333
2016-04-12,22.066666666666666,4.0,14.225000000000001,0.0,,1019.6875,130.5,1.804166666666667,11.629166666666668,0.0,6.175,,0.0,1006.65,211.66666666666666,3.2416666666666667,3.1374999999999997,,-1.9166666666666667,9.0,2.25,1017.7333333333332,278.3333333333333,4.954166666666667,21.587500000000002,2.909090909090909,8.008333333333333,0.0,,1015.2416666666667,146.52173913043478,1.6708333333333334,3.1374999999999997,,-1.9166666666666667,9.0,2.25,1017.7333333333332,278.3333333333333,4.954166666666667,11.629166666666668,0.0,6.175,,0.0,1006.65,211.66666666666666,3.2416666666666667,11.629166666666668,0.0,6.175,,0.0,1006.65,211.66666666666666,3.2416666666666667
2016-04-13,22.8875,4.181818181818182,17.179166666666667,1.125,-1.0,1017.8086956521738,65.65217391304348,1.7583333333333335,11.375,0.0,4.8125,,0.0,1008.2708333333334,233.75,1.8375000000000001,1.75,,-6.683333333333334,,0.0,1031.2541666666666,270.0,1.8083333333333333,23.766666666666666,1.1818181818181819,6.041666666666667,0.0,,1013.9583333333334,129.52380952380952,1.9291666666666665,1.75,,-6.683333333333334,,0.0,1031.2541666666666,270.0,1.8083333333333333,11.375,0.0,4.8125,,0.0,1008.2708333333334,233.75,1.8375000000000001,11.375,0.0,4.8125,,0.0,1008.2708333333334,233.75,1.8375000000000001
2016-04-14,22.875,4.8,18.433333333333334,-0.041666666666666664,30.0,1015.5304347826087,161.7391304347826,3.033333333333333,11.958333333333334,,6.354166666666667,,1.5,1009.1041666666666,174.58333333333334,3.033333333333333,4.3375,,-4.9125000000000005,,0.0,1031.2833333333333,129.16666666666666,1.925,25.02916666666667,2.3529411764705883,3.891666666666666,0.0,,1007.0958333333333,180.83333333333334,3.779166666666667,4.3375,,-4.9125000000000005,,0.0,1031.2833333333333,129.16666666666666,1.925,11.958333333333334,,6.354166666666667,,1.5,1009.1041666666666,174.58333333333334,3.033333333333333,11.958333333333334,,6.354166666666667,,1.5,1009.1041666666666,174.58333333333334,3.033333333333333
2016-04-15,22.458333333333332,6.4,18.8125,-0.041666666666666664,0.6666666666666666,1014.5909090909091,90.41666666666667,4.320833333333334,9.829166666666667,,8.9625,,27.0,1000.6583333333333,194.16666666666666,2.1999999999999997,7.516666666666667,,-4.579166666666667,,0.0,1032.45,70.0,3.1333333333333333,23.054166666666664,0.8333333333333334,-2.566666666666667,0.0,,1002.7958333333332,247.08333333333334,7.120833333333334,7.516666666666667,,-4.579166666666667,,0.0,1032.45,70.0,3.1333333333333333,9.829166666666667,,8.9625,,27.0,1000.6583333333333,194.16666666666666,2.1999999999999997,9.829166666666667,,8.9625,,27.0,1000.6583333333333,194.16666666666666,2.1999999999999997
2016-04-16,21.962500000000002,4.666666666666667,16.379166666666666,-0.125,-0.5,1018.2208333333333,59.166666666666664,7.0,6.1375,0.0,2.7458333333333336,,2.0,1004.5666666666666,323.3333333333333,3.15,9.945833333333333,,-4.033333333333333,,0.0,1033.05,93.33333333333333,3.2291666666666665,21.208333333333332,1.5,-3.975,0.0,,1008.991304347826,248.69565217391303,3.5083333333333333,9.945833333333333,,-4.033333333333333,,0.0,1033.05,93.33333333333333,3.2291666666666665,6.1375,0.0,2.7458333333333336,,2.0,1004.5666666666666,323.3333333333333,3.15,6.1375,0.0,2.7458333333333336,,2.0,1004.5666666666666,323.3333333333333,3.15
2016-04-17,20.720833333333335,2.888888888888889,12.237499999999999,0.0,,1022.3083333333334,71.25,5.970833333333332,6.704166666666667,0.0,-0.32916666666666666,,-0.5,1015.9875000000001,293.3333333333333,2.1,12.7875,,-2.6333333333333333,,0.0,1028.8208333333334,289.1666666666667,1.6166666666666665,22.71666666666667,2.1666666666666665,-2.725,0.0,,1012.6875,79.04761904761905,3.0999999999999996,12.7875,,-2.6333333333333333,,0.0,1028.8208333333334,289.1666666666667,1.6166666666666665,6.704166666666667,0.0,-0.32916666666666666,,-0.5,1015.9875000000001,293.3333333333333,2.1,6.704166666666667,0.0,-0.32916666666666666,,-0.5,1015.9875000000001,293.3333333333333,2.1
2016-04-18,20.883333333333333,2.4210526315789473,13.25,-0.08333333333333333,-1.0,1022.8166666666666,134.58333333333334,5.7,8.491666666666667,0.0,3.0124999999999997,,0.0,1022.3347826086957,257.0833333333333,4.6625000000000005,10.041666666666666,,0.9208333333333334,7.75,0.0,1024.3458333333333,125.83333333333333,3.2083333333333335,23.675,0.5833333333333334,-4.245833333333334,0.0,,1014.7375000000001,143.63636363636363,2.6,10.041666666666666,,0.9208333333333334,7.75,0.0,1024.3458333333333,125.83333333333333,3.2083333333333335,8.491666666666667,0.0,3.0124999999999997,,0.0,1022.3347826086957,257.0833333333333,4.6625000000000005,8.491666666666667,0.0,3.0124999999999997,,0.0,1022.3347826086957,257.0833333333333,4.6625000000000005
2016-04-19,20.995833333333334,3.5238095238095237,12.870833333333335,0.0,,1021.0124999999999,177.08333333333334,3.745833333333333,11.341666666666667,0.0,3.9958333333333336,,0.0,1028.1416666666667,178.75,3.1833333333333336,8.424999999999999,,-0.7875,2.0,8.0,1022.4541666666668,322.9166666666667,4.783333333333333,25.391666666666666,2.2857142857142856,-5.020833333333333,0.0,,1012.225,133.33333333333334,3.0,8.424999999999999,,-0.7875,2.0,8.0,1022.4541666666668,322.9166666666667,4.783333333333333,11.341666666666667,0.0,3.9958333333333336,,0.0,1028.1416666666667,178.75,3.1833333333333336,11.341666666666667,0.0,3.9958333333333336,,0.0,1028.1416666666667,178.75,3.1833333333333336
2016-04-20,21.354166666666668,5.6,12.504166666666668,0.0,,1019.3666666666667,83.75,3.7541666666666664,9.637500000000001,0.0,3.641666666666667,,0.0,1029.625,70.41666666666667,4.770833333333333,8.608333333333333,,-7.066666666666666,,0.0,1025.2166666666667,240.0,2.058333333333333,26.458333333333332,2.5,-3.75,0.0,,1009.9,164.58333333333334,2.8083333333333336,8.608333333333333,,-7.066666666666666,,0.0,1025.2166666666667,240.0,2.058333333333333,9.637500000000001,0.0,3.641666666666667,,0.0,1029.625,70.41666666666667,4.770833333333333,9.637500000000001,0.0,3.641666666666667,,0.0,1029.625,70.41666666666667,4.770833333333333
2016-04-21,22.95,3.8461538461538463,14.775,0.0,,1018.2153846153846,109.58333333333333,5.041666666666667,11.033333333333333,0.0,4.370833333333333,,0.0,1023.7916666666666,62.916666666666664,4.495833333333333,12.65,,-1.8291666666666666,,0.0,1014.7416666666667,183.33333333333334,2.3000000000000003,27.849999999999998,3.4545454545454546,-4.766666666666667,0.0,,1008.1291666666666,128.2608695652174,2.533333333333333,12.65,,-1.8291666666666666,,0.0,1014.7416666666667,183.33333333333334,2.3000000000000003,11.033333333333333,0.0,4.370833333333333,,0.0,1023.7916666666666,62.916666666666664,4.495833333333333,11.033333333333333,0.0,4.370833333333333,,0.0,1023.7916666666666,62.916666666666664,4.495833333333333
2016-04-22,23.4375,6.0,16.650000000000002,0.125,,1016.3166666666666,149.58333333333334,3.2541666666666664,8.766666666666667,,5.120833333333334,,-0.5,1021.3708333333334,58.75,4.208333333333333,11.145833333333334,,8.279166666666667,8.857142857142858,15.0,1010.7875,256.6666666666667,4.241666666666666,28.53333333333333,4.428571428571429,-2.5625,0.0,,1008.1125000000001,170.8695652173913,3.329166666666667,11.145833333333334,,8.279166666666667,8.857142857142858,15.0,1010.7875,256.6666666666667,4.241666666666666,8.766666666666667,,5.120833333333334,,-0.5,1021.3708333333334,58.75,4.208333333333333,8.766666666666667,,5.120833333333334,,-0.5,1021.3708333333334,58.75,4.208333333333333
2016-04-23,24.21666666666667,3.5,16.991666666666667,-0.041666666666666664,1.0,1013.1652173913043,282.60869565217394,4.258333333333334,7.358333333333333,0.0,0.8875000000000001,,15.0,1020.6608695652175,135.41666666666666,3.345833333333333,5.3,,-5.991666666666667,,0.5,1019.1541666666667,342.0833333333333,4.5625,26.358333333333334,2.823529411764706,1.3958333333333333,0.0,,1008.5625,203.91304347826087,4.3125,5.3,,-5.991666666666667,,0.5,1019.1541666666667,342.0833333333333,4.5625,7.358333333333333,0.0,0.8875000000000001,,15.0,1020.6608695652175,135.41666666666666,3.345833333333333,7.358333333333333,0.0,0.8875000000000001,,15.0,1020.6608695652175,135.41666666666666,3.345833333333333
2016-04-24,23.583333333333332,2.8421052631578947,16.383333333333333,0.0,,1015.4,86.52173913043478,2.9,7.291666666666667,,1.3333333333333333,,1.0,1020.1041666666666,283.75,3.1125000000000003,5.720833333333334,,-9.883333333333333,,0.0,1019.8375,222.08333333333334,2.704166666666667,24.445833333333336,1.25,-5.716666666666666,0.0,,1007.5041666666666,206.8181818181818,2.9583333333333335,5.720833333333334,,-9.883333333333333,,0.0,1019.8375,222.08333333333334,2.704166666666667,7.291666666666667,,1.3333333333333333,,1.0,1020.1041666666666,283.75,3.1125000000000003,7.291666666666667,,1.3333333333333333,,1.0,1020.1041666666666,283.75,3.1125000000000003
2016-04-25,23.2625,3.6923076923076925,16.425,0.0,,1016.4333333333334,89.58333333333333,3.891666666666667,7.670833333333333,,4.066666666666666,,-0.5,1010.7458333333334,253.33333333333334,4.370833333333334,4.5874999999999995,,-11.216666666666667,,0.0,1018.475,218.75,3.220833333333333,23.55,2.4444444444444446,-5.8125,0.0,,1004.7916666666666,225.83333333333334,6.654166666666668,4.5874999999999995,,-11.216666666666667,,0.0,1018.475,218.75,3.220833333333333,7.670833333333333,,4.066666666666666,,-0.5,1010.7458333333334,253.33333333333334,4.370833333333334,7.670833333333333,,4.066666666666666,,-0.5,1010.7458333333334,253.33333333333334,4.370833333333334
2016-04-26,23.325,1.4166666666666667,14.841666666666667,0.0,,1014.6916666666666,68.18181818181819,2.325,5.7749999999999995,0.0,-0.6875,,0.5,1008.3916666666668,292.0833333333333,4.629166666666666,5.408333333333334,,-10.975,,0.0,1011.9375,161.25,4.779166666666667,19.925,2.210526315789474,-2.279166666666667,0.0,,1008.7208333333333,242.17391304347825,3.8791666666666664,5.408333333333334,,-10.975,,0.0,1011.9375,161.25,4.779166666666667,5.7749999999999995,0.0,-0.6875,,0.5,1008.3916666666668,292.0833333333333,4.629166666666666,5.7749999999999995,0.0,-0.6875,,0.5,1008.3916666666668,292.0833333333333,4.629166666666666
2016-04-27,24.0,2.090909090909091,16.270833333333332,0.0,,1013.6166666666667,140.8695652173913,2.9499999999999997,6.191666666666666,0.0,-0.5666666666666667,,-0.5,1012.2958333333332,292.0833333333333,3.0708333333333333,2.8625000000000003,,-11.637500000000001,,0.0,1014.4208333333332,301.6666666666667,4.504166666666666,22.433333333333334,2.875,-2.0375,0.0,,1006.0041666666666,160.0,3.329166666666667,2.8625000000000003,,-11.637500000000001,,0.0,1014.4208333333332,301.6666666666667,4.504166666666666,6.191666666666666,0.0,-0.5666666666666667,,-0.5,1012.2958333333332,292.0833333333333,3.0708333333333333,6.191666666666666,0.0,-0.5666666666666667,,-0.5,1012.2958333333332,292.0833333333333,3.0708333333333333
2016-04-28,24.566666666666666,4.181818181818182,18.058333333333334,0.20833333333333334,150.0,1015.15,134.0,2.3125,6.929166666666667,0.0,1.1916666666666667,,-0.5,1013.025,247.5,5.1,3.85,,-7.704166666666667,,0.0,1019.6833333333334,250.0,2.9916666666666667,21.175,2.857142857142857,-3.4416666666666664,0.0,,1003.7333333333332,243.63636363636363,3.9416666666666664,3.85,,-7.704166666666667,,0.0,1019.6833333333334,250.0,2.9916666666666667,6.929166666666667,0.0,1.1916666666666667,,-0.5,1013.025,247.5,5.1,6.929166666666667,0.0,1.1916666666666667,,-0.5,1013.025,247.5,5.1
2016-04-29,25.65833333333333,2.5555555555555554,19.3875,-0.041666666666666664,8.0,1014.9250000000001,76.19047619047619,1.741666666666667,7.7250000000000005,0.0,1.8125,,7.0,1010.9041666666667,264.1666666666667,5.883333333333333,6.604166666666667,,-7.583333333333333,,0.0,1020.9166666666666,112.91666666666667,3.1750000000000003,22.025000000000002,3.5714285714285716,2.8375,0.0,,1008.0583333333334,234.76190476190476,3.8625000000000003,6.604166666666667,,-7.583333333333333,,0.0,1020.9166666666666,112.91666666666667,3.1750000000000003,7.7250000000000005,0.0,1.8125,,7.0,1010.9041666666667,264.1666666666667,5.883333333333333,7.7250000000000005,0.0,1.8125,,7.0,1010.9041666666667,264.1666666666667,5.883333333333333
2016-04-30,25.7375,4.75,19.15833333333333,0.0,-1.0,1014.9083333333333,127.08333333333333,3.8333333333333335,7.75,0.0,0.6,,0.0,1021.6083333333332,271.6666666666667,2.6416666666666666,9.191666666666666,,-5.683333333333334,,0.0,1023.1,122.5,1.8416666666666668,21.175,3.4,3.404166666666667,-0.041666666666666664,-1.0,1003.7833333333333,186.25,5.020833333333333,9.191666666666666,,-5.683333333333334,,0.0,1023.1,122.5,1.8416666666666668,7.75,0.0,0.6,,0.0,1021.6083333333332,271.6666666666667,2.6416666666666666,7.75,0.0,0.6,,0.0,1021.6083333333332,271.6666666666667,2.6416666666666666
2016-05-01,25.370833333333334,3.3846153846153846,18.97083333333333,0.0,,1016.65,114.78260869565217,3.625,9.85,0.0,3.533333333333333,,0.0,1027.4875,220.83333333333334,4.0249999999999995,7.704166666666667,,-0.27916666666666673,4.375,8.0,1020.0333333333333,62.083333333333336,3.829166666666666,20.583333333333332,2.6666666666666665,6.308333333333334,-0.125,0.0,1008.9499999999999,105.45454545454545,2.529166666666667,7.704166666666667,,-0.27916666666666673,4.375,8.0,1020.0333333333333,62.083333333333336,3.829166666666666,9.85,0.0,3.533333333333333,,0.0,1027.4875,220.83333333333334,4.0249999999999995,9.85,0.0,3.533333333333333,,0.0,1027.4875,220.83333333333334,4.0249999999999995
2016-05-02,25.837500000000002,3.411764705882353,20.033333333333335,5.916666666666667,,1016.1363636363636,123.47826086956522,3.4416666666666664,12.1,0.0,9.295833333333333,,-1.0,1020.5869565217391,218.33333333333334,6.008333333333333,8.054166666666667,,5.608333333333333,,0.5,1015.5958333333333,80.83333333333333,2.6374999999999997,24.2375,1.5,3.7083333333333335,0.0,,1012.2166666666667,136.36363636363637,2.279166666666667,8.054166666666667,,5.608333333333333,,0.5,1015.5958333333333,80.83333333333333,2.6374999999999997,12.1,0.0,9.295833333333333,,-1.0,1020.5869565217391,218.33333333333334,6.008333333333333,12.1,0.0,9.295833333333333,,-1.0,1020.5869565217391,218.33333333333334,6.008333333333333
2016-05-03,26.008333333333336,4.8,20.333333333333332,2.0833333333333335,235.0,1013.2791666666667,216.66666666666666,3.625,10.545833333333333,0.0,3.091666666666667,,0.0,1025.5874999999999,269.5833333333333,3.670833333333333,9.125,,3.5,,0.0,1012.0625,134.58333333333334,2.1125000000000003,26.849999999999998,0.9166666666666666,2.3666666666666667,0.0,,1010.3291666666668,153.63636363636363,1.7791666666666668,9.125,,3.5,,0.0,1012.0625,134.58333333333334,2.1125000000000003,10.545833333333333,0.0,3.091666666666667,,0.0,1025.5874999999999,269.5833333333333,3.670833333333333,10.545833333333333,0.0,3.091666666666667,,0.0,1025.5874999999999,269.5833333333333,3.670833333333333
2016-05-04,21.225,4.571428571428571,19.395833333333332,8.083333333333334,56.666666666666664,1008.2583333333333,209.58333333333334,3.858333333333333,11.933333333333332,0.0,3.025,,0.0,1026.2782608695652,181.25,3.079166666666666,9.858333333333333,,4.833333333333333,,0.0,1009.1166666666667,66.25,4.4125,30.474999999999998,0.5833333333333334,-1.0666666666666667,0.0,,1007.9375,136.95652173913044,3.9125,9.858333333333333,,4.833333333333333,,0.0,1009.1166666666667,66.25,4.4125,11.933333333333332,0.0,3.025,,0.0,1026.2782608695652,181.25,3.079166666666666,11.933333333333332,0.0,3.025,,0.0,1026.2782608695652,181.25,3.079166666666666
2016-05-05,21.53333333333333,1.0,10.612499999999999,0.0,30.0,1007.7208333333333,282.9166666666667,5.8500000000000005,13.954166666666666,0.0,2.4833333333333334,,0.0,1019.8833333333333,105.83333333333333,3.2416666666666667,13.504166666666668,,3.9166666666666665,,0.0,1009.8000000000001,77.91666666666667,3.8874999999999997,29.02916666666667,2.4444444444444446,-3.0749999999999997,0.0,,1005.9333333333334,158.33333333333334,5.320833333333334,13.504166666666668,,3.9166666666666665,,0.0,1009.8000000000001,77.91666666666667,3.8874999999999997,13.954166666666666,0.0,2.4833333333333334,,0.0,1019.8833333333333,105.83333333333333,3.2416666666666667,13.954166666666666,0.0,2.4833333333333334,,0.0,1019.8833333333333,105.83333333333333,3.2416666666666667
2016-05-06,19.741666666666667,1.7391304347826086,6.366666666666667,0.0,,1011.6,271.25,4.216666666666667,16.14166666666667,0.0,6.941666666666666,,0.0,1010.7291666666666,96.66666666666667,2.7083333333333335,14.270833333333334,,1.5,,0.0,1010.3833333333333,134.16666666666666,2.625,21.775000000000002,3.2941176470588234,5.566666666666666,0.0,,1007.7739130434783,233.75,5.170833333333333,14.270833333333334,,1.5,,0.0,1010.3833333333333,134.16666666666666,2.625,16.14166666666667,0.0,6.941666666666666,,0.0,1010.7291666666666,96.66666666666667,2.7083333333333335,16.14166666666667,0.0,6.941666666666666,,0.0,1010.7291666666666,96.66666666666667,2.7083333333333335
2016-05-07,20.458333333333332,0.5833333333333334,8.720833333333333,0.0,,1015.0500000000001,184.7826086956522,2.529166666666667,17.925,,10.329166666666667,,0.0,1006.6750000000001,107.5,3.516666666666667,15.8125,,6.2124999999999995,,0.0,1004.7083333333334,191.66666666666666,4.095833333333333,20.295833333333334,3.5384615384615383,5.954166666666667,0.0,,1010.5083333333333,160.0,2.9583333333333335,15.8125,,6.2124999999999995,,0.0,1004.7083333333334,191.66666666666666,4.095833333333333,17.925,,10.329166666666667,,0.0,1006.6750000000001,107.5,3.516666666666667,17.925,,10.329166666666667,,0.0,1006.6750000000001,107.5,3.516666666666667
2016-05-08,22.054166666666664,0.3333333333333333,11.65,0.0,,1017.9291666666667,169.56521739130434,2.1083333333333334,20.495833333333334,0.0,8.970833333333333,,0.0,1006.9818181818181,88.33333333333333,4.3375,5.826086956521739,,0.45652173913043476,17.0,25.0,1006.0608695652174,316.95652173913044,6.247826086956521,21.71666666666667,3.4,6.420833333333333,0.5,10.0,1008.5217391304348,221.9047619047619,2.9375,5.826086956521739,,0.45652173913043476,17.0,25.0,1006.0608695652174,316.95652173913044,6.247826086956521,20.495833333333334,0.0,8.970833333333333,,0.0,1006.9818181818181,88.33333333333333,4.3375,20.495833333333334,0.0,8.970833333333333,,0.0,1006.9818181818181,88.33333333333333,4.3375
2016-05-09,23.0125,1.4166666666666667,14.208333333333334,0.0,,1019.9041666666667,131.9047619047619,2.7875,18.841666666666665,0.0,11.637500000000001,,-0.5,1008.0416666666666,75.0,4.004166666666666,6.7625,,-4.3125,,0.0,1016.3249999999999,286.25,5.0,23.675,1.0833333333333333,4.083333333333333,0.0,,1009.4666666666667,156.5,2.2333333333333334,6.7625,,-4.3125,,0.0,1016.3249999999999,286.25,5.0,18.841666666666665,0.0,11.637500000000001,,-0.5,1008.0416666666666,75.0,4.004166666666666,18.841666666666665,0.0,11.637500000000001,,-0.5,1008.0416666666666,75.0,4.004166666666666
2016-05-10,24.579166666666666,4.0,15.654166666666667,0.0,,1020.525,146.95652173913044,3.220833333333333,16.05,,15.658333333333333,,25.0,1006.0958333333333,69.58333333333333,2.9,11.237499999999999,,-1.1541666666666666,,0.0,1022.3708333333334,257.9166666666667,2.9875000000000003,26.537499999999998,0.3333333333333333,3.5041666666666664,0.0,,1009.9125,207.14285714285714,2.9,11.237499999999999,,-1.1541666666666666,,0.0,1022.3708333333334,257.9166666666667,2.9875000000000003,16.05,,15.658333333333333,,25.0,1006.0958333333333,69.58333333333333,2.9,16.05,,15.658333333333333,,25.0,1006.0958333333333,69.58333333333333,2.9
2016-05-11,25.05,3.5714285714285716,17.724999999999998,0.0,,1020.6583333333333,91.30434782608695,2.3666666666666667,16.195833333333333,,15.541666666666666,,4.0,1003.2583333333333,68.33333333333333,2.6166666666666667,14.421739130434782,,0.15652173913043485,,0.0,1022.2695652173913,220.0,1.3347826086956522,28.233333333333334,2.823529411764706,3.0083333333333333,0.0,,1011.475,210.45454545454547,2.5833333333333335,14.421739130434782,,0.15652173913043485,,0.0,1022.2695652173913,220.0,1.3347826086956522,16.195833333333333,,15.541666666666666,,4.0,1003.2583333333333,68.33333333333333,2.6166666666666667,16.195833333333333,,15.541666666666666,,4.0,1003.2583333333333,68.33333333333333,2.6166666666666667
2016-05-12,24.625,4.857142857142857,18.325,0.0,,1019.4833333333332,69.16666666666667,1.3041666666666667,17.395833333333332,0.0,12.0375,,-0.5,1002.4,85.83333333333333,4.116666666666666,18.991666666666667,,3.0,,0.0,1016.0416666666666,118.33333333333333,2.6416666666666666,30.537499999999998,1.7647058823529411,-0.2041666666666667,0.0,,1011.5583333333334,136.52173913043478,2.2041666666666666,18.991666666666667,,3.0,,0.0,1016.0416666666666,118.33333333333333,2.6416666666666666,17.395833333333332,0.0,12.0375,,-0.5,1002.4,85.83333333333333,4.116666666666666,17.395833333333332,0.0,12.0375,,-0.5,1002.4,85.83333333333333,4.116666666666666
2016-05-13,26.275000000000002,3.272727272727273,17.454166666666666,0.0,,1016.4958333333334,220.9090909090909,2.766666666666667,12.645833333333334,,8.716666666666667,,0.0,1010.5166666666668,24.166666666666668,5.166666666666667,18.904166666666665,,9.979166666666666,14.0,15.0,1004.3125,203.33333333333334,4.758333333333334,31.625,1.5833333333333333,-0.29583333333333334,0.0,,1010.3375,173.47826086956522,2.3916666666666666,18.904166666666665,,9.979166666666666,14.0,15.0,1004.3125,203.33333333333334,4.758333333333334,12.645833333333334,,8.716666666666667,,0.0,1010.5166666666668,24.166666666666668,5.166666666666667,12.645833333333334,,8.716666666666667,,0.0,1010.5166666666668,24.166666666666668,5.166666666666667
2016-05-14,26.320833333333336,2.1818181818181817,17.554166666666667,0.0,,1014.8166666666666,239.0909090909091,3.0208333333333335,10.445833333333333,0.0,1.7458333333333333,,0.0,1020.0625,134.58333333333334,3.154166666666667,12.7875,,7.016666666666667,9.0,2.25,1001.9416666666666,211.25,4.5,32.03333333333333,2.0,4.2875000000000005,0.0,,1006.8458333333333,215.9090909090909,3.9499999999999997,12.7875,,7.016666666666667,9.0,2.25,1001.9416666666666,211.25,4.5,10.445833333333333,0.0,1.7458333333333333,,0.0,1020.0625,134.58333333333334,3.154166666666667,10.445833333333333,0.0,1.7458333333333333,,0.0,1020.0625,134.58333333333334,3.154166666666667
2016-05-15,24.129166666666666,3.2857142857142856,15.245833333333332,0.0,,1016.975,120.45454545454545,2.3291666666666666,11.887500000000001,0.0,3.920833333333333,,0.0,1022.1625,217.08333333333334,2.475,6.0874999999999995,,-0.7583333333333333,2.0,0.5,1004.9791666666666,287.0833333333333,7.116666666666667,29.28333333333333,1.9,2.845833333333333,0.0,,1004.2041666666668,216.1904761904762,3.9499999999999997,6.0874999999999995,,-0.7583333333333333,2.0,0.5,1004.9791666666666,287.0833333333333,7.116666666666667,11.887500000000001,0.0,3.920833333333333,,0.0,1022.1625,217.08333333333334,2.475,11.887500000000001,0.0,3.920833333333333,,0.0,1022.1625,217.08333333333334,2.475
2016-05-16,25.441666666666666,4.75,19.720833333333335,0.625,5.0,1018.6666666666666,71.66666666666667,3.3041666666666667,13.629166666666668,0.0,6.925,,0.0,1020.7782608695653,178.33333333333334,2.591666666666667,6.939130434782609,,-3.7913043478260873,,0.0,1013.3739130434782,277.39130434782606,5.813043478260869,27.416666666666668,1.1666666666666667,3.6333333333333333,0.0,,1005.4375,197.72727272727272,3.6875,6.939130434782609,,-3.7913043478260873,,0.0,1013.3739130434782,277.39130434782606,5.813043478260869,13.629166666666668,0.0,6.925,,0.0,1020.7782608695653,178.33333333333334,2.591666666666667,13.629166666666668,0.0,6.925,,0.0,1020.7782608695653,178.33333333333334,2.591666666666667
2016-05-17,24.724999999999998,7.0,21.5625,16.25,38.333333333333336,1017.4227272727272,135.83333333333334,4.2875,13.208333333333334,0.0,8.475,,0.0,1016.1958333333333,252.08333333333334,3.858333333333333,8.762500000000001,,1.1624999999999999,,0.0,1020.4291666666667,306.25,3.966666666666667,26.695833333333336,2.5,2.9916666666666667,-0.041666666666666664,0.0,1006.6750000000001,217.27272727272728,4.7250000000000005,8.762500000000001,,1.1624999999999999,,0.0,1020.4291666666667,306.25,3.966666666666667,13.208333333333334,0.0,8.475,,0.0,1016.1958333333333,252.08333333333334,3.858333333333333,13.208333333333334,0.0,8.475,,0.0,1016.1958333333333,252.08333333333334,3.858333333333333
2016-05-18,25.912499999999998,6.5,20.6625,0.20833333333333334,380.0,1014.9043478260869,218.2608695652174,3.5999999999999996,12.191666666666668,,10.254166666666666,,19.5,1004.975,224.58333333333334,4.420833333333333,11.5375,,2.4583333333333335,,0.0,1021.7708333333334,271.25,2.375,25.583333333333332,5.2,7.708333333333333,-0.041666666666666664,0.0,1009.3000000000001,185.5,3.2541666666666664,11.5375,,2.4583333333333335,,0.0,1021.7708333333334,271.25,2.375,12.191666666666668,,10.254166666666666,,19.5,1004.975,224.58333333333334,4.420833333333333,12.191666666666668,,10.254166666666666,,19.5,1004.975,224.58333333333334,4.420833333333333
2016-05-19,25.162499999999998,6.0,21.304166666666667,0.7916666666666666,10.0,1015.5869565217391,152.5,2.858333333333333,13.600000000000001,,9.733333333333333,,15.0,1011.4333333333334,259.5833333333333,4.425,14.770833333333334,,5.170833333333333,,0.0,1019.3000000000001,263.75,1.7958333333333334,27.733333333333334,1.5833333333333333,6.6875,0.0,,1007.4083333333333,116.0,2.6333333333333333,14.770833333333334,,5.170833333333333,,0.0,1019.3000000000001,263.75,1.7958333333333334,13.600000000000001,,9.733333333333333,,15.0,1011.4333333333334,259.5833333333333,4.425,13.600000000000001,,9.733333333333333,,15.0,1011.4333333333334,259.5833333333333,4.425
2016-05-20,25.333333333333332,4.666666666666667,20.587500000000002,-0.125,5.0,1017.2624999999999,140.41666666666666,2.275,15.379166666666668,,10.583333333333334,,-0.5,1014.2208333333333,227.08333333333334,5.745833333333334,16.916666666666668,,4.808333333333334,,0.0,1021.0,250.41666666666666,2.2708333333333335,30.0625,1.2173913043478262,3.3874999999999997,0.0,,1004.6374999999999,192.08333333333334,5.466666666666666,16.916666666666668,,4.808333333333334,,0.0,1021.0,250.41666666666666,2.2708333333333335,15.379166666666668,,10.583333333333334,,-0.5,1014.2208333333333,227.08333333333334,5.745833333333334,15.379166666666668,,10.583333333333334,,-0.5,1014.2208333333333,227.08333333333334,5.745833333333334
2016-05-21,26.462500000000002,3.3333333333333335,19.962500000000002,0.16666666666666666,2.0,1015.5791666666668,217.91666666666666,3.1958333333333333,14.816666666666668,,12.579166666666666,,-1.0,1008.7958333333332,199.58333333333334,5.954166666666667,17.945833333333333,,4.991666666666666,2.0,0.5,1014.8916666666668,232.5,2.1666666666666665,27.96666666666667,2.090909090909091,0.9791666666666666,0.0,,1008.0208333333334,196.8181818181818,4.841666666666667,17.945833333333333,,4.991666666666666,2.0,0.5,1014.8916666666668,232.5,2.1666666666666665,14.816666666666668,,12.579166666666666,,-1.0,1008.7958333333332,199.58333333333334,5.954166666666667,14.816666666666668,,12.579166666666666,,-1.0,1008.7958333333332,199.58333333333334,5.954166666666667
2016-05-22,26.320833333333336,2.923076923076923,17.804166666666667,0.0,,1012.5124999999999,276.6666666666667,4.745833333333334,14.341666666666667,,9.570833333333333,,-0.5,1007.8583333333332,282.5,2.6458333333333335,18.970833333333335,,6.995833333333334,,0.0,1011.7958333333332,300.4166666666667,3.4875000000000003,26.05,0.08333333333333333,0.3666666666666667,0.0,,1009.1333333333333,196.1904761904762,3.408333333333333,18.970833333333335,,6.995833333333334,,0.0,1011.7958333333332,300.4166666666667,3.4875000000000003,14.341666666666667,,9.570833333333333,,-0.5,1007.8583333333332,282.5,2.6458333333333335,14.341666666666667,,9.570833333333333,,-0.5,1007.8583333333332,282.5,2.6458333333333335
2016-05-23,25.354166666666668,3.6,16.025000000000002,0.0,,1013.8791666666666,129.0909090909091,2.2083333333333335,14.166666666666666,0.0,7.8999999999999995,,-0.5,1017.7125,242.91666666666666,3.3083333333333336,19.145833333333332,,4.604166666666667,,0.0,1013.6,267.9166666666667,1.5208333333333333,26.2,0.0,-3.75,0.0,,1006.7416666666667,211.36363636363637,3.0875,19.145833333333332,,4.604166666666667,,0.0,1013.6,267.9166666666667,1.5208333333333333,14.166666666666666,0.0,7.8999999999999995,,-0.5,1017.7125,242.91666666666666,3.3083333333333336,14.166666666666666,0.0,7.8999999999999995,,-0.5,1017.7125,242.91666666666666,3.3083333333333336
2016-05-24,25.125,3.0476190476190474,16.933333333333334,0.0,,1018.8583333333332,88.33333333333333,4.291666666666667,12.6,0.0,6.054166666666667,,-0.5,1021.3249999999999,47.083333333333336,3.6999999999999997,20.333333333333332,,4.541666666666667,,0.0,1011.6666666666666,255.83333333333334,2.0375,25.954166666666666,0.08333333333333333,-1.3875,0.0,,1008.8041666666667,180.5,3.4625,20.333333333333332,,4.541666666666667,,0.0,1011.6666666666666,255.83333333333334,2.0375,12.6,0.0,6.054166666666667,,-0.5,1021.3249999999999,47.083333333333336,3.6999999999999997,12.6,0.0,6.054166666666667,,-0.5,1021.3249999999999,47.083333333333336,3.6999999999999997
2016-05-25,25.329166666666666,2.0,15.045833333333334,0.0,,1022.0916666666667,86.66666666666667,3.6666666666666665,10.704166666666666,,6.716666666666666,,-0.5,1017.8375,147.91666666666666,2.6916666666666664,20.395833333333332,,9.4625,,0.0,1014.2125,242.5,3.654166666666667,25.816666666666666,0.6666666666666666,-2.1708333333333334,0.0,,1010.2375000000001,190.45454545454547,3.875,20.395833333333332,,9.4625,,0.0,1014.2125,242.5,3.654166666666667,10.704166666666666,,6.716666666666666,,-0.5,1017.8375,147.91666666666666,2.6916666666666664,10.704166666666666,,6.716666666666666,,-0.5,1017.8375,147.91666666666666,2.6916666666666664
2016-05-26,24.854166666666668,2.210526315789474,15.4,0.0,,1019.9333333333334,69.58333333333333,3.9916666666666667,14.5625,0.0,8.266666666666667,,-0.5,1016.0541666666667,134.16666666666666,2.1333333333333333,18.966666666666665,,9.458333333333334,,0.0,1017.1291666666666,108.33333333333333,2.9749999999999996,24.416666666666668,1.0,0.15000000000000002,0.0,,1009.9916666666667,197.14285714285714,3.0208333333333335,18.966666666666665,,9.458333333333334,,0.0,1017.1291666666666,108.33333333333333,2.9749999999999996,14.5625,0.0,8.266666666666667,,-0.5,1016.0541666666667,134.16666666666666,2.1333333333333333,14.5625,0.0,8.266666666666667,,-0.5,1016.0541666666667,134.16666666666666,2.1333333333333333
2016-05-27,25.625,3.0,18.183333333333334,-0.20833333333333334,-0.6666666666666666,1016.5208333333334,61.666666666666664,4.033333333333333,15.875,0.0,9.65,,0.0,1016.7217391304347,64.16666666666667,3.4499999999999997,22.870833333333334,,14.25,2.0,0.5,1012.7375000000001,164.16666666666666,2.245833333333333,26.829166666666666,0.6666666666666666,0.11250000000000003,0.0,,1007.3833333333333,107.61904761904762,2.025,22.870833333333334,,14.25,2.0,0.5,1012.7375000000001,164.16666666666666,2.245833333333333,15.875,0.0,9.65,,0.0,1016.7217391304347,64.16666666666667,3.4499999999999997,15.875,0.0,9.65,,0.0,1016.7217391304347,64.16666666666667,3.4499999999999997
2016-05-28,26.445833333333336,2.8181818181818183,19.258333333333333,0.0,,1016.1625,174.34782608695653,3.1374999999999997,15.470833333333333,0.0,10.245833333333334,,-1.0,1015.1869565217391,49.583333333333336,3.391666666666667,23.962500000000002,,15.708333333333334,48.0,12.5,1016.6625,166.25,2.1125000000000003,29.141666666666666,1.3333333333333333,-0.4166666666666667,0.0,,1006.3416666666667,140.0,3.095833333333333,23.962500000000002,,15.708333333333334,48.0,12.5,1016.6625,166.25,2.1125000000000003,15.470833333333333,0.0,10.245833333333334,,-1.0,1015.1869565217391,49.583333333333336,3.391666666666667,15.470833333333333,0.0,10.245833333333334,,-1.0,1015.1869565217391,49.583333333333336,3.391666666666667
2016-05-29,26.191666666666666,3.466666666666667,19.916666666666668,3.5833333333333335,-1.0,1017.275,64.73684210526316,1.95,13.8125,0.0,9.9125,,0.0,1013.6291666666666,87.91666666666667,3.891666666666666,24.03478260869565,,15.682608695652174,,0.0,1014.6608695652175,127.82608695652173,4.1521739130434785,29.854166666666668,0.0,-2.0833333333333335,0.0,,1009.1333333333333,204.54545454545453,3.9826086956521736,24.03478260869565,,15.682608695652174,,0.0,1014.6608695652175,127.82608695652173,4.1521739130434785,13.8125,0.0,9.9125,,0.0,1013.6291666666666,87.91666666666667,3.891666666666666,13.8125,0.0,9.9125,,0.0,1013.6291666666666,87.91666666666667,3.891666666666666
2016-05-30,25.958333333333332,3.5714285714285716,20.004166666666666,0.041666666666666664,45.0,1015.2791666666667,204.16666666666666,2.766666666666667,14.3375,,10.4125,,0.0,1015.8208333333333,256.25,4.7875,23.833333333333332,,13.520833333333334,,0.0,1008.8874999999999,237.5,4.770833333333333,28.491666666666664,1.3333333333333333,-6.2,0.0,,1008.3041666666667,181.0,2.1875,23.833333333333332,,13.520833333333334,,0.0,1008.8874999999999,237.5,4.770833333333333,14.3375,,10.4125,,0.0,1015.8208333333333,256.25,4.7875,14.3375,,10.4125,,0.0,1015.8208333333333,256.25,4.7875
2016-05-31,26.09583333333333,3.3333333333333335,20.1,11.458333333333334,8.0,1013.8708333333334,185.0,2.2125,12.220833333333333,,10.270833333333334,,60.0,1016.5333333333333,352.5,5.2375,17.445833333333333,,8.7875,2.0,0.0,1013.375,287.0833333333333,5.233333333333333,29.724999999999998,1.7777777777777777,-3.283333333333333,0.0,,1005.1374999999999,153.04347826086956,2.75,17.445833333333333,,8.7875,2.0,0.0,1013.375,287.0833333333333,5.233333333333333,12.220833333333333,,10.270833333333334,,60.0,1016.5333333333333,352.5,5.2375,12.220833333333333,,10.270833333333334,,60.0,1016.5333333333333,352.5,5.2375
2016-06-01,26.599999999999998,3.3333333333333335,21.045833333333334,1.1666666666666667,150.0,1015.5458333333332,71.9047619047619,1.3916666666666666,12.754166666666668,,11.629166666666668,,-0.5,1021.3541666666666,83.75,4.845833333333333,17.578260869565216,,8.778260869565218,,0.5,1019.5521739130435,131.7391304347826,3.1260869565217395,32.362500000000004,2.25,0.725,0.0,,1006.2375000000001,231.36363636363637,3.775,17.578260869565216,,8.778260869565218,,0.5,1019.5521739130435,131.7391304347826,3.1260869565217395,12.754166666666668,,11.629166666666668,,-0.5,1021.3541666666666,83.75,4.845833333333333,12.754166666666668,,11.629166666666668,,-0.5,1021.3541666666666,83.75,4.845833333333333
2016-06-02,27.620833333333334,3.6666666666666665,21.34583333333333,0.0,3.0,1017.1125000000001,128.0952380952381,2.8000000000000003,11.25,,8.870833333333334,,0.0,1020.8083333333334,19.166666666666668,5.45,19.029166666666665,,14.495833333333332,8.0,5.0,1013.3791666666666,151.25,4.341666666666667,33.9625,1.9166666666666667,0.008333333333333378,0.0,,1008.3541666666666,186.66666666666666,3.108333333333333,19.029166666666665,,14.495833333333332,8.0,5.0,1013.3791666666666,151.25,4.341666666666667,11.25,,8.870833333333334,,0.0,1020.8083333333334,19.166666666666668,5.45,11.25,,8.870833333333334,,0.0,1020.8083333333334,19.166666666666668,5.45
2016-06-03,28.104166666666668,3.8333333333333335,21.7375,0.0,,1017.15,92.6086956521739,2.725,11.320833333333333,,8.729166666666666,,0.0,1017.725,90.0,3.0708333333333333,20.333333333333332,,10.612499999999999,,0.0,1014.2416666666667,283.75,3.533333333333333,36.0625,1.4166666666666667,-0.8249999999999998,0.0,,1008.2375000000001,162.85714285714286,3.1750000000000003,20.333333333333332,,10.612499999999999,,0.0,1014.2416666666667,283.75,3.533333333333333,11.320833333333333,,8.729166666666666,,0.0,1017.725,90.0,3.0708333333333333,11.320833333333333,,8.729166666666666,,0.0,1017.725,90.0,3.0708333333333333
2016-06-04,28.474999999999998,3.3333333333333335,21.854166666666668,0.0,,1015.7166666666667,126.81818181818181,3.4958333333333336,15.625,,13.941666666666668,,0.0,1017.4458333333333,214.16666666666666,2.066666666666667,20.520833333333332,,10.154166666666667,,0.0,1014.6999999999999,220.0,2.091666666666667,37.625,1.1666666666666667,-2.3416666666666663,0.0,,1005.8958333333334,213.1818181818182,3.3125,20.520833333333332,,10.154166666666667,,0.0,1014.6999999999999,220.0,2.091666666666667,15.625,,13.941666666666668,,0.0,1017.4458333333333,214.16666666666666,2.066666666666667,15.625,,13.941666666666668,,0.0,1017.4458333333333,214.16666666666666,2.066666666666667
2016-06-05,26.795833333333334,2.8333333333333335,22.416666666666668,12.416666666666666,300.0,1013.35,131.30434782608697,3.095833333333333,17.291666666666668,0.0,13.445833333333333,,0.0,1020.5833333333334,75.83333333333333,3.1166666666666667,17.379166666666666,,14.195833333333333,49.57142857142857,87.25,1001.6208333333334,115.0,3.9375,37.5875,1.1666666666666667,-2.5,0.0,,1003.4541666666668,186.25,2.6625,17.379166666666666,,14.195833333333333,49.57142857142857,87.25,1001.6208333333334,115.0,3.9375,17.291666666666668,0.0,13.445833333333333,,0.0,1020.5833333333334,75.83333333333333,3.1166666666666667,17.291666666666668,0.0,13.445833333333333,,0.0,1020.5833333333334,75.83333333333333,3.1166666666666667
2016-06-06,25.895833333333332,8.0,23.287499999999998,7.0,42.666666666666664,1010.6636363636363,150.0,5.041666666666667,18.216666666666665,0.0,8.670833333333333,,0.0,1021.6217391304348,77.91666666666667,3.5500000000000003,19.116666666666667,,12.120833333333332,,0.0,996.9208333333332,222.91666666666666,6.104166666666667,36.31666666666667,1.894736842105263,-1.125,0.0,,1001.6999999999999,184.73684210526315,3.1625,19.116666666666667,,12.120833333333332,,0.0,996.9208333333332,222.91666666666666,6.104166666666667,18.216666666666665,0.0,8.670833333333333,,0.0,1021.6217391304348,77.91666666666667,3.5500000000000003,18.216666666666665,0.0,8.670833333333333,,0.0,1021.6217391304348,77.91666666666667,3.5500000000000003
2016-06-07,26.8125,7.5,23.679166666666664,14.5,62.25,1008.5304347826087,203.04347826086956,5.6625000000000005,18.825,0.0,13.583333333333334,,0.0,1022.6750000000001,142.08333333333334,1.6916666666666667,15.987499999999999,,10.820833333333333,11.5,5.0,997.2458333333334,251.66666666666666,3.8416666666666663,34.1875,1.75,-1.4791666666666667,0.0,,1004.5791666666668,180.41666666666666,3.475,15.987499999999999,,10.820833333333333,11.5,5.0,997.2458333333334,251.66666666666666,3.8416666666666663,18.825,0.0,13.583333333333334,,0.0,1022.6750000000001,142.08333333333334,1.6916666666666667,18.825,0.0,13.583333333333334,,0.0,1022.6750000000001,142.08333333333334,1.6916666666666667
2016-06-08,27.416666666666668,5.0,23.229166666666668,0.08333333333333333,71.0,1011.4250000000001,113.75,2.716666666666667,18.966666666666665,0.0,16.054166666666667,,34.5,1023.7083333333334,177.91666666666666,1.9875,10.954166666666666,,5.304166666666666,,0.0,1002.7416666666667,296.25,5.7124999999999995,34.88333333333333,1.7142857142857142,8.8375,0.0,,1005.525,190.0,3.15,10.954166666666666,,5.304166666666666,,0.0,1002.7416666666667,296.25,5.7124999999999995,18.966666666666665,0.0,16.054166666666667,,34.5,1023.7083333333334,177.91666666666666,1.9875,18.966666666666665,0.0,16.054166666666667,,34.5,1023.7083333333334,177.91666666666666,1.9875
2016-06-09,25.420833333333334,5.333333333333333,22.8125,1.0416666666666667,15.0,1014.9458333333333,134.16666666666666,2.154166666666667,17.224999999999998,0.0,12.283333333333333,,1.0,1021.4041666666667,72.08333333333333,2.4583333333333335,12.225,,2.029166666666667,,0.0,1009.1416666666668,307.5,6.408333333333334,34.041666666666664,1.391304347826087,10.945833333333333,0.0,,1007.6333333333333,236.1904761904762,4.283333333333333,12.225,,2.029166666666667,,0.0,1009.1416666666668,307.5,6.408333333333334,17.224999999999998,0.0,12.283333333333333,,1.0,1021.4041666666667,72.08333333333333,2.4583333333333335,17.224999999999998,0.0,12.283333333333333,,1.0,1021.4041666666667,72.08333333333333,2.4583333333333335
2016-06-10,27.133333333333336,5.333333333333333,22.816666666666666,0.0,,1017.2208333333333,130.43478260869566,2.4458333333333333,18.1875,,11.704166666666666,,0.0,1013.5749999999999,144.58333333333334,2.1166666666666667,13.358333333333334,,5.879166666666666,,0.0,1015.5541666666667,287.9166666666667,3.25,32.4125,2.6666666666666665,13.116666666666667,-0.041666666666666664,-1.0,1009.3958333333334,260.4347826086956,4.575,13.358333333333334,,5.879166666666666,,0.0,1015.5541666666667,287.9166666666667,3.25,18.1875,,11.704166666666666,,0.0,1013.5749999999999,144.58333333333334,2.1166666666666667,18.1875,,11.704166666666666,,0.0,1013.5749999999999,144.58333333333334,2.1166666666666667
2016-06-11,27.058333333333334,3.8461538461538463,21.704166666666666,-0.08333333333333333,-1.0,1019.875,91.66666666666667,3.033333333333333,18.991666666666667,,14.191666666666668,,-1.0,1010.6333333333333,258.75,2.370833333333333,12.233333333333334,,9.76086956521739,14.0,13.25,1007.6999999999999,144.58333333333334,1.6583333333333332,32.199999999999996,2.7058823529411766,14.429166666666667,0.0,-1.0,1008.7916666666666,170.0,4.308333333333334,12.233333333333334,,9.76086956521739,14.0,13.25,1007.6999999999999,144.58333333333334,1.6583333333333332,18.991666666666667,,14.191666666666668,,-1.0,1010.6333333333333,258.75,2.370833333333333,18.991666666666667,,14.191666666666668,,-1.0,1010.6333333333333,258.75,2.370833333333333
2016-06-12,26.962500000000002,3.3333333333333335,22.058333333333334,0.08333333333333333,1.0,1018.8458333333333,57.916666666666664,0.9208333333333334,16.7625,,14.891666666666666,,14.5,1006.9458333333333,219.16666666666666,3.6208333333333336,11.891666666666666,,6.108333333333333,2.0,0.5,1007.2333333333332,311.6666666666667,6.175,32.641666666666666,1.25,4.491666666666666,0.0,,1010.8708333333334,165.9090909090909,3.045833333333333,11.891666666666666,,6.108333333333333,2.0,0.5,1007.2333333333332,311.6666666666667,6.175,16.7625,,14.891666666666666,,14.5,1006.9458333333333,219.16666666666666,3.6208333333333336,16.7625,,14.891666666666666,,14.5,1006.9458333333333,219.16666666666666,3.6208333333333336
2016-06-13,29.00833333333333,3.8666666666666667,22.433333333333334,0.0,-1.0,1014.75,205.65217391304347,2.4916666666666667,16.3875,,14.008333333333333,,15.0,1002.1217391304348,264.5833333333333,4.358333333333333,14.141666666666666,,5.404166666666666,,0.0,1011.8208333333333,313.3333333333333,5.308333333333333,31.97083333333333,1.9047619047619047,-2.3874999999999997,0.0,,1010.5500000000001,188.1818181818182,3.1750000000000003,14.141666666666666,,5.404166666666666,,0.0,1011.8208333333333,313.3333333333333,5.308333333333333,16.3875,,14.008333333333333,,15.0,1002.1217391304348,264.5833333333333,4.358333333333333,16.3875,,14.008333333333333,,15.0,1002.1217391304348,264.5833333333333,4.358333333333333
2016-06-14,28.5625,2.823529411764706,22.849999999999998,8.666666666666666,110.0,1014.8166666666666,171.5,2.470833333333333,15.608333333333334,,13.6,,9.0,996.6125000000001,232.5,4.783333333333333,17.041666666666668,,7.816666666666666,,0.0,1013.7083333333334,282.5,4.1000000000000005,31.337500000000002,0.0,-1.5333333333333332,0.0,,1007.5791666666668,201.05263157894737,2.8041666666666667,17.041666666666668,,7.816666666666666,,0.0,1013.7083333333334,282.5,4.1000000000000005,15.608333333333334,,13.6,,9.0,996.6125000000001,232.5,4.783333333333333,15.608333333333334,,13.6,,9.0,996.6125000000001,232.5,4.783333333333333
2016-06-15,28.045833333333334,3.3333333333333335,23.233333333333334,-0.20833333333333334,44.5,1016.7583333333333,170.8695652173913,2.5958333333333337,15.266666666666666,0.0,11.833333333333334,,4.0,996.7708333333334,207.5,4.0874999999999995,20.645833333333332,,9.5625,,0.0,1011.7958333333332,283.75,1.9958333333333333,31.90833333333333,0.0,-1.75,0.0,,1007.3041666666667,178.69565217391303,3.1958333333333333,20.645833333333332,,9.5625,,0.0,1011.7958333333332,283.75,1.9958333333333333,15.266666666666666,0.0,11.833333333333334,,4.0,996.7708333333334,207.5,4.0874999999999995,15.266666666666666,0.0,11.833333333333334,,4.0,996.7708333333334,207.5,4.0874999999999995
2016-06-16,27.787499999999998,3.466666666666667,22.791666666666668,0.16666666666666666,5.0,1015.3791666666666,233.75,4.041666666666667,14.825000000000001,,13.104166666666666,,5.0,1000.5041666666666,145.41666666666666,2.4583333333333335,21.520833333333332,,7.675,,0.0,1009.3125,176.66666666666666,2.4208333333333334,32.31666666666667,0.0,0.15,0.0,,1009.5833333333334,192.38095238095238,3.2083333333333335,21.520833333333332,,7.675,,0.0,1009.3125,176.66666666666666,2.4208333333333334,14.825000000000001,,13.104166666666666,,5.0,1000.5041666666666,145.41666666666666,2.4583333333333335,14.825000000000001,,13.104166666666666,,5.0,1000.5041666666666,145.41666666666666,2.4583333333333335
2016-06-17,28.05,3.5384615384615383,21.104166666666668,-0.08333333333333333,-1.0,1013.3217391304348,252.5,4.433333333333333,15.470833333333333,,12.691666666666668,,70.0,1007.4875000000001,171.25,2.920833333333334,21.558333333333334,,6.679166666666667,,0.0,1013.9833333333332,296.25,1.6708333333333334,33.6,1.0833333333333333,-0.9708333333333333,0.0,,1011.225,152.0,2.058333333333333,21.558333333333334,,6.679166666666667,,0.0,1013.9833333333332,296.25,1.6708333333333334,15.470833333333333,,12.691666666666668,,70.0,1007.4875000000001,171.25,2.920833333333334,15.470833333333333,,12.691666666666668,,70.0,1007.4875000000001,171.25,2.920833333333334
2016-06-18,27.020833333333332,6.0,22.058333333333334,10.291666666666666,250.0,1015.6416666666668,170.0,2.9625,14.645833333333334,,11.775,,14.5,1019.4583333333334,290.4166666666667,2.4791666666666665,23.1375,,7.795833333333333,,0.0,1019.9208333333332,234.58333333333334,2.6125000000000003,35.645833333333336,2.0833333333333335,-1.383333333333333,0.0,,1010.4125,137.72727272727272,2.6374999999999997,23.1375,,7.795833333333333,,0.0,1019.9208333333332,234.58333333333334,2.6125000000000003,14.645833333333334,,11.775,,14.5,1019.4583333333334,290.4166666666667,2.4791666666666665,14.645833333333334,,11.775,,14.5,1019.4583333333334,290.4166666666667,2.4791666666666665
2016-06-19,26.229166666666668,5.25,20.775,0.4166666666666667,4.5,1020.2608695652174,94.16666666666667,5.529166666666666,15.987499999999999,0.0,13.058333333333332,,0.0,1022.6541666666667,224.16666666666666,4.425,25.40416666666667,,10.895833333333334,,0.0,1019.6625,230.83333333333334,4.2875000000000005,39.00416666666667,1.9090909090909092,1.2249999999999999,0.0,,1006.6750000000001,174.73684210526315,2.4541666666666666,25.40416666666667,,10.895833333333334,,0.0,1019.6625,230.83333333333334,4.2875000000000005,15.987499999999999,0.0,13.058333333333332,,0.0,1022.6541666666667,224.16666666666666,4.425,15.987499999999999,0.0,13.058333333333332,,0.0,1022.6541666666667,224.16666666666666,4.425
2016-06-20,26.008333333333336,3.090909090909091,17.154166666666665,0.041666666666666664,1.5,1021.9,45.0,4.779166666666667,17.529166666666665,0.0,15.604166666666666,,60.0,1013.6833333333334,224.58333333333334,5.420833333333333,25.733333333333334,,15.125,,0.0,1010.1999999999999,215.0,5.895833333333333,39.958333333333336,3.466666666666667,4.595833333333333,0.0,,1005.8916666666668,197.3913043478261,4.733333333333333,25.733333333333334,,15.125,,0.0,1010.1999999999999,215.0,5.895833333333333,17.529166666666665,0.0,15.604166666666666,,60.0,1013.6833333333334,224.58333333333334,5.420833333333333,17.529166666666665,0.0,15.604166666666666,,60.0,1013.6833333333334,224.58333333333334,5.420833333333333
2016-06-21,25.445833333333336,3.130434782608696,18.23333333333333,0.0,,1019.9333333333334,124.16666666666667,3.8833333333333333,17.4875,,12.766666666666666,,0.0,1017.0,248.75,4.129166666666666,19.454166666666666,,6.254166666666666,,0.0,1006.8125,275.0,4.220833333333333,38.25416666666667,3.0,8.075000000000001,0.0,,1008.4499999999999,182.17391304347825,3.7583333333333333,19.454166666666666,,6.254166666666666,,0.0,1006.8125,275.0,4.220833333333333,17.4875,,12.766666666666666,,0.0,1017.0,248.75,4.129166666666666,17.4875,,12.766666666666666,,0.0,1017.0,248.75,4.129166666666666
2016-06-22,27.454166666666666,2.608695652173913,19.65,0.0,,1019.6916666666666,62.5,2.629166666666667,18.3125,,16.329166666666666,,-0.5,1018.7916666666666,175.0,3.3166666666666664,17.9625,,8.229166666666666,,0.0,1008.2583333333333,274.5833333333333,3.8833333333333333,38.2125,2.090909090909091,7.0249999999999995,0.0,,1006.8291666666668,230.0,3.4875000000000003,17.9625,,8.229166666666666,,0.0,1008.2583333333333,274.5833333333333,3.8833333333333333,18.3125,,16.329166666666666,,-0.5,1018.7916666666666,175.0,3.3166666666666664,18.3125,,16.329166666666666,,-0.5,1018.7916666666666,175.0,3.3166666666666664
2016-06-23,28.55,2.9166666666666665,22.629166666666666,0.0,,1019.3000000000001,99.1304347826087,2.475,19.066666666666666,,18.866666666666667,,20.0,1015.8958333333334,199.58333333333334,2.6125000000000003,18.712500000000002,,7.7625,,0.0,1011.2624999999999,297.5,1.9291666666666665,37.75,3.6666666666666665,8.429166666666667,0.0,,1007.725,157.82608695652175,3.0749999999999997,18.712500000000002,,7.7625,,0.0,1011.2624999999999,297.5,1.9291666666666665,19.066666666666666,,18.866666666666667,,20.0,1015.8958333333334,199.58333333333334,2.6125000000000003,19.066666666666666,,18.866666666666667,,20.0,1015.8958333333334,199.58333333333334,2.6125000000000003
2016-06-24,29.316666666666666,3.0,22.65416666666667,0.0,,1018.4375,141.5,2.2083333333333335,16.854166666666668,0.0,12.525,,-1.0,1017.8041666666667,233.75,4.779166666666667,20.545833333333334,,8.495833333333334,,0.0,1016.9666666666667,265.0,1.6916666666666667,37.516666666666666,3.2222222222222223,8.5,0.0,,1006.7583333333333,193.5,2.654166666666667,20.545833333333334,,8.495833333333334,,0.0,1016.9666666666667,265.0,1.6916666666666667,16.854166666666668,0.0,12.525,,-1.0,1017.8041666666667,233.75,4.779166666666667,16.854166666666668,0.0,12.525,,-1.0,1017.8041666666667,233.75,4.779166666666667
2016-06-25,29.704166666666666,3.8461538461538463,22.5125,0.0,,1018.4,138.1818181818182,2.4291666666666667,15.608333333333334,0.0,11.475,,-1.0,1016.9416666666666,272.5,3.8791666666666664,23.587500000000002,,10.166666666666666,,0.0,1019.0166666666668,220.0,2.466666666666667,36.69166666666667,2.4166666666666665,7.991666666666667,0.0,,1006.5166666666668,196.1904761904762,2.3291666666666666,23.587500000000002,,10.166666666666666,,0.0,1019.0166666666668,220.0,2.466666666666667,15.608333333333334,0.0,11.475,,-1.0,1016.9416666666666,272.5,3.8791666666666664,15.608333333333334,0.0,11.475,,-1.0,1016.9416666666666,272.5,3.8791666666666664
2016-06-26,27.058333333333334,4.2,22.7,6.083333333333333,75.0,1018.9416666666666,111.66666666666667,2.4333333333333336,15.641666666666666,0.0,12.166666666666666,,5.0,1017.7375000000001,267.0833333333333,4.604166666666667,25.229166666666668,,13.645833333333334,,0.0,1015.975,189.16666666666666,4.2375,36.112500000000004,4.444444444444445,10.9125,0.0,,1008.4458333333333,133.04347826086956,2.3291666666666666,25.229166666666668,,13.645833333333334,,0.0,1015.975,189.16666666666666,4.2375,15.641666666666666,0.0,12.166666666666666,,5.0,1017.7375000000001,267.0833333333333,4.604166666666667,15.641666666666666,0.0,12.166666666666666,,5.0,1017.7375000000001,267.0833333333333,4.604166666666667
2016-06-27,27.495833333333334,3.066666666666667,21.791666666666668,0.0,,1017.1875,116.81818181818181,1.5666666666666667,17.695833333333333,,12.383333333333333,,1.5,1017.5166666666668,282.9166666666667,3.8499999999999996,24.47083333333333,,18.224999999999998,28.75,30.0,1009.1875,210.41666666666666,4.6375,36.96666666666667,4.545454545454546,13.054166666666667,0.125,3.0,1009.1166666666667,166.95652173913044,2.591666666666667,24.47083333333333,,18.224999999999998,28.75,30.0,1009.1875,210.41666666666666,4.6375,17.695833333333333,,12.383333333333333,,1.5,1017.5166666666668,282.9166666666667,3.8499999999999996,17.695833333333333,,12.383333333333333,,1.5,1017.5166666666668,282.9166666666667,3.8499999999999996
2016-06-28,27.804166666666664,5.333333333333333,22.400000000000002,3.75,80.0,1015.4583333333334,126.5,2.154166666666667,15.370833333333332,0.0,10.470833333333333,,0.0,1013.9375,226.66666666666666,3.7583333333333333,21.833333333333332,,14.479166666666666,8.0,0.0,1010.5916666666667,302.9166666666667,3.3249999999999997,38.44166666666667,2.7058823529411766,12.987499999999999,0.0,,1007.6916666666666,145.45454545454547,3.5124999999999997,21.833333333333332,,14.479166666666666,8.0,0.0,1010.5916666666667,302.9166666666667,3.3249999999999997,15.370833333333332,0.0,10.470833333333333,,0.0,1013.9375,226.66666666666666,3.7583333333333333,15.370833333333332,0.0,10.470833333333333,,0.0,1013.9375,226.66666666666666,3.7583333333333333
2016-06-29,26.599999999999998,5.714285714285714,22.7375,8.958333333333334,80.0,1015.5749999999999,156.95652173913044,2.6041666666666665,14.2875,0.0,12.745833333333332,,5.0,1008.8375,222.91666666666666,6.370833333333334,19.9875,,13.141666666666666,,5.0,1011.5625,290.4166666666667,2.8708333333333336,36.108333333333334,5.333333333333333,14.983333333333334,-0.041666666666666664,0.0,1008.4,161.42857142857142,4.658333333333333,19.9875,,13.141666666666666,,5.0,1011.5625,290.4166666666667,2.8708333333333336,14.2875,0.0,12.745833333333332,,5.0,1008.8375,222.91666666666666,6.370833333333334,14.2875,0.0,12.745833333333332,,5.0,1008.8375,222.91666666666666,6.370833333333334
2016-06-30,26.891666666666666,3.8666666666666667,22.833333333333332,3.7916666666666665,90.0,1016.2375000000001,160.8695652173913,2.558333333333333,16.666666666666668,,13.016666666666666,,2.5,1008.991304347826,211.25,4.908333333333333,21.72083333333333,,9.554166666666667,,0.0,1013.0583333333334,237.5,3.7875,31.008333333333336,6.5,17.466666666666665,0.0,,1010.0333333333333,121.66666666666667,3.8249999999999997,21.72083333333333,,9.554166666666667,,0.0,1013.0583333333334,237.5,3.7875,16.666666666666668,,13.016666666666666,,2.5,1008.991304347826,211.25,4.908333333333333,16.666666666666668,,13.016666666666666,,2.5,1008.991304347826,211.25,4.908333333333333
2016-07-01,26.59583333333333,4.4,22.8875,3.9166666666666665,90.0,1017.3166666666666,171.30434782608697,2.5833333333333335,15.733333333333334,0.0,11.887500000000001,,7.0,1008.7666666666668,234.58333333333334,6.545833333333333,18.420833333333334,,12.066666666666668,23.4,25.0,1009.6875,181.66666666666666,2.591666666666667,30.945833333333336,4.833333333333333,18.55,-0.125,-0.6666666666666666,1009.775,122.08333333333333,4.625,18.420833333333334,,12.066666666666668,23.4,25.0,1009.6875,181.66666666666666,2.591666666666667,15.733333333333334,0.0,11.887500000000001,,7.0,1008.7666666666668,234.58333333333334,6.545833333333333,15.733333333333334,0.0,11.887500000000001,,7.0,1008.7666666666668,234.58333333333334,6.545833333333333
2016-07-02,26.079166666666666,4.571428571428571,23.099999999999998,4.583333333333333,60.0,1018.6791666666667,130.45454545454547,1.4208333333333334,15.112499999999999,0.0,8.0,,0.5,1013.5583333333334,248.33333333333334,6.816666666666666,17.095833333333335,,9.216666666666667,2.5,8.0,1011.7666666666668,279.1666666666667,5.8,33.75,2.888888888888889,15.191666666666668,0.0,,1010.6583333333333,156.1904761904762,4.370833333333334,17.095833333333335,,9.216666666666667,2.5,8.0,1011.7666666666668,279.1666666666667,5.8,15.112499999999999,0.0,8.0,,0.5,1013.5583333333334,248.33333333333334,6.816666666666666,15.112499999999999,0.0,8.0,,0.5,1013.5583333333334,248.33333333333334,6.816666666666666
2016-07-03,28.150000000000002,4.181818181818182,23.241666666666664,0.0,0.0,1019.7624999999999,134.34782608695653,2.0166666666666666,15.945833333333333,0.0,10.454166666666667,,0.0,1018.4499999999999,213.75,3.595833333333333,20.808333333333334,,9.854166666666666,,0.0,1014.025,261.25,3.983333333333333,36.0625,1.1666666666666667,12.483333333333334,0.0,,1010.5458333333332,198.69565217391303,3.154166666666667,20.808333333333334,,9.854166666666666,,0.0,1014.025,261.25,3.983333333333333,15.945833333333333,0.0,10.454166666666667,,0.0,1018.4499999999999,213.75,3.595833333333333,15.945833333333333,0.0,10.454166666666667,,0.0,1018.4499999999999,213.75,3.595833333333333
2016-07-04,29.47083333333333,3.125,23.575,-0.041666666666666664,,1020.2125,129.54545454545453,2.0208333333333335,16.400000000000002,0.0,12.254166666666668,,0.0,1018.5583333333334,222.08333333333334,4.2250000000000005,22.462500000000002,,11.066666666666668,,0.0,1011.9875000000001,223.33333333333334,3.5833333333333335,37.354166666666664,0.9090909090909091,10.4,0.0,,1009.0583333333334,229.04761904761904,3.720833333333333,22.462500000000002,,11.066666666666668,,0.0,1011.9875000000001,223.33333333333334,3.5833333333333335,16.400000000000002,0.0,12.254166666666668,,0.0,1018.5583333333334,222.08333333333334,4.2250000000000005,16.400000000000002,0.0,12.254166666666668,,0.0,1018.5583333333334,222.08333333333334,4.2250000000000005
2016-07-05,30.25,5.0,23.7,0.0,-1.0,1020.1416666666668,201.9047619047619,2.3625000000000003,17.5625,0.0,10.620833333333334,,0.0,1017.7666666666668,291.25,4.366666666666666,23.879166666666666,,10.679166666666667,,0.0,1006.4666666666667,253.75,2.4625,36.975,1.5384615384615385,7.075,0.0,,1007.9,201.36363636363637,3.0541666666666667,23.879166666666666,,10.679166666666667,,0.0,1006.4666666666667,253.75,2.4625,17.5625,0.0,10.620833333333334,,0.0,1017.7666666666668,291.25,4.366666666666666,17.5625,0.0,10.620833333333334,,0.0,1017.7666666666668,291.25,4.366666666666666
2016-07-06,30.037499999999998,2.375,23.870833333333334,-0.041666666666666664,3.0,1019.8416666666667,178.1818181818182,2.3541666666666665,16.879166666666666,0.0,7.929166666666667,,0.0,1022.5625,263.3333333333333,2.1625,25.2,,16.033333333333335,,0.0,1007.9291666666667,228.75,2.7750000000000004,35.954166666666666,1.0833333333333333,9.450000000000001,0.0,,1008.6125000000001,176.8421052631579,3.5,25.2,,16.033333333333335,,0.0,1007.9291666666667,228.75,2.7750000000000004,16.879166666666666,0.0,7.929166666666667,,0.0,1022.5625,263.3333333333333,2.1625,16.879166666666666,0.0,7.929166666666667,,0.0,1022.5625,263.3333333333333,2.1625
2016-07-07,30.15833333333333,3.066666666666667,22.962500000000002,0.0,-1.0,1018.9666666666667,187.08333333333334,3.0208333333333335,18.554166666666667,,11.879166666666668,,-0.5,1019.3833333333333,226.25,3.704166666666666,24.316666666666666,,17.870833333333334,,0.0,1006.7291666666666,150.41666666666666,3.016666666666667,35.52916666666667,1.25,12.200000000000001,0.0,,1008.7375000000001,233.0,3.6125000000000003,24.316666666666666,,17.870833333333334,,0.0,1006.7291666666666,150.41666666666666,3.016666666666667,18.554166666666667,,11.879166666666668,,-0.5,1019.3833333333333,226.25,3.704166666666666,18.554166666666667,,11.879166666666668,,-0.5,1019.3833333333333,226.25,3.704166666666666
2016-07-08,30.2375,3.111111111111111,22.5625,0.0,,1018.4708333333333,162.6086956521739,1.9749999999999999,18.629166666666666,,13.058333333333332,,-0.5,1016.4083333333333,246.25,5.483333333333333,19.545833333333334,,15.829166666666666,4.0,0.0,1009.8541666666666,73.33333333333333,3.845833333333333,36.65833333333333,0.9166666666666666,5.8999999999999995,0.0,,1009.25,214.73684210526315,2.841666666666667,19.545833333333334,,15.829166666666666,4.0,0.0,1009.8541666666666,73.33333333333333,3.845833333333333,18.629166666666666,,13.058333333333332,,-0.5,1016.4083333333333,246.25,5.483333333333333,18.629166666666666,,13.058333333333332,,-0.5,1016.4083333333333,246.25,5.483333333333333
2016-07-09,30.09583333333333,3.411764705882353,22.916666666666668,-0.08333333333333333,,1017.9875000000001,214.58333333333334,2.5458333333333334,19.095833333333335,0.0,13.5875,,0.0,1017.0454545454545,216.25,5.829166666666667,17.145833333333332,,15.700000000000001,37.285714285714285,126.0,1006.2916666666666,59.583333333333336,3.829166666666667,37.829166666666666,0.8333333333333334,7.433333333333334,0.0,,1009.4083333333333,232.27272727272728,3.3874999999999997,17.145833333333332,,15.700000000000001,37.285714285714285,126.0,1006.2916666666666,59.583333333333336,3.829166666666667,19.095833333333335,0.0,13.5875,,0.0,1017.0454545454545,216.25,5.829166666666667,19.095833333333335,0.0,13.5875,,0.0,1017.0454545454545,216.25,5.829166666666667
2016-07-10,28.579166666666666,3.625,22.53333333333333,-0.041666666666666664,-1.0,1018.1166666666667,156.52173913043478,1.4124999999999999,18.829166666666666,0.0,14.383333333333333,,-0.5,1008.7708333333334,213.33333333333334,6.779166666666666,17.2625,,13.924999999999999,4.5,8.75,1012.6041666666666,289.1666666666667,3.0208333333333335,37.56666666666667,0.6666666666666666,5.7875000000000005,0.0,,1005.9375,197.27272727272728,3.7541666666666664,17.2625,,13.924999999999999,4.5,8.75,1012.6041666666666,289.1666666666667,3.0208333333333335,18.829166666666666,0.0,14.383333333333333,,-0.5,1008.7708333333334,213.33333333333334,6.779166666666666,18.829166666666666,0.0,14.383333333333333,,-0.5,1008.7708333333334,213.33333333333334,6.779166666666666
2016-07-11,29.09583333333333,3.411764705882353,22.724999999999998,0.5416666666666666,10.0,1019.1750000000001,113.91304347826087,2.5083333333333333,17.587500000000002,0.0,13.591666666666667,,-0.5,1007.9166666666666,225.41666666666666,6.629166666666666,20.683333333333334,,13.825000000000001,,0.0,1017.7333333333332,250.83333333333334,1.9958333333333333,36.57083333333333,0.0,2.3541666666666665,0.0,,1004.525,187.27272727272728,3.2624999999999997,20.683333333333334,,13.825000000000001,,0.0,1017.7333333333332,250.83333333333334,1.9958333333333333,17.587500000000002,0.0,13.591666666666667,,-0.5,1007.9166666666666,225.41666666666666,6.629166666666666,17.587500000000002,0.0,13.591666666666667,,-0.5,1007.9166666666666,225.41666666666666,6.629166666666666
2016-07-12,28.9875,4.428571428571429,22.474999999999998,-0.125,,1019.4541666666668,104.16666666666667,1.8333333333333333,15.141666666666666,0.0,11.741666666666667,,4.0,1012.2916666666666,266.6666666666667,3.5375,22.866666666666664,,14.320833333333333,,0.0,1015.0833333333334,176.25,2.4166666666666665,35.92916666666667,0.0,2.595833333333333,0.0,,1006.4208333333332,178.1818181818182,3.5375,22.866666666666664,,14.320833333333333,,0.0,1015.0833333333334,176.25,2.4166666666666665,15.141666666666666,0.0,11.741666666666667,,4.0,1012.2916666666666,266.6666666666667,3.5375,15.141666666666666,0.0,11.741666666666667,,4.0,1012.2916666666666,266.6666666666667,3.5375
2016-07-13,27.425,3.8461538461538463,22.441666666666666,0.7083333333333334,9.5,1019.9833333333332,95.45454545454545,1.5,15.058333333333335,,9.758333333333333,,-0.5,1018.1958333333333,303.75,2.9875000000000003,25.90416666666667,,19.2,17.333333333333332,12.5,1009.4708333333333,174.16666666666666,3.716666666666667,36.67916666666667,0.5833333333333334,6.95,0.0,,1009.3625000000001,195.23809523809524,2.5541666666666667,25.90416666666667,,19.2,17.333333333333332,12.5,1009.4708333333333,174.16666666666666,3.716666666666667,15.058333333333335,,9.758333333333333,,-0.5,1018.1958333333333,303.75,2.9875000000000003,15.058333333333335,,9.758333333333333,,-0.5,1018.1958333333333,303.75,2.9875000000000003
2016-07-14,28.141666666666666,3.466666666666667,21.808333333333334,-0.125,-1.0,1019.0916666666667,117.82608695652173,2.5958333333333337,16.6875,0.0,8.570833333333333,,0.0,1023.9708333333333,301.6666666666667,3.1333333333333333,23.825,,19.270833333333332,12.75,5.0,1004.7791666666667,209.58333333333334,4.4125,37.87083333333333,0.6666666666666666,8.245833333333334,0.0,,1009.225,237.14285714285714,2.995833333333333,23.825,,19.270833333333332,12.75,5.0,1004.7791666666667,209.58333333333334,4.4125,16.6875,0.0,8.570833333333333,,0.0,1023.9708333333333,301.6666666666667,3.1333333333333333,16.6875,0.0,8.570833333333333,,0.0,1023.9708333333333,301.6666666666667,3.1333333333333333
2016-07-15,28.445833333333336,2.6666666666666665,22.25,0.375,,1018.2708333333334,151.9047619047619,2.4458333333333333,16.349999999999998,0.0,11.891666666666666,,0.0,1026.3,259.5833333333333,4.320833333333334,21.195833333333333,,16.745833333333334,10.75,17.5,1007.5124999999999,275.4166666666667,3.4333333333333336,38.27916666666667,0.5833333333333334,9.229166666666666,0.0,,1007.0291666666667,232.72727272727272,3.4458333333333333,21.195833333333333,,16.745833333333334,10.75,17.5,1007.5124999999999,275.4166666666667,3.4333333333333336,16.349999999999998,0.0,11.891666666666666,,0.0,1026.3,259.5833333333333,4.320833333333334,16.349999999999998,0.0,11.891666666666666,,0.0,1026.3,259.5833333333333,4.320833333333334
2016-07-16,28.804166666666664,4.333333333333333,22.391666666666666,0.75,10.0,1018.9130434782609,125.21739130434783,3.4166666666666665,20.962500000000002,,16.029166666666665,,0.0,1024.6333333333334,259.1666666666667,5.2875,19.166666666666668,,13.541666666666666,,0.5,1016.0791666666668,222.08333333333334,1.866666666666667,37.32083333333333,2.0,10.816666666666668,0.0,,1007.0666666666666,226.0,3.3083333333333336,19.166666666666668,,13.541666666666666,,0.5,1016.0791666666668,222.08333333333334,1.866666666666667,20.962500000000002,,16.029166666666665,,0.0,1024.6333333333334,259.1666666666667,5.2875,20.962500000000002,,16.029166666666665,,0.0,1024.6333333333334,259.1666666666667,5.2875
2016-07-17,28.59583333333333,3.2857142857142856,23.354166666666668,0.375,10.0,1021.1833333333334,120.47619047619048,2.8375,21.96666666666667,0.0,16.379166666666666,,0.0,1022.3208333333333,265.0,4.766666666666667,21.75,,13.708333333333334,,0.0,1017.5500000000001,220.83333333333334,3.0,36.295833333333334,3.6,11.870833333333332,-0.08333333333333333,-1.0,1008.6083333333332,180.0,3.7916666666666665,21.75,,13.708333333333334,,0.0,1017.5500000000001,220.83333333333334,3.0,21.96666666666667,0.0,16.379166666666666,,0.0,1022.3208333333333,265.0,4.766666666666667,21.96666666666667,0.0,16.379166666666666,,0.0,1022.3208333333333,265.0,4.766666666666667
2016-07-18,28.566666666666666,2.8333333333333335,23.079166666666666,7.625,92.5,1022.0458333333332,77.3913043478261,3.5208333333333335,22.558333333333334,0.0,12.804166666666667,,0.0,1021.4708333333333,237.08333333333334,1.7874999999999999,23.087500000000002,,15.220833333333333,36.0,10.0,1010.8666666666667,245.83333333333334,4.895833333333333,34.09565217391304,4.444444444444445,16.882608695652173,3.75,47.5,1011.4217391304348,142.72727272727272,2.869565217391304,23.087500000000002,,15.220833333333333,36.0,10.0,1010.8666666666667,245.83333333333334,4.895833333333333,22.558333333333334,0.0,12.804166666666667,,0.0,1021.4708333333333,237.08333333333334,1.7874999999999999,22.558333333333334,0.0,12.804166666666667,,0.0,1021.4708333333333,237.08333333333334,1.7874999999999999
2016-07-19,27.075,2.6666666666666665,23.075,0.8333333333333334,14.0,1021.1541666666667,65.9090909090909,2.433333333333333,25.916666666666668,0.0,16.0,,0.0,1016.7125,114.58333333333333,3.8000000000000003,18.416666666666668,,9.891666666666667,,0.0,1019.3541666666666,297.0833333333333,3.204166666666666,35.00416666666667,4.4,16.958333333333332,0.0,,1011.1958333333333,136.0,3.170833333333333,18.416666666666668,,9.891666666666667,,0.0,1019.3541666666666,297.0833333333333,3.204166666666666,25.916666666666668,0.0,16.0,,0.0,1016.7125,114.58333333333333,3.8000000000000003,25.916666666666668,0.0,16.0,,0.0,1016.7125,114.58333333333333,3.8000000000000003
2016-07-20,28.645833333333332,3.3333333333333335,23.15833333333333,0.125,3.0,1020.0666666666666,87.91666666666667,2.85,24.641666666666666,0.0,15.775,,0.0,1009.6333333333333,205.0,5.325,19.9875,,12.0625,,0.0,1020.6875,262.0833333333333,2.829166666666667,35.574999999999996,4.444444444444445,15.666666666666666,-0.125,-1.0,1010.7791666666667,171.8181818181818,3.1374999999999997,19.9875,,12.0625,,0.0,1020.6875,262.0833333333333,2.829166666666667,24.641666666666666,0.0,15.775,,0.0,1009.6333333333333,205.0,5.325,24.641666666666666,0.0,15.775,,0.0,1009.6333333333333,205.0,5.325
2016-07-21,27.783333333333335,3.8823529411764706,23.45,5.5,150.0,1019.3695652173913,77.72727272727273,2.0749999999999997,19.620833333333334,0.0,12.658333333333333,,0.0,1016.0833333333334,285.8333333333333,2.766666666666667,23.425,,14.466666666666667,,0.0,1013.9333333333334,199.16666666666666,4.383333333333334,37.9,3.7333333333333334,14.012500000000001,0.0,,1009.1,143.68421052631578,2.275,23.425,,14.466666666666667,,0.0,1013.9333333333334,199.16666666666666,4.383333333333334,19.620833333333334,0.0,12.658333333333333,,0.0,1016.0833333333334,285.8333333333333,2.766666666666667,19.620833333333334,0.0,12.658333333333333,,0.0,1016.0833333333334,285.8333333333333,2.766666666666667
2016-07-22,27.916666666666668,4.5,22.691666666666666,-0.08333333333333333,-1.0,1018.3458333333333,71.36363636363636,1.7791666666666668,20.416666666666668,0.0,15.179166666666667,,0.0,1018.4521739130436,157.91666666666666,1.929166666666667,26.317391304347826,,17.52608695652174,,0.0,1005.8869565217392,260.4347826086956,4.495652173913043,38.645833333333336,4.363636363636363,12.85,0.0,,1008.8791666666666,140.52631578947367,3.954166666666667,26.317391304347826,,17.52608695652174,,0.0,1005.8869565217392,260.4347826086956,4.495652173913043,20.416666666666668,0.0,15.179166666666667,,0.0,1018.4521739130436,157.91666666666666,1.929166666666667,20.416666666666668,0.0,15.179166666666667,,0.0,1018.4521739130436,157.91666666666666,1.929166666666667
2016-07-23,27.400000000000002,4.6,21.495833333333334,-0.125,-1.0,1016.7208333333333,95.0,1.7791666666666668,21.891666666666666,0.0,14.387500000000001,,0.0,1019.8291666666668,227.5,2.891666666666667,23.370833333333334,,16.575,,0.0,1009.4333333333334,299.5833333333333,4.116666666666666,38.21666666666666,3.076923076923077,13.258333333333333,0.0,,1006.4625,237.5,4.595833333333333,23.370833333333334,,16.575,,0.0,1009.4333333333334,299.5833333333333,4.116666666666666,21.891666666666666,0.0,14.387500000000001,,0.0,1019.8291666666668,227.5,2.891666666666667,21.891666666666666,0.0,14.387500000000001,,0.0,1019.8291666666668,227.5,2.891666666666667
2016-07-24,27.958333333333332,2.857142857142857,21.762500000000003,0.0,-1.0,1017.1833333333334,98.57142857142857,2.4916666666666667,19.8125,0.0,14.654166666666667,,0.0,1018.85,228.75,4.6000000000000005,20.791666666666668,,12.362499999999999,,0.0,1015.0375,249.16666666666666,1.3375000000000001,37.204166666666666,3.0588235294117645,14.200000000000001,0.0,,1007.4833333333332,262.3809523809524,4.4624999999999995,20.791666666666668,,12.362499999999999,,0.0,1015.0375,249.16666666666666,1.3375000000000001,19.8125,0.0,14.654166666666667,,0.0,1018.85,228.75,4.6000000000000005,19.8125,0.0,14.654166666666667,,0.0,1018.85,228.75,4.6000000000000005
2016-07-25,28.079166666666666,2.380952380952381,21.420833333333334,0.0,,1017.7291666666666,133.04347826086956,2.4125,19.2375,0.0,11.641666666666666,,2.0,1019.3583333333332,265.4166666666667,4.75,22.75,,17.6375,11.0,8.75,1007.8000000000001,150.41666666666666,2.8249999999999997,36.225,3.5454545454545454,15.049999999999999,0.0,,1008.6458333333334,246.52173913043478,3.9291666666666667,22.75,,17.6375,11.0,8.75,1007.8000000000001,150.41666666666666,2.8249999999999997,19.2375,0.0,11.641666666666666,,2.0,1019.3583333333332,265.4166666666667,4.75,19.2375,0.0,11.641666666666666,,2.0,1019.3583333333332,265.4166666666667,4.75
2016-07-26,29.208333333333332,2.727272727272727,22.458333333333332,0.0,,1018.0583333333334,96.08695652173913,2.125,18.516666666666666,0.0,12.008333333333333,,0.0,1020.8166666666666,249.58333333333334,3.8125,23.323809523809523,,15.595238095238095,,0.0,1009.5899999999999,269.04761904761904,3.3238095238095235,38.204166666666666,3.8,13.625,0.0,,1006.4416666666666,227.61904761904762,2.8541666666666665,23.323809523809523,,15.595238095238095,,0.0,1009.5899999999999,269.04761904761904,3.3238095238095235,18.516666666666666,0.0,12.008333333333333,,0.0,1020.8166666666666,249.58333333333334,3.8125,18.516666666666666,0.0,12.008333333333333,,0.0,1020.8166666666666,249.58333333333334,3.8125
2016-07-27,29.8625,2.782608695652174,22.241666666666664,0.0,,1018.0541666666667,144.54545454545453,2.470833333333333,19.958333333333332,,15.112499999999999,,15.0,1015.4625,220.41666666666666,4.391666666666667,23.758333333333336,,16.675,81.0,0.0,1010.5043478260869,253.75,2.3333333333333335,38.47083333333333,3.1818181818181817,15.483333333333334,0.0,,1006.1999999999999,190.8695652173913,4.304166666666666,23.758333333333336,,16.675,81.0,0.0,1010.5043478260869,253.75,2.3333333333333335,19.958333333333332,,15.112499999999999,,15.0,1015.4625,220.41666666666666,4.391666666666667,19.958333333333332,,15.112499999999999,,15.0,1015.4625,220.41666666666666,4.391666666666667
2016-07-28,30.099999999999998,2.5,22.241666666666664,0.0,,1017.4125,150.43478260869566,2.8083333333333336,18.445833333333333,,12.870833333333332,,0.0,1014.0041666666666,232.5,3.4458333333333333,22.795833333333334,,15.541666666666666,,20.0,1011.6041666666666,324.5833333333333,1.8375000000000001,37.74583333333333,3.3684210526315788,14.770833333333334,0.0,,1006.4791666666666,153.04347826086956,3.275,22.795833333333334,,15.541666666666666,,20.0,1011.6041666666666,324.5833333333333,1.8375000000000001,18.445833333333333,,12.870833333333332,,0.0,1014.0041666666666,232.5,3.4458333333333333,18.445833333333333,,12.870833333333332,,0.0,1014.0041666666666,232.5,3.4458333333333333
2016-07-29,27.758333333333336,2.8,23.025000000000002,15.333333333333334,370.0,1017.1958333333333,126.66666666666667,1.6875,19.066666666666666,,14.75,,1.0,1011.0869565217391,251.25,4.175,20.245833333333334,,12.458333333333334,,0.0,1014.5083333333333,323.3333333333333,3.4375,37.30416666666667,3.875,16.029166666666665,5.208333333333333,130.0,1005.3608695652174,269.5652173913044,5.326086956521739,20.245833333333334,,12.458333333333334,,0.0,1014.5083333333333,323.3333333333333,3.4375,19.066666666666666,,14.75,,1.0,1011.0869565217391,251.25,4.175,19.066666666666666,,14.75,,1.0,1011.0869565217391,251.25,4.175
2016-07-30,27.933333333333334,3.4285714285714284,23.108333333333334,0.0,-1.0,1017.225,124.54545454545455,1.8958333333333333,18.554166666666667,,11.6625,,0.5,1013.5695652173912,305.6521739130435,2.3833333333333333,20.054166666666667,,11.4625,,0.0,1017.7333333333332,136.66666666666666,2.1375,32.704166666666666,4.133333333333334,18.370833333333334,-0.08333333333333333,-1.0,1007.4250000000001,167.72727272727272,3.7708333333333335,20.054166666666667,,11.4625,,0.0,1017.7333333333332,136.66666666666666,2.1375,18.554166666666667,,11.6625,,0.5,1013.5695652173912,305.6521739130435,2.3833333333333333,18.554166666666667,,11.6625,,0.5,1013.5695652173912,305.6521739130435,2.3833333333333333
2016-07-31,28.258333333333336,2.2,22.333333333333332,0.0,,1018.0666666666666,124.78260869565217,2.5208333333333335,18.2625,,9.645833333333334,,0.0,1017.0333333333333,305.0,3.029166666666667,21.825,,12.579166666666666,,0.0,1017.9583333333334,143.33333333333334,2.1,33.47083333333333,4.75,18.095833333333335,0.0,,1008.25,271.30434782608694,5.033333333333333,21.825,,12.579166666666666,,0.0,1017.9583333333334,143.33333333333334,2.1,18.2625,,9.645833333333334,,0.0,1017.0333333333333,305.0,3.029166666666667,18.2625,,9.645833333333334,,0.0,1017.0333333333333,305.0,3.029166666666667
2016-08-01,28.520833333333332,3.263157894736842,21.95,0.0,,1019.6541666666667,110.83333333333333,2.8333333333333335,15.354166666666666,,10.958333333333334,,0.0,1018.4083333333333,232.91666666666666,3.4166666666666665,23.504166666666666,,12.991666666666667,,0.0,1017.85,79.16666666666667,2.5791666666666666,31.645833333333332,4.75,17.875,0.0,,1010.2541666666666,168.0952380952381,3.3791666666666664,23.504166666666666,,12.991666666666667,,0.0,1017.85,79.16666666666667,2.5791666666666666,15.354166666666666,,10.958333333333334,,0.0,1018.4083333333333,232.91666666666666,3.4166666666666665,15.354166666666666,,10.958333333333334,,0.0,1018.4083333333333,232.91666666666666,3.4166666666666665
2016-08-02,28.40833333333333,3.0588235294117645,22.974999999999998,0.25,5.0,1018.5791666666668,107.82608695652173,2.0833333333333335,18.570833333333333,,17.079166666666666,,46.0,1010.0173913043479,217.08333333333334,5.208333333333333,23.208333333333332,,13.683333333333332,,0.0,1019.2333333333332,85.83333333333333,2.3958333333333335,30.75,6.5,21.091666666666665,0.9583333333333334,40.0,1011.8521739130434,138.69565217391303,4.204166666666667,23.208333333333332,,13.683333333333332,,0.0,1019.2333333333332,85.83333333333333,2.3958333333333335,18.570833333333333,,17.079166666666666,,46.0,1010.0173913043479,217.08333333333334,5.208333333333333,18.570833333333333,,17.079166666666666,,46.0,1010.0173913043479,217.08333333333334,5.208333333333333
2016-08-03,27.5,2.933333333333333,22.483333333333334,0.125,3.0,1016.5333333333333,160.45454545454547,2.4375,20.054166666666667,,14.524999999999999,,-1.0,1007.6791666666667,208.75,6.625,22.766666666666666,,15.279166666666667,,0.0,1017.9625,163.33333333333334,1.7208333333333332,30.983333333333334,4.75,21.133333333333333,0.0,,1011.0958333333333,97.82608695652173,3.3333333333333335,22.766666666666666,,15.279166666666667,,0.0,1017.9625,163.33333333333334,1.7208333333333332,20.054166666666667,,14.524999999999999,,-1.0,1007.6791666666667,208.75,6.625,20.054166666666667,,14.524999999999999,,-1.0,1007.6791666666667,208.75,6.625
2016-08-04,25.90416666666667,3.75,22.8875,7.416666666666667,170.0,1016.3333333333334,170.83333333333334,2.7583333333333333,18.575,0.0,11.950000000000001,,-0.5,1009.8166666666666,252.91666666666666,6.770833333333333,25.77916666666667,,16.099999999999998,,0.0,1014.9083333333333,207.5,3.0416666666666665,32.666666666666664,4.444444444444445,20.1625,0.0,,1008.0041666666666,131.7391304347826,3.6624999999999996,25.77916666666667,,16.099999999999998,,0.0,1014.9083333333333,207.5,3.0416666666666665,18.575,0.0,11.950000000000001,,-0.5,1009.8166666666666,252.91666666666666,6.770833333333333,18.575,0.0,11.950000000000001,,-0.5,1009.8166666666666,252.91666666666666,6.770833333333333
2016-08-05,27.224999999999998,3.375,22.433333333333334,0.08333333333333333,3.0,1016.2708333333334,150.0,2.7875,18.445833333333333,0.0,11.691666666666668,,0.0,1019.725,258.3333333333333,3.808333333333333,25.5625,,17.9625,,0.0,1007.2541666666666,208.33333333333334,4.633333333333334,32.233333333333334,5.142857142857143,19.320833333333333,5.458333333333333,130.0,1007.0749999999999,127.61904761904762,2.879166666666667,25.5625,,17.9625,,0.0,1007.2541666666666,208.33333333333334,4.633333333333334,18.445833333333333,0.0,11.691666666666668,,0.0,1019.725,258.3333333333333,3.808333333333333,18.445833333333333,0.0,11.691666666666668,,0.0,1019.725,258.3333333333333,3.808333333333333
2016-08-06,27.233333333333334,7.0,22.508333333333336,0.0,,1015.4166666666666,162.5,2.9333333333333336,19.3875,0.0,12.166666666666666,,0.0,1026.425,245.83333333333334,3.8833333333333333,23.7375,,13.670833333333334,,0.0,1005.3791666666666,288.75,4.254166666666666,35.041666666666664,2.4761904761904763,17.333333333333332,0.0,,1005.525,101.9047619047619,2.4791666666666665,23.7375,,13.670833333333334,,0.0,1005.3791666666666,288.75,4.254166666666666,19.3875,0.0,12.166666666666666,,0.0,1026.425,245.83333333333334,3.8833333333333333,19.3875,0.0,12.166666666666666,,0.0,1026.425,245.83333333333334,3.8833333333333333
2016-08-07,26.454166666666666,7.0,22.516666666666666,3.0833333333333335,37.5,1014.5166666666668,193.75,4.5375000000000005,20.891666666666666,0.0,14.424999999999999,,0.0,1023.3583333333332,243.75,6.416666666666667,21.400000000000002,,11.9375,,0.0,1011.0083333333333,295.0,3.641666666666667,36.8125,2.0833333333333335,15.4625,0.0,,1003.8375,151.8181818181818,3.1958333333333333,21.400000000000002,,11.9375,,0.0,1011.0083333333333,295.0,3.641666666666667,20.891666666666666,0.0,14.424999999999999,,0.0,1023.3583333333332,243.75,6.416666666666667,20.891666666666666,0.0,14.424999999999999,,0.0,1023.3583333333332,243.75,6.416666666666667
2016-08-08,25.037499999999998,5.6,22.6875,8.083333333333334,96.5,1014.9291666666667,176.25,3.625,17.7,0.0,8.65,,,1021.75,285.8333333333333,4.816666666666666,21.875,,10.174999999999999,,0.0,1016.4250000000001,240.83333333333334,3.2291666666666665,37.708333333333336,2.1666666666666665,7.7625,0.0,,1004.15,227.72727272727272,3.091666666666667,21.875,,10.174999999999999,,0.0,1016.4250000000001,240.83333333333334,3.2291666666666665,17.7,0.0,8.65,,,1021.75,285.8333333333333,4.816666666666666,17.7,0.0,8.65,,,1021.75,285.8333333333333,4.816666666666666
2016-08-09,26.03333333333333,6.4,22.666666666666668,0.4166666666666667,10.0,1017.2291666666666,154.58333333333334,3.4291666666666667,15.558333333333332,0.0,6.854166666666667,,0.0,1025.178260869565,312.5,3.3666666666666667,22.73478260869565,,10.517391304347827,,0.0,1018.6913043478262,136.52173913043478,2.930434782608696,32.737500000000004,3.263157894736842,18.583333333333332,2.3333333333333335,60.0,1007.3791666666666,186.25,3.883333333333333,22.73478260869565,,10.517391304347827,,0.0,1018.6913043478262,136.52173913043478,2.930434782608696,15.558333333333332,0.0,6.854166666666667,,0.0,1025.178260869565,312.5,3.3666666666666667,15.558333333333332,0.0,6.854166666666667,,0.0,1025.178260869565,312.5,3.3666666666666667
2016-08-10,26.370833333333334,5.333333333333333,23.354166666666668,3.3333333333333335,56.5,1019.1739130434783,144.58333333333334,3.033333333333333,15.570833333333333,0.0,7.791666666666667,,0.0,1024.8625,290.4166666666667,3.5583333333333336,27.2625,,15.762500000000001,,0.0,1014.9833333333332,197.5,2.3333333333333335,32.44583333333333,5.0,19.5625,-0.125,-1.0,1009.0545454545455,148.0,2.4608695652173913,27.2625,,15.762500000000001,,0.0,1014.9833333333332,197.5,2.3333333333333335,15.570833333333333,0.0,7.791666666666667,,0.0,1024.8625,290.4166666666667,3.5583333333333336,15.570833333333333,0.0,7.791666666666667,,0.0,1024.8625,290.4166666666667,3.5583333333333336
2016-08-11,27.5125,4.333333333333333,23.116666666666664,0.0,,1018.1541666666667,137.72727272727272,2.0124999999999997,18.520833333333332,0.0,12.433333333333332,,-0.5,1022.15,274.1666666666667,5.141666666666667,27.7625,,17.095833333333335,,0.0,1013.4958333333334,270.4166666666667,2.4541666666666666,31.224999999999998,3.076923076923077,20.120833333333334,1.375,14.5,1011.4041666666667,123.63636363636364,1.8875000000000002,27.7625,,17.095833333333335,,0.0,1013.4958333333334,270.4166666666667,2.4541666666666666,18.520833333333332,0.0,12.433333333333332,,-0.5,1022.15,274.1666666666667,5.141666666666667,18.520833333333332,0.0,12.433333333333332,,-0.5,1022.15,274.1666666666667,5.141666666666667
2016-08-12,27.545833333333334,3.8666666666666667,23.162499999999998,3.4583333333333335,80.0,1016.7041666666668,111.81818181818181,2.275,19.75,0.0,12.745833333333332,,0.0,1023.4173913043478,257.0833333333333,5.404166666666666,22.21666666666667,,18.104166666666668,17.0,7.5,1008.6416666666668,116.25,3.091666666666667,34.69583333333333,1.7391304347826086,17.720833333333335,0.0,,1009.6416666666668,234.34782608695653,3.7291666666666665,22.21666666666667,,18.104166666666668,17.0,7.5,1008.6416666666668,116.25,3.091666666666667,19.75,0.0,12.745833333333332,,0.0,1023.4173913043478,257.0833333333333,5.404166666666666,19.75,0.0,12.745833333333332,,0.0,1023.4173913043478,257.0833333333333,5.404166666666666
2016-08-13,27.145833333333332,2.9473684210526314,22.316666666666666,10.666666666666666,260.0,1017.2041666666668,121.9047619047619,2.3833333333333333,19.683333333333334,0.0,12.4125,,0.0,1022.5782608695652,259.1666666666667,4.8625,17.775000000000002,,16.212500000000002,46.875,186.75,1009.8083333333334,63.333333333333336,2.6916666666666664,35.61666666666667,1.8333333333333333,14.354166666666666,0.0,,1006.9916666666667,116.36363636363636,2.15,17.775000000000002,,16.212500000000002,46.875,186.75,1009.8083333333334,63.333333333333336,2.6916666666666664,19.683333333333334,0.0,12.4125,,0.0,1022.5782608695652,259.1666666666667,4.8625,19.683333333333334,0.0,12.4125,,0.0,1022.5782608695652,259.1666666666667,4.8625
2016-08-14,27.108333333333334,4.75,24.145833333333332,1.125,30.0,1018.5833333333334,152.5,2.8083333333333336,18.933333333333334,0.0,9.241666666666667,,0.0,1025.3260869565217,123.33333333333333,2.004166666666667,21.020833333333332,,17.087500000000002,11.0,8.75,1010.8000000000001,261.6666666666667,3.7708333333333335,35.25,1.3333333333333333,12.633333333333333,0.0,,1007.9666666666667,131.66666666666666,3.8125,21.020833333333332,,17.087500000000002,11.0,8.75,1010.8000000000001,261.6666666666667,3.7708333333333335,18.933333333333334,0.0,9.241666666666667,,0.0,1025.3260869565217,123.33333333333333,2.004166666666667,18.933333333333334,0.0,9.241666666666667,,0.0,1025.3260869565217,123.33333333333333,2.004166666666667
2016-08-15,28.629166666666666,4.0,24.504166666666666,-0.08333333333333333,0.0,1019.7958333333332,110.9090909090909,3.1,18.170833333333334,0.0,10.504166666666666,,0.0,1024.4166666666667,88.75,3.4625,21.420833333333334,,14.520833333333334,,0.0,1020.1166666666667,262.5,1.7375,36.72083333333333,1.8333333333333333,12.975,0.0,,1007.7125,140.0,2.975,21.420833333333334,,14.520833333333334,,0.0,1020.1166666666667,262.5,1.7375,18.170833333333334,0.0,10.504166666666666,,0.0,1024.4166666666667,88.75,3.4625,18.170833333333334,0.0,10.504166666666666,,0.0,1024.4166666666667,88.75,3.4625
2016-08-16,26.616666666666664,3.0588235294117645,23.891666666666666,27.708333333333332,335.0,1020.6125000000001,167.08333333333334,2.954166666666667,18.20416666666667,0.0,11.445833333333333,,0.0,1019.2375000000001,70.0,3.158333333333333,18.333333333333332,,16.320833333333333,31.3,73.75,1015.4541666666668,112.08333333333333,2.845833333333333,37.0375,2.4210526315789473,12.3125,0.0,,1007.2125,98.42105263157895,3.9,18.333333333333332,,16.320833333333333,31.3,73.75,1015.4541666666668,112.08333333333333,2.845833333333333,18.20416666666667,0.0,11.445833333333333,,0.0,1019.2375000000001,70.0,3.158333333333333,18.20416666666667,0.0,11.445833333333333,,0.0,1019.2375000000001,70.0,3.158333333333333
2016-08-17,28.454166666666666,2.888888888888889,23.5,0.0,,1020.4541666666668,133.33333333333334,3.1166666666666667,19.758333333333333,0.0,11.450000000000001,,0.0,1013.3000000000001,68.33333333333333,2.8000000000000003,21.6125,,15.991666666666667,8.5,8.75,1014.6333333333333,254.16666666666666,2.9916666666666667,36.80833333333333,4.363636363636363,11.200000000000001,1.0416666666666667,30.0,1007.5333333333333,117.91666666666667,3.3874999999999997,21.6125,,15.991666666666667,8.5,8.75,1014.6333333333333,254.16666666666666,2.9916666666666667,19.758333333333333,0.0,11.450000000000001,,0.0,1013.3000000000001,68.33333333333333,2.8000000000000003,19.758333333333333,0.0,11.450000000000001,,0.0,1013.3000000000001,68.33333333333333,2.8000000000000003
2016-08-18,27.433333333333334,2.6315789473684212,23.620833333333334,6.333333333333333,150.0,1019.0583333333334,92.27272727272727,1.7458333333333333,19.954166666666666,0.0,12.775,,-0.5,1010.2666666666668,131.25,3.0,21.7375,,16.345833333333335,3.0,0.75,1013.7875,262.0833333333333,2.3916666666666666,34.44166666666667,4.5,11.674999999999999,-0.041666666666666664,1.0,1007.9125,203.33333333333334,4.0125,21.7375,,16.345833333333335,3.0,0.75,1013.7875,262.0833333333333,2.3916666666666666,19.954166666666666,0.0,12.775,,-0.5,1010.2666666666668,131.25,3.0,19.954166666666666,0.0,12.775,,-0.5,1010.2666666666668,131.25,3.0
2016-08-19,28.608333333333334,2.4761904761904763,22.425,0.0,,1016.9916666666667,92.5,1.625,17.537499999999998,0.0,15.058333333333332,,5.0,1006.6458333333334,160.83333333333334,4.441666666666666,21.879166666666666,,14.9125,2.0,0.5,1013.4499999999999,204.16666666666666,1.8499999999999999,33.895833333333336,3.7142857142857144,12.2875,-0.125,0.0,1007.2624999999999,275.0,4.691666666666666,21.879166666666666,,14.9125,2.0,0.5,1013.4499999999999,204.16666666666666,1.8499999999999999,17.537499999999998,0.0,15.058333333333332,,5.0,1006.6458333333334,160.83333333333334,4.441666666666666,17.537499999999998,0.0,15.058333333333332,,5.0,1006.6458333333334,160.83333333333334,4.441666666666666
2016-08-20,29.104166666666668,3.8461538461538463,22.95,0.0,,1015.2208333333333,153.47826086956522,1.6208333333333333,17.2,,12.7875,,1.0,1006.6521739130435,209.58333333333334,7.466666666666668,23.712500000000002,,17.454166666666666,,0.0,1008.6,129.58333333333334,3.4791666666666665,31.925,4.363636363636363,14.5625,-0.125,-1.0,1008.3458333333333,183.63636363636363,3.9499999999999997,23.712500000000002,,17.454166666666666,,0.0,1008.6,129.58333333333334,3.4791666666666665,17.2,,12.7875,,1.0,1006.6521739130435,209.58333333333334,7.466666666666668,17.2,,12.7875,,1.0,1006.6521739130435,209.58333333333334,7.466666666666668
2016-08-21,29.841666666666665,4.0,22.704166666666666,0.0,,1016.2291666666666,183.04347826086956,1.7541666666666667,17.841666666666665,,13.116666666666667,,1.5,1016.1708333333332,242.91666666666666,6.983333333333333,22.34583333333333,,17.775,27.833333333333332,43.0,1003.9375,192.91666666666666,5.133333333333334,31.754166666666666,4.3125,13.8125,0.0,,1008.6086956521739,175.23809523809524,3.0833333333333335,22.34583333333333,,17.775,27.833333333333332,43.0,1003.9375,192.91666666666666,5.133333333333334,17.841666666666665,,13.116666666666667,,1.5,1016.1708333333332,242.91666666666666,6.983333333333333,17.841666666666665,,13.116666666666667,,1.5,1016.1708333333332,242.91666666666666,6.983333333333333
2016-08-22,29.858333333333334,2.4,22.816666666666666,0.0,,1018.5541666666667,175.23809523809524,1.9291666666666665,19.929166666666667,0.0,15.066666666666668,,0.5,1023.1041666666666,216.25,5.470833333333334,16.404166666666665,,8.566666666666666,,0.0,1016.2083333333334,281.25,3.9791666666666665,31.34166666666667,2.4545454545454546,14.820833333333333,0.0,,1008.9695652173913,209.56521739130434,3.391666666666666,16.404166666666665,,8.566666666666666,,0.0,1016.2083333333334,281.25,3.9791666666666665,19.929166666666667,0.0,15.066666666666668,,0.5,1023.1041666666666,216.25,5.470833333333334,19.929166666666667,0.0,15.066666666666668,,0.5,1023.1041666666666,216.25,5.470833333333334
2016-08-23,29.820833333333336,2.823529411764706,23.479166666666668,0.7083333333333334,20.0,1020.1583333333333,64.0909090909091,2.4375,22.458333333333332,0.0,14.016666666666666,,0.0,1022.2869565217391,140.41666666666666,3.470833333333333,20.208333333333332,,11.891666666666666,,0.0,1020.6583333333333,222.08333333333334,3.9499999999999997,30.208333333333332,3.8333333333333335,15.112499999999999,1.0416666666666667,11.5,1011.9041666666667,203.8095238095238,4.308333333333334,20.208333333333332,,11.891666666666666,,0.0,1020.6583333333333,222.08333333333334,3.9499999999999997,22.458333333333332,0.0,14.016666666666666,,0.0,1022.2869565217391,140.41666666666666,3.470833333333333,22.458333333333332,0.0,14.016666666666666,,0.0,1022.2869565217391,140.41666666666666,3.470833333333333
2016-08-24,28.075,5.142857142857143,24.1375,4.875,120.0,1019.2565217391304,58.75,4.6125,24.575,0.0,16.599999999999998,,0.0,1017.7083333333334,194.16666666666666,2.0125,22.59166666666667,,15.475,,0.0,1018.1666666666666,199.58333333333334,3.6750000000000003,31.712500000000002,2.4705882352941178,13.783333333333333,-0.08333333333333333,10.0,1011.5,135.83333333333334,2.8541666666666665,22.59166666666667,,15.475,,0.0,1018.1666666666666,199.58333333333334,3.6750000000000003,24.575,0.0,16.599999999999998,,0.0,1017.7083333333334,194.16666666666666,2.0125,24.575,0.0,16.599999999999998,,0.0,1017.7083333333334,194.16666666666666,2.0125
2016-08-25,28.575,2.9166666666666665,22.2,0.0,,1016.7666666666668,51.25,5.229166666666667,22.829166666666666,0.0,17.962500000000002,,14.5,1015.0833333333334,213.75,1.8333333333333333,24.525000000000002,,19.554166666666667,20.0,5.0,1010.5500000000001,210.41666666666666,3.220833333333333,32.40416666666667,2.75,12.404166666666667,0.0,,1009.2916666666666,165.9090909090909,2.4875000000000003,24.525000000000002,,19.554166666666667,20.0,5.0,1010.5500000000001,210.41666666666666,3.220833333333333,22.829166666666666,0.0,17.962500000000002,,14.5,1015.0833333333334,213.75,1.8333333333333333,22.829166666666666,0.0,17.962500000000002,,14.5,1015.0833333333334,213.75,1.8333333333333333
2016-08-26,28.183333333333334,4.444444444444445,23.474999999999998,-0.08333333333333333,-1.0,1015.4416666666666,114.58333333333333,5.470833333333334,21.7,0.0,12.6625,,-0.5,1017.6791666666667,287.5,2.4125,23.366666666666664,,16.508333333333333,,0.0,1014.1625,288.3333333333333,3.0999999999999996,32.4125,4.25,13.741666666666667,-0.041666666666666664,0.0,1009.3217391304348,116.66666666666667,4.570833333333334,23.366666666666664,,16.508333333333333,,0.0,1014.1625,288.3333333333333,3.0999999999999996,21.7,0.0,12.6625,,-0.5,1017.6791666666667,287.5,2.4125,21.7,0.0,12.6625,,-0.5,1017.6791666666667,287.5,2.4125
2016-08-27,27.90416666666667,5.142857142857143,23.320833333333336,0.25,8.0,1014.6458333333334,56.666666666666664,3.9250000000000003,21.104166666666668,0.0,15.299999999999999,,0.0,1015.5916666666667,131.25,3.35,22.229166666666668,,14.391666666666666,,0.0,1021.5875,136.25,2.404166666666667,32.0375,3.2,11.320833333333333,0.0,,1009.5291666666667,158.94736842105263,2.858333333333333,22.229166666666668,,14.391666666666666,,0.0,1021.5875,136.25,2.404166666666667,21.104166666666668,0.0,15.299999999999999,,0.0,1015.5916666666667,131.25,3.35,21.104166666666668,0.0,15.299999999999999,,0.0,1015.5916666666667,131.25,3.35
2016-08-28,27.97083333333333,3.5294117647058822,24.245833333333334,3.8333333333333335,47.5,1014.6833333333334,67.91666666666667,4.329166666666667,18.7625,0.0,15.733333333333334,,4.5,1013.2208333333333,225.0,4.904166666666667,23.0625,,17.745833333333334,11.5,5.75,1018.0458333333332,169.58333333333334,2.6999999999999997,31.875,1.1304347826086956,8.733333333333333,0.0,,1010.8913043478261,207.61904761904762,2.217391304347826,23.0625,,17.745833333333334,11.5,5.75,1018.0458333333332,169.58333333333334,2.6999999999999997,18.7625,0.0,15.733333333333334,,4.5,1013.2208333333333,225.0,4.904166666666667,18.7625,0.0,15.733333333333334,,4.5,1013.2208333333333,225.0,4.904166666666667
2016-08-29,26.629166666666666,2.909090909090909,23.679166666666664,4.833333333333333,60.0,1014.0875,69.58333333333333,3.9916666666666667,19.087500000000002,0.0,11.987499999999999,,0.0,1021.725,257.9166666666667,2.1666666666666665,19.691666666666666,,13.154166666666667,,0.0,1021.1,280.4166666666667,3.1041666666666665,34.21666666666667,0.9166666666666666,8.095833333333333,0.0,,1008.9833333333332,116.3157894736842,2.4583333333333335,19.691666666666666,,13.154166666666667,,0.0,1021.1,280.4166666666667,3.1041666666666665,19.087500000000002,0.0,11.987499999999999,,0.0,1021.725,257.9166666666667,2.1666666666666665,19.087500000000002,0.0,11.987499999999999,,0.0,1021.725,257.9166666666667,2.1666666666666665
2016-08-30,25.958333333333332,4.2,23.15833333333333,-0.16666666666666666,2.0,1013.0782608695652,92.27272727272727,3.0583333333333336,19.708333333333332,0.0,11.554166666666667,,0.0,1024.0791666666667,233.33333333333334,2.55,20.2625,,14.641666666666666,,0.0,1017.2166666666667,219.58333333333334,2.5041666666666664,35.108333333333334,2.0833333333333335,10.358333333333333,0.0,,1007.7791666666667,116.52173913043478,3.2624999999999997,20.2625,,14.641666666666666,,0.0,1017.2166666666667,219.58333333333334,2.5041666666666664,19.708333333333332,0.0,11.554166666666667,,0.0,1024.0791666666667,233.33333333333334,2.55,19.708333333333332,0.0,11.554166666666667,,0.0,1024.0791666666667,233.33333333333334,2.55
2016-08-31,25.662499999999998,8.0,23.3,7.083333333333333,20.666666666666668,1013.2391304347826,179.58333333333334,4.345833333333333,18.3125,0.0,12.987499999999999,,0.0,1020.7083333333334,238.33333333333334,3.733333333333333,21.333333333333332,,15.545833333333334,,0.0,1010.7125,264.5833333333333,3.0875,34.854166666666664,2.608695652173913,13.304166666666667,0.0,,1007.8458333333333,146.08695652173913,3.1750000000000003,21.333333333333332,,15.545833333333334,,0.0,1010.7125,264.5833333333333,3.0875,18.3125,0.0,12.987499999999999,,0.0,1020.7083333333334,238.33333333333334,3.733333333333333,18.3125,0.0,12.987499999999999,,0.0,1020.7083333333334,238.33333333333334,3.733333333333333
2016-09-01,25.958333333333332,8.0,23.341666666666665,2.0833333333333335,59.666666666666664,1012.3874999999999,141.66666666666666,4.570833333333334,18.075,0.0,11.641666666666666,,0.0,1022.7666666666668,244.58333333333334,3.216666666666667,17.891666666666666,,12.241666666666667,,0.0,1014.3416666666667,323.3333333333333,3.1750000000000003,34.42916666666667,4.666666666666667,16.508333333333333,0.0,,1008.3000000000001,143.91304347826087,3.454166666666667,17.891666666666666,,12.241666666666667,,0.0,1014.3416666666667,323.3333333333333,3.1750000000000003,18.075,0.0,11.641666666666666,,0.0,1022.7666666666668,244.58333333333334,3.216666666666667,18.075,0.0,11.641666666666666,,0.0,1022.7666666666668,244.58333333333334,3.216666666666667
2016-09-02,26.729166666666668,7.0,23.02916666666667,3.6666666666666665,36.666666666666664,1013.3521739130434,192.08333333333334,5.895833333333333,17.0,,14.158333333333333,,0.0,1018.9875000000001,222.08333333333334,4.4750000000000005,15.887500000000001,,8.737499999999999,,0.0,1021.7833333333333,312.9166666666667,3.295833333333333,34.395833333333336,2.6363636363636362,15.395833333333334,0.0,,1007.1333333333333,121.81818181818181,2.408333333333333,15.887500000000001,,8.737499999999999,,0.0,1021.7833333333333,312.9166666666667,3.295833333333333,17.0,,14.158333333333333,,0.0,1018.9875000000001,222.08333333333334,4.4750000000000005,17.0,,14.158333333333333,,0.0,1018.9875000000001,222.08333333333334,4.4750000000000005
2016-09-03,26.891666666666666,5.111111111111111,22.945833333333336,0.625,100.0,1016.6260869565218,229.58333333333334,2.7583333333333333,16.795833333333334,0.0,13.754166666666668,,0.5,1015.4708333333333,222.5,4.766666666666667,15.429166666666667,,8.858333333333333,,0.0,1023.8541666666666,249.58333333333334,0.7541666666666668,34.7125,2.5833333333333335,8.983333333333333,0.0,,1004.3833333333333,179.16666666666666,4.266666666666667,15.429166666666667,,8.858333333333333,,0.0,1023.8541666666666,249.58333333333334,0.7541666666666668,16.795833333333334,0.0,13.754166666666668,,0.5,1015.4708333333333,222.5,4.766666666666667,16.795833333333334,0.0,13.754166666666668,,0.5,1015.4708333333333,222.5,4.766666666666667
2016-09-04,26.929166666666664,4.0,22.895833333333332,24.541666666666668,530.0,1018.3874999999999,85.0,1.3083333333333333,18.0125,,13.5625,,3.5,1012.7916666666666,252.5,5.8999999999999995,16.991666666666667,,10.570833333333333,,0.0,1024.1625000000001,225.83333333333334,0.7416666666666667,32.25,0.0,-0.2125,0.0,,1003.0958333333333,180.5,3.341666666666667,16.991666666666667,,10.570833333333333,,0.0,1024.1625000000001,225.83333333333334,0.7416666666666667,18.0125,,13.5625,,3.5,1012.7916666666666,252.5,5.8999999999999995,18.0125,,13.5625,,3.5,1012.7916666666666,252.5,5.8999999999999995
2016-09-05,25.7375,4.25,22.3625,0.25,22.666666666666668,1019.6666666666666,120.83333333333333,4.316666666666666,18.258333333333333,,16.525000000000002,,5.0,1019.2739130434783,205.83333333333334,3.0083333333333333,18.566666666666666,,11.695833333333333,,0.0,1021.7624999999999,219.58333333333334,0.8458333333333333,31.8,0.08333333333333333,3.5875,0.0,,1002.4541666666668,169.04761904761904,2.3875,18.566666666666666,,11.695833333333333,,0.0,1021.7624999999999,219.58333333333334,0.8458333333333333,18.258333333333333,,16.525000000000002,,5.0,1019.2739130434783,205.83333333333334,3.0083333333333333,18.258333333333333,,16.525000000000002,,5.0,1019.2739130434783,205.83333333333334,3.0083333333333333
2016-09-06,26.59583333333333,2.4,20.425,0.0,,1020.7041666666668,55.833333333333336,3.9916666666666667,21.370833333333334,,18.320833333333333,,-0.5,1023.2913043478261,221.66666666666666,3.1833333333333336,21.05,,13.354166666666666,,0.0,1017.7916666666666,175.41666666666666,1.1875,32.545833333333334,1.8666666666666667,8.674999999999999,0.0,,1006.4583333333334,177.14285714285714,3.6291666666666664,21.05,,13.354166666666666,,0.0,1017.7916666666666,175.41666666666666,1.1875,21.370833333333334,,18.320833333333333,,-0.5,1023.2913043478261,221.66666666666666,3.1833333333333336,21.370833333333334,,18.320833333333333,,-0.5,1023.2913043478261,221.66666666666666,3.1833333333333336
2016-09-07,27.083333333333332,2.4347826086956523,20.166666666666668,0.0,,1020.8125,62.916666666666664,3.6166666666666667,22.0625,0.0,15.708333333333334,,-1.0,1017.6208333333334,134.58333333333334,2.466666666666667,22.59166666666667,,17.279166666666665,69.0,0.0,1014.1958333333333,202.91666666666666,1.45,28.604166666666668,7.5,19.641666666666666,0.25,5.0,1010.9,239.58333333333334,4.041666666666667,22.59166666666667,,17.279166666666665,69.0,0.0,1014.1958333333333,202.91666666666666,1.45,22.0625,0.0,15.708333333333334,,-1.0,1017.6208333333334,134.58333333333334,2.466666666666667,22.0625,0.0,15.708333333333334,,-1.0,1017.6208333333334,134.58333333333334,2.466666666666667
2016-09-08,26.691666666666666,2.0,21.145833333333332,0.0,,1018.295652173913,118.75,3.975,19.145833333333332,0.0,12.0375,,0.0,1011.5708333333333,203.75,4.804166666666666,23.15416666666667,,20.708333333333332,16.0,42.5,1006.75,190.0,2.6333333333333333,29.325,2.4444444444444446,19.1125,0.0,,1012.9083333333333,201.36363636363637,2.9125,23.15416666666667,,20.708333333333332,16.0,42.5,1006.75,190.0,2.6333333333333333,19.145833333333332,0.0,12.0375,,0.0,1011.5708333333333,203.75,4.804166666666666,19.145833333333332,0.0,12.0375,,0.0,1011.5708333333333,203.75,4.804166666666666
2016-09-09,27.90416666666667,2.7142857142857144,23.183333333333334,-0.125,-0.5,1017.0500000000001,94.58333333333333,3.6750000000000003,19.466666666666665,,14.8375,,0.0,1014.8041666666667,197.91666666666666,5.5,22.370833333333334,,16.2375,,0.0,1010.9916666666667,283.3333333333333,3.295833333333333,32.97083333333333,2.2857142857142856,14.854166666666666,0.0,,1009.9875000000001,197.3913043478261,3.1625,22.370833333333334,,16.2375,,0.0,1010.9916666666667,283.3333333333333,3.295833333333333,19.466666666666665,,14.8375,,0.0,1014.8041666666667,197.91666666666666,5.5,19.466666666666665,,14.8375,,0.0,1014.8041666666667,197.91666666666666,5.5
2016-09-10,28.166666666666668,3.5238095238095237,23.333333333333332,-0.041666666666666664,0.0,1017.8666666666667,73.04347826086956,2.4,18.004166666666666,0.0,15.875,,3.0,1012.7739130434783,209.16666666666666,4.520833333333333,20.358333333333334,,17.516666666666666,10.0,0.0,1009.8000000000001,139.58333333333334,2.6374999999999997,34.15833333333333,2.4347826086956523,11.945833333333333,0.0,,1011.2416666666667,151.30434782608697,1.9124999999999999,20.358333333333334,,17.516666666666666,10.0,0.0,1009.8000000000001,139.58333333333334,2.6374999999999997,18.004166666666666,0.0,15.875,,3.0,1012.7739130434783,209.16666666666666,4.520833333333333,18.004166666666666,0.0,15.875,,3.0,1012.7739130434783,209.16666666666666,4.520833333333333
2016-09-11,28.125,3.3636363636363638,23.1125,0.0,,1017.9958333333334,57.82608695652174,2.2708333333333335,15.279166666666667,0.0,9.245833333333334,,1.0,1016.8208333333333,221.66666666666666,2.658333333333333,16.395833333333332,,9.8,4.666666666666667,7.5,1013.1875,262.0833333333333,5.1375,33.92916666666667,1.5833333333333333,9.9375,0.0,,1011.1166666666667,148.69565217391303,2.8166666666666664,16.395833333333332,,9.8,4.666666666666667,7.5,1013.1875,262.0833333333333,5.1375,15.279166666666667,0.0,9.245833333333334,,1.0,1016.8208333333333,221.66666666666666,2.658333333333333,15.279166666666667,0.0,9.245833333333334,,1.0,1016.8208333333333,221.66666666666666,2.658333333333333
2016-09-12,27.554166666666664,4.444444444444445,22.858333333333334,0.125,5.0,1016.2791666666667,78.33333333333333,4.029166666666667,18.641666666666666,0.0,14.104166666666666,,-0.5,1013.1041666666666,151.66666666666666,3.391666666666667,16.291666666666668,,9.033333333333333,,0.0,1020.6333333333333,221.66666666666666,2.6750000000000003,32.6875,3.764705882352941,12.737499999999999,0.0,,1007.6750000000001,150.0,3.341666666666667,16.291666666666668,,9.033333333333333,,0.0,1020.6333333333333,221.66666666666666,2.6750000000000003,18.641666666666666,0.0,14.104166666666666,,-0.5,1013.1041666666666,151.66666666666666,3.391666666666667,18.641666666666666,0.0,14.104166666666666,,-0.5,1013.1041666666666,151.66666666666666,3.391666666666667
2016-09-13,25.4875,6.0,23.46666666666667,13.208333333333334,100.0,1014.5875,169.58333333333334,4.195833333333334,24.254166666666666,0.0,15.879166666666668,,0.0,1009.3416666666667,85.41666666666667,2.533333333333333,19.221739130434784,,12.256521739130434,,0.0,1016.008695652174,203.04347826086956,3.3521739130434782,30.866666666666664,3.4,13.191666666666668,0.0,,1008.0083333333333,182.08333333333334,5.508333333333333,19.221739130434784,,12.256521739130434,,0.0,1016.008695652174,203.04347826086956,3.3521739130434782,24.254166666666666,0.0,15.879166666666668,,0.0,1009.3416666666667,85.41666666666667,2.533333333333333,24.254166666666666,0.0,15.879166666666668,,0.0,1009.3416666666667,85.41666666666667,2.533333333333333
2016-09-14,26.891666666666666,7.0,23.741666666666664,0.20833333333333334,9.333333333333334,1016.5416666666666,172.08333333333334,3.0416666666666665,22.895833333333332,0.0,15.820833333333333,,0.0,1010.2875,143.75,3.125,16.916666666666668,,10.55,,0.0,1018.5833333333334,304.5833333333333,4.55,30.77916666666667,1.6666666666666667,9.5625,0.0,,1010.6666666666666,155.23809523809524,2.9916666666666667,16.916666666666668,,10.55,,0.0,1018.5833333333334,304.5833333333333,4.55,22.895833333333332,0.0,15.820833333333333,,0.0,1010.2875,143.75,3.125,22.895833333333332,0.0,15.820833333333333,,0.0,1010.2875,143.75,3.125
2016-09-15,26.9375,4.75,23.4875,0.08333333333333333,3.0,1016.4041666666667,76.95652173913044,1.7416666666666665,21.3125,0.0,16.229166666666668,,0.0,1009.7875,195.83333333333334,2.6916666666666664,11.733333333333334,,5.7250000000000005,,0.0,1026.2375,273.75,1.5458333333333334,29.675,0.8333333333333334,0.6916666666666668,0.0,,1010.0166666666668,136.1904761904762,1.6125,11.733333333333334,,5.7250000000000005,,0.0,1026.2375,273.75,1.5458333333333334,21.3125,0.0,16.229166666666668,,0.0,1009.7875,195.83333333333334,2.6916666666666664,21.3125,0.0,16.229166666666668,,0.0,1009.7875,195.83333333333334,2.6916666666666664
2016-09-16,27.287499999999998,2.588235294117647,23.099999999999998,0.2916666666666667,8.0,1016.75,114.78260869565217,2.725,16.320833333333333,0.0,13.295833333333334,,35.0,1012.6666666666666,289.1666666666667,3.875,14.179166666666667,,7.1125,,0.0,1022.8916666666668,137.08333333333334,1.5666666666666667,29.166666666666668,1.3636363636363635,-0.17916666666666667,0.0,,1009.3458333333333,125.9090909090909,2.6083333333333334,14.179166666666667,,7.1125,,0.0,1022.8916666666668,137.08333333333334,1.5666666666666667,16.320833333333333,0.0,13.295833333333334,,35.0,1012.6666666666666,289.1666666666667,3.875,16.320833333333333,0.0,13.295833333333334,,35.0,1012.6666666666666,289.1666666666667,3.875
2016-09-17,27.900000000000002,2.6666666666666665,23.816666666666666,1.2083333333333333,30.0,1016.6,201.8181818181818,2.629166666666667,14.3375,,11.291666666666666,,-0.5,1020.2916666666666,275.0,4.120833333333333,16.974999999999998,,14.179166666666667,40.45454545454545,25.0,1013.6333333333333,139.16666666666666,3.170833333333333,30.145833333333332,1.0833333333333333,0.39999999999999997,0.0,,1010.125,87.72727272727273,1.7375,16.974999999999998,,14.179166666666667,40.45454545454545,25.0,1013.6333333333333,139.16666666666666,3.170833333333333,14.3375,,11.291666666666666,,-0.5,1020.2916666666666,275.0,4.120833333333333,14.3375,,11.291666666666666,,-0.5,1020.2916666666666,275.0,4.120833333333333
2016-09-18,28.425,2.923076923076923,23.037499999999998,0.0,,1015.2173913043479,175.9090909090909,1.9083333333333332,16.795833333333334,,12.716666666666667,,0.0,1021.4125,303.3333333333333,2.0416666666666665,21.087500000000002,,17.045833333333334,,87.5,1011.9125,221.25,3.0,31.708333333333332,0.25,0.375,0.0,,1010.6374999999999,120.9090909090909,2.1374999999999997,21.087500000000002,,17.045833333333334,,87.5,1011.9125,221.25,3.0,16.795833333333334,,12.716666666666667,,0.0,1021.4125,303.3333333333333,2.0416666666666665,16.795833333333334,,12.716666666666667,,0.0,1021.4125,303.3333333333333,2.0416666666666665
2016-09-19,26.904166666666665,4.0,23.0625,8.916666666666666,160.0,1014.6416666666668,165.65217391304347,2.341666666666667,15.729166666666666,,13.070833333333333,,0.0,1021.6875,297.9166666666667,1.55,19.783333333333335,,15.404166666666667,,0.0,1014.8833333333333,236.66666666666666,1.45,30.8125,2.4444444444444446,5.7375,0.0,,1011.7708333333334,170.0,3.9291666666666667,19.783333333333335,,15.404166666666667,,0.0,1014.8833333333333,236.66666666666666,1.45,15.729166666666666,,13.070833333333333,,0.0,1021.6875,297.9166666666667,1.55,15.729166666666666,,13.070833333333333,,0.0,1021.6875,297.9166666666667,1.55
2016-09-20,26.354166666666668,4.5,22.662499999999998,2.4166666666666665,55.0,1014.8541666666666,82.91666666666667,1.5666666666666667,16.054166666666667,,12.9,,1.0,1020.1875,200.83333333333334,1.7458333333333333,20.516666666666666,,12.495833333333332,,0.0,1016.1541666666667,235.0,2.891666666666667,29.537499999999998,7.5,15.325000000000001,-0.041666666666666664,0.0,1011.9625,277.0833333333333,4.366666666666666,20.516666666666666,,12.495833333333332,,0.0,1016.1541666666667,235.0,2.891666666666667,16.054166666666667,,12.9,,1.0,1020.1875,200.83333333333334,1.7458333333333333,16.054166666666667,,12.9,,1.0,1020.1875,200.83333333333334,1.7458333333333333
2016-09-21,27.47083333333333,4.857142857142857,22.870833333333334,-0.041666666666666664,-0.5,1014.9499999999999,108.0952380952381,2.154166666666667,17.712500000000002,0.0,12.9,,0.0,1018.0541666666667,122.5,2.85,19.858333333333334,,11.016666666666666,,0.0,1019.5166666666668,253.75,3.3083333333333336,30.629166666666666,3.7142857142857144,16.75,0.0,,1008.5083333333333,182.27272727272728,3.9,19.858333333333334,,11.016666666666666,,0.0,1019.5166666666668,253.75,3.3083333333333336,17.712500000000002,0.0,12.9,,0.0,1018.0541666666667,122.5,2.85,17.712500000000002,0.0,12.9,,0.0,1018.0541666666667,122.5,2.85
2016-09-22,27.433333333333334,3.5714285714285716,22.8,0.7083333333333334,20.0,1015.0,127.82608695652173,1.8416666666666668,16.4875,0.0,12.341666666666667,,0.0,1019.1625,216.25,3.4625,17.929166666666667,,13.35,17.0,7.5,1018.3291666666668,100.41666666666667,2.5500000000000003,26.52916666666667,3.6,19.766666666666666,1.1666666666666667,70.0,1007.1391304347826,164.7826086956522,3.029166666666667,17.929166666666667,,13.35,17.0,7.5,1018.3291666666668,100.41666666666667,2.5500000000000003,16.4875,0.0,12.341666666666667,,0.0,1019.1625,216.25,3.4625,16.4875,0.0,12.341666666666667,,0.0,1019.1625,216.25,3.4625
2016-09-23,27.8875,3.8461538461538463,23.075,-0.041666666666666664,,1015.5375,102.17391304347827,1.9749999999999999,14.700000000000001,0.0,7.5874999999999995,,0.0,1024.1000000000001,220.83333333333334,2.9291666666666667,13.216666666666667,,8.545833333333333,12.0,12.5,1019.6291666666666,197.08333333333334,3.0875,25.787499999999998,2.125,0.8124999999999997,0.0,,1009.5291666666667,268.2608695652174,3.704166666666666,13.216666666666667,,8.545833333333333,12.0,12.5,1019.6291666666666,197.08333333333334,3.0875,14.700000000000001,0.0,7.5874999999999995,,0.0,1024.1000000000001,220.83333333333334,2.9291666666666667,14.700000000000001,0.0,7.5874999999999995,,0.0,1024.1000000000001,220.83333333333334,2.9291666666666667
2016-09-24,27.866666666666664,4.8,22.545833333333334,0.0,-1.0,1016.4416666666666,82.6086956521739,1.7125000000000001,17.8,0.0,11.5,,0.0,1016.7521739130434,164.58333333333334,4.670833333333333,10.895833333333334,,4.066666666666666,2.0,0.5,1022.4666666666667,324.1666666666667,2.6999999999999997,25.116666666666664,0.0,0.9041666666666667,0.0,,1012.65,142.6086956521739,2.4458333333333333,10.895833333333334,,4.066666666666666,2.0,0.5,1022.4666666666667,324.1666666666667,2.6999999999999997,17.8,0.0,11.5,,0.0,1016.7521739130434,164.58333333333334,4.670833333333333,17.8,0.0,11.5,,0.0,1016.7521739130434,164.58333333333334,4.670833333333333
2016-09-25,27.46666666666667,3.5714285714285716,22.758333333333336,0.375,10.0,1016.1374999999999,66.66666666666667,1.8041666666666665,16.766666666666666,0.0,10.6,,-0.5,1014.7375000000001,219.58333333333334,5.4375,10.366666666666667,,3.8083333333333336,,0.0,1022.9,274.1666666666667,1.9541666666666666,28.5125,0.8333333333333334,2.1958333333333333,0.0,,1012.2125,194.5,2.775,10.366666666666667,,3.8083333333333336,,0.0,1022.9,274.1666666666667,1.9541666666666666,16.766666666666666,0.0,10.6,,-0.5,1014.7375000000001,219.58333333333334,5.4375,16.766666666666666,0.0,10.6,,-0.5,1014.7375000000001,219.58333333333334,5.4375
2016-09-26,24.891666666666666,5.111111111111111,22.15416666666667,1.9583333333333333,25.0,1015.125,97.27272727272727,1.4666666666666668,13.929166666666667,0.0,10.170833333333333,,2.0,1022.0375,180.0,3.1750000000000003,11.041666666666666,,5.808333333333334,3.0,0.0,1015.6916666666666,111.66666666666667,2.3583333333333334,28.104166666666668,5.6,8.754166666666666,-0.08333333333333333,-1.0,1014.0083333333333,113.33333333333333,4.4624999999999995,11.041666666666666,,5.808333333333334,3.0,0.0,1015.6916666666666,111.66666666666667,2.3583333333333334,13.929166666666667,0.0,10.170833333333333,,2.0,1022.0375,180.0,3.1750000000000003,13.929166666666667,0.0,10.170833333333333,,2.0,1022.0375,180.0,3.1750000000000003
2016-09-27,25.233333333333334,3.411764705882353,21.304166666666667,1.6666666666666667,40.0,1013.5916666666667,135.9090909090909,1.9083333333333332,15.816666666666668,0.0,13.320833333333333,,0.0,1022.5291666666667,184.16666666666666,4.375,15.583333333333334,,8.625,2.0,1.25,1010.0041666666666,192.08333333333334,2.6833333333333336,26.229166666666668,5.0,9.566666666666666,-0.08333333333333333,0.0,1012.6434782608695,85.9090909090909,3.8874999999999997,15.583333333333334,,8.625,2.0,1.25,1010.0041666666666,192.08333333333334,2.6833333333333336,15.816666666666668,0.0,13.320833333333333,,0.0,1022.5291666666667,184.16666666666666,4.375,15.816666666666668,0.0,13.320833333333333,,0.0,1022.5291666666667,184.16666666666666,4.375
2016-09-28,25.925,2.4285714285714284,21.425,0.25,5.0,1015.4333333333334,209.04761904761904,2.341666666666667,16.933333333333334,0.0,13.579166666666666,,0.0,1023.6541666666667,229.58333333333334,5.754166666666666,13.845833333333333,,10.15,,0.0,1021.5749999999999,69.16666666666667,4.3374999999999995,29.041666666666668,5.428571428571429,12.775,-0.125,0.0,1011.6416666666668,115.45454545454545,3.0749999999999997,13.845833333333333,,10.15,,0.0,1021.5749999999999,69.16666666666667,4.3374999999999995,16.933333333333334,0.0,13.579166666666666,,0.0,1023.6541666666667,229.58333333333334,5.754166666666666,16.933333333333334,0.0,13.579166666666666,,0.0,1023.6541666666667,229.58333333333334,5.754166666666666
2016-09-29,25.6875,3.8333333333333335,21.929166666666664,0.041666666666666664,1.6666666666666667,1016.6541666666667,198.75,3.154166666666667,16.63478260869565,0.0,11.869565217391305,,10.0,1015.091304347826,247.82608695652175,6.647826086956522,13.630434782608695,,7.1521739130434785,,0.0,1031.1739130434783,69.56521739130434,4.543478260869565,29.166666666666668,2.6153846153846154,14.483333333333334,0.041666666666666664,2.0,1014.8083333333334,105.23809523809524,2.891666666666667,13.630434782608695,,7.1521739130434785,,0.0,1031.1739130434783,69.56521739130434,4.543478260869565,16.63478260869565,0.0,11.869565217391305,,10.0,1015.091304347826,247.82608695652175,6.647826086956522,16.63478260869565,0.0,11.869565217391305,,10.0,1015.091304347826,247.82608695652175,6.647826086956522
2016-09-30,25.666666666666668,3.4285714285714284,21.933333333333334,9.916666666666666,240.0,1016.1875,162.91666666666666,2.6999999999999997,14.125,0.0,9.1,,-0.5,1012.3249999999999,226.66666666666666,4.3999999999999995,14.054166666666667,,6.466666666666666,,0.0,1029.9125000000001,62.5,3.808333333333333,29.495833333333334,2.1666666666666665,13.225000000000001,0.0,,1013.3833333333333,134.5,3.091666666666667,14.054166666666667,,6.466666666666666,,0.0,1029.9125000000001,62.5,3.808333333333333,14.125,0.0,9.1,,-0.5,1012.3249999999999,226.66666666666666,4.3999999999999995,14.125,0.0,9.1,,-0.5,1012.3249999999999,226.66666666666666,4.3999999999999995
2016-10-01,26.087500000000002,3.466666666666667,21.724999999999998,0.0,0.0,1016.275,126.52173913043478,2.2916666666666665,11.633333333333333,0.0,9.883333333333333,,20.0,1006.408695652174,201.66666666666666,2.475,14.35,,7.679166666666667,,0.0,1023.6041666666666,72.08333333333333,3.4749999999999996,29.670833333333334,2.4166666666666665,11.424999999999999,0.0,,1011.5500000000001,160.45454545454547,2.8625000000000003,14.35,,7.679166666666667,,0.0,1023.6041666666666,72.08333333333333,3.4749999999999996,11.633333333333333,0.0,9.883333333333333,,20.0,1006.408695652174,201.66666666666666,2.475,11.633333333333333,0.0,9.883333333333333,,20.0,1006.408695652174,201.66666666666666,2.475
2016-10-02,26.441666666666666,6.5,22.21666666666667,-0.125,-1.0,1015.3416666666667,131.7391304347826,2.7291666666666665,12.116666666666667,0.0,7.795833333333333,,3.0,1016.8291666666668,314.1666666666667,2.5375,13.554166666666667,,12.316666666666668,3.4285714285714284,5.0,1016.1333333333333,70.83333333333333,2.0833333333333335,24.462500000000002,3.375,15.983333333333334,1.5833333333333333,25.0,1010.4,125.0,3.8125,13.554166666666667,,12.316666666666668,3.4285714285714284,5.0,1016.1333333333333,70.83333333333333,2.0833333333333335,12.116666666666667,0.0,7.795833333333333,,3.0,1016.8291666666668,314.1666666666667,2.5375,12.116666666666667,0.0,7.795833333333333,,3.0,1016.8291666666668,314.1666666666667,2.5375
2016-10-03,26.295833333333334,6.4,22.058333333333334,1.1666666666666667,14.5,1012.4333333333334,103.75,3.8375,11.570833333333333,0.0,5.8125,,0.0,1028.675,141.66666666666666,1.8583333333333334,15.516666666666666,,11.5625,,1.25,1017.775,69.16666666666667,1.7541666666666667,24.004166666666666,1.4545454545454546,4.858333333333333,0.0,,1008.0500000000001,194.7826086956522,3.75,15.516666666666666,,11.5625,,1.25,1017.775,69.16666666666667,1.7541666666666667,11.570833333333333,0.0,5.8125,,0.0,1028.675,141.66666666666666,1.8583333333333334,11.570833333333333,0.0,5.8125,,0.0,1028.675,141.66666666666666,1.8583333333333334
2016-10-04,26.054166666666664,4.2,22.729166666666668,5.125,41.333333333333336,1011.3666666666667,124.16666666666667,3.733333333333333,14.104166666666666,0.0,10.1875,,0.0,1029.9916666666666,73.33333333333333,4.9875,12.883333333333333,,7.179166666666667,,0.0,1025.9041666666667,99.58333333333333,1.8125,23.09166666666667,0.0,0.6666666666666666,0.0,,1007.9208333333332,133.33333333333334,2.4,12.883333333333333,,7.179166666666667,,0.0,1025.9041666666667,99.58333333333333,1.8125,14.104166666666666,0.0,10.1875,,0.0,1029.9916666666666,73.33333333333333,4.9875,14.104166666666666,0.0,10.1875,,0.0,1029.9916666666666,73.33333333333333,4.9875
2016-10-05,26.870833333333334,3.2857142857142856,22.837500000000002,-0.041666666666666664,0.0,1011.6041666666666,175.0,4.108333333333333,13.641666666666666,0.0,6.829166666666667,,0.0,1029.5208333333333,85.0,6.170833333333333,13.766666666666666,,10.15,,0.0,1025.3875,114.16666666666667,1.3583333333333334,24.7625,1.0476190476190477,3.8333333333333335,0.0,,1008.125,136.08695652173913,3.1916666666666664,13.766666666666666,,10.15,,0.0,1025.3875,114.16666666666667,1.3583333333333334,13.641666666666666,0.0,6.829166666666667,,0.0,1029.5208333333333,85.0,6.170833333333333,13.641666666666666,0.0,6.829166666666667,,0.0,1029.5208333333333,85.0,6.170833333333333
2016-10-06,25.46666666666667,5.333333333333333,23.879166666666666,10.625,93.33333333333333,1009.0571428571429,122.91666666666667,5.770833333333333,12.170833333333334,0.0,4.883333333333334,,0.0,1025.4333333333334,53.333333333333336,3.829166666666666,14.520833333333334,,11.458333333333334,,0.0,1023.5833333333334,191.25,1.1875,25.675,2.0,5.2749999999999995,0.0,,1009.6083333333332,121.73913043478261,1.9124999999999999,14.520833333333334,,11.458333333333334,,0.0,1023.5833333333334,191.25,1.1875,12.170833333333334,0.0,4.883333333333334,,0.0,1025.4333333333334,53.333333333333336,3.829166666666666,12.170833333333334,0.0,4.883333333333334,,0.0,1025.4333333333334,53.333333333333336,3.829166666666666
2016-10-07,24.8,8.0,22.349999999999998,7.5,57.25,998.0583333333334,254.58333333333334,11.929166666666667,13.016666666666666,,9.433333333333334,,-0.5,1022.4739130434783,43.91304347826087,2.2041666666666666,15.783333333333333,,10.560869565217391,,0.0,1021.1083333333332,112.91666666666667,1.9708333333333332,27.041666666666668,1.6,4.095833333333333,0.0,,1009.9,102.91666666666667,1.5708333333333335,15.783333333333333,,10.560869565217391,,0.0,1021.1083333333332,112.91666666666667,1.9708333333333332,13.016666666666666,,9.433333333333334,,-0.5,1022.4739130434783,43.91304347826087,2.2041666666666666,13.016666666666666,,9.433333333333334,,-0.5,1022.4739130434783,43.91304347826087,2.2041666666666666
2016-10-08,26.925,4.4,21.15416666666667,0.0,,1009.1125000000001,283.75,5.1875,13.35,,10.079166666666667,,-0.5,1026.0083333333334,144.58333333333334,2.5125,14.575000000000001,,10.270833333333334,7.4,10.0,1014.3958333333334,229.16666666666666,3.7416666666666667,30.183333333333334,3.3684210526315788,8.795833333333333,0.0,,1009.6916666666666,95.0,3.1166666666666667,14.575000000000001,,10.270833333333334,7.4,10.0,1014.3958333333334,229.16666666666666,3.7416666666666667,13.35,,10.079166666666667,,-0.5,1026.0083333333334,144.58333333333334,2.5125,13.35,,10.079166666666667,,-0.5,1026.0083333333334,144.58333333333334,2.5125
2016-10-09,25.1875,2.260869565217391,19.3125,0.0,,1015.9708333333333,166.25,4.508333333333334,11.579166666666666,0.0,7.220833333333334,,0.0,1028.0166666666667,141.66666666666666,2.9916666666666667,8.170833333333333,,3.1666666666666665,,0.0,1022.9583333333334,317.0833333333333,3.5833333333333335,29.654166666666665,1.565217391304348,10.904166666666667,0.0,,1011.9875000000001,89.0909090909091,2.5625,8.170833333333333,,3.1666666666666665,,0.0,1022.9583333333334,317.0833333333333,3.5833333333333335,11.579166666666666,0.0,7.220833333333334,,0.0,1028.0166666666667,141.66666666666666,2.9916666666666667,11.579166666666666,0.0,7.220833333333334,,0.0,1028.0166666666667,141.66666666666666,2.9916666666666667
2016-10-10,22.383333333333336,2.4285714285714284,15.775,0.0,,1020.025,166.25,5.333333333333333,9.716666666666667,0.0,5.875,,0.0,1026.2166666666667,234.58333333333334,2.3291666666666666,5.9624999999999995,,0.21666666666666667,2.0,0.5,1028.7291666666667,290.0,2.9791666666666665,29.066666666666666,2.272727272727273,8.095833333333333,0.0,,1012.0958333333333,170.5,2.5749999999999997,5.9624999999999995,,0.21666666666666667,2.0,0.5,1028.7291666666667,290.0,2.9791666666666665,9.716666666666667,0.0,5.875,,0.0,1026.2166666666667,234.58333333333334,2.3291666666666666,9.716666666666667,0.0,5.875,,0.0,1026.2166666666667,234.58333333333334,2.3291666666666666
2016-10-11,23.020833333333332,7.0,17.820833333333333,0.125,2.0,1020.1541666666667,202.08333333333334,5.0125,10.299999999999999,0.0,6.220833333333334,,0.0,1022.8874999999999,95.0,1.8625,9.129166666666666,,3.3125,,0.0,1028.0666666666666,195.41666666666666,1.4083333333333332,28.233333333333334,0.0,5.279166666666667,0.0,,1011.6958333333333,147.14285714285714,2.6625,9.129166666666666,,3.3125,,0.0,1028.0666666666666,195.41666666666666,1.4083333333333332,10.299999999999999,0.0,6.220833333333334,,0.0,1022.8874999999999,95.0,1.8625,10.299999999999999,0.0,6.220833333333334,,0.0,1022.8874999999999,95.0,1.8625
2016-10-12,24.0625,4.25,20.091666666666665,0.375,4.333333333333333,1017.6458333333334,193.33333333333334,4.779166666666667,11.966666666666667,,8.383333333333333,,11.0,1020.1541666666667,82.5,3.283333333333333,13.454166666666666,,6.541666666666667,,0.0,1019.7416666666667,132.5,3.641666666666667,26.458333333333332,0.8421052631578947,1.1125,0.0,,1011.6750000000001,146.8181818181818,2.470833333333333,13.454166666666666,,6.541666666666667,,0.0,1019.7416666666667,132.5,3.641666666666667,11.966666666666667,,8.383333333333333,,11.0,1020.1541666666667,82.5,3.283333333333333,11.966666666666667,,8.383333333333333,,11.0,1020.1541666666667,82.5,3.283333333333333
2016-10-13,24.349999999999998,4.0,19.733333333333334,-0.20833333333333334,-0.6666666666666666,1017.6999999999999,152.5,4.445833333333334,10.745833333333332,,7.066666666666666,,4.5,1012.9652173913043,59.166666666666664,3.5875,10.424999999999999,,5.3875,7.0,3.0,1015.5083333333333,251.25,5.708333333333333,26.358333333333334,1.1666666666666667,0.49166666666666664,0.0,,1011.9916666666667,87.72727272727273,2.1875,10.424999999999999,,5.3875,7.0,3.0,1015.5083333333333,251.25,5.708333333333333,10.745833333333332,,7.066666666666666,,4.5,1012.9652173913043,59.166666666666664,3.5875,10.745833333333332,,7.066666666666666,,4.5,1012.9652173913043,59.166666666666664,3.5875
2016-10-14,25.083333333333332,4.5,19.679166666666667,-0.25,0.0,1019.7041666666668,64.16666666666667,4.729166666666667,11.770833333333334,,7.495833333333334,,0.0,1006.1391304347826,55.0,2.8249999999999997,6.320833333333333,,-0.1791666666666667,,0.0,1028.1458333333333,240.0,1.8541666666666667,27.066666666666666,1.4166666666666667,0.975,0.0,,1011.1208333333334,75.41666666666667,1.7291666666666667,6.320833333333333,,-0.1791666666666667,,0.0,1028.1458333333333,240.0,1.8541666666666667,11.770833333333334,,7.495833333333334,,0.0,1006.1391304347826,55.0,2.8249999999999997,11.770833333333334,,7.495833333333334,,0.0,1006.1391304347826,55.0,2.8249999999999997
2016-10-15,25.570833333333336,5.5,21.166666666666668,0.4583333333333333,2.5,1019.5791666666668,113.33333333333333,4.295833333333333,12.129166666666668,0.0,9.179166666666667,,-0.5,1006.7086956521739,144.58333333333334,3.0625,8.904166666666667,,2.4,,0.0,1023.5291666666667,123.75,2.6458333333333335,26.983333333333334,0.8333333333333334,2.1125,0.0,,1010.275,110.47619047619048,2.0791666666666666,8.904166666666667,,2.4,,0.0,1023.5291666666667,123.75,2.6458333333333335,12.129166666666668,0.0,9.179166666666667,,-0.5,1006.7086956521739,144.58333333333334,3.0625,12.129166666666668,0.0,9.179166666666667,,-0.5,1006.7086956521739,144.58333333333334,3.0625
2016-10-16,25.045833333333334,4.3076923076923075,20.508333333333333,0.125,2.25,1017.0916666666667,53.75,5.0625,12.787500000000001,0.0,10.633333333333333,,29.5,1012.0565217391304,152.08333333333334,4.241666666666666,16.208333333333332,,12.737499999999999,16.5,16.25,1011.3000000000001,222.91666666666666,3.8249999999999997,26.5625,2.0,3.3791666666666664,0.0,,1010.1999999999999,108.18181818181819,2.3583333333333334,16.208333333333332,,12.737499999999999,16.5,16.25,1011.3000000000001,222.91666666666666,3.8249999999999997,12.787500000000001,0.0,10.633333333333333,,29.5,1012.0565217391304,152.08333333333334,4.241666666666666,12.787500000000001,0.0,10.633333333333333,,29.5,1012.0565217391304,152.08333333333334,4.241666666666666
2016-10-17,24.854166666666668,2.4210526315789473,19.783333333333335,-0.041666666666666664,0.0,1014.975,100.41666666666667,4.1000000000000005,12.720833333333333,0.0,10.049999999999999,,5.0,1018.1913043478262,209.16666666666666,4.0625,11.475,,7.454166666666667,2.5,1.25,1012.6166666666667,167.91666666666666,3.1833333333333336,25.8625,2.0,6.004166666666666,0.0,,1008.3333333333334,160.43478260869566,2.8375,11.475,,7.454166666666667,2.5,1.25,1012.6166666666667,167.91666666666666,3.1833333333333336,12.720833333333333,0.0,10.049999999999999,,5.0,1018.1913043478262,209.16666666666666,4.0625,12.720833333333333,0.0,10.049999999999999,,5.0,1018.1913043478262,209.16666666666666,4.0625
2016-10-18,24.8,1.9166666666666667,19.083333333333332,0.0,,1015.8136363636364,78.75,4.0625,10.95217391304348,0.0,6.456521739130435,,-1.0,1019.8478260869565,255.83333333333334,5.304166666666666,15.825000000000001,,11.741666666666667,37.0,18.25,1002.8208333333333,161.25,5.470833333333334,25.741666666666664,0.4166666666666667,7.304166666666667,0.0,,1009.1625,111.42857142857143,2.1958333333333333,15.825000000000001,,11.741666666666667,37.0,18.25,1002.8208333333333,161.25,5.470833333333334,10.95217391304348,0.0,6.456521739130435,,-1.0,1019.8478260869565,255.83333333333334,5.304166666666666,10.95217391304348,0.0,6.456521739130435,,-1.0,1019.8478260869565,255.83333333333334,5.304166666666666
2016-10-19,23.891666666666666,2.4347826086956523,17.383333333333333,0.0,,1016.4458333333333,105.41666666666667,4.491666666666666,11.3125,,6.616666666666666,,0.0,1021.3249999999999,300.8333333333333,3.7708333333333335,12.579166666666666,,7.504166666666666,,0.0,1015.4083333333333,272.5,2.504166666666667,25.995833333333334,0.5,5.4375,0.0,,1011.65,111.81818181818181,1.7208333333333334,12.579166666666666,,7.504166666666666,,0.0,1015.4083333333333,272.5,2.504166666666667,11.3125,,6.616666666666666,,0.0,1021.3249999999999,300.8333333333333,3.7708333333333335,11.3125,,6.616666666666666,,0.0,1021.3249999999999,300.8333333333333,3.7708333333333335
2016-10-20,23.620833333333334,1.75,17.425,0.0,,1013.7291666666666,201.25,4.133333333333334,10.904166666666667,0.0,7.508333333333333,,-0.5,1021.1541666666667,306.25,3.095833333333333,9.458333333333334,,8.554166666666667,11.307692307692308,20.0,1019.2916666666666,64.58333333333333,2.225,27.320833333333336,0.08333333333333333,-1.175,0.0,,1012.9416666666666,92.72727272727273,2.658333333333333,9.458333333333334,,8.554166666666667,11.307692307692308,20.0,1019.2916666666666,64.58333333333333,2.225,10.904166666666667,0.0,7.508333333333333,,-0.5,1021.1541666666667,306.25,3.095833333333333,10.904166666666667,0.0,7.508333333333333,,-0.5,1021.1541666666667,306.25,3.095833333333333
2016-10-21,24.333333333333332,2.4444444444444446,18.316666666666666,-0.041666666666666664,0.0,1010.0708333333333,308.75,4.308333333333334,10.375,0.0,7.204166666666667,,0.0,1020.0916666666667,292.9166666666667,2.8249999999999997,8.9625,,7.2875000000000005,11.0,72.5,1009.9083333333333,291.6666666666667,4.220833333333333,28.84166666666667,0.0,4.645833333333333,0.0,,1011.225,83.63636363636364,2.9375,8.9625,,7.2875000000000005,11.0,72.5,1009.9083333333333,291.6666666666667,4.220833333333333,10.375,0.0,7.204166666666667,,0.0,1020.0916666666667,292.9166666666667,2.8249999999999997,10.375,0.0,7.204166666666667,,0.0,1020.0916666666667,292.9166666666667,2.8249999999999997
2016-10-22,19.166666666666668,0.4166666666666667,7.2250000000000005,0.0,,1015.2624999999999,318.3333333333333,4.091666666666667,9.325,0.0,6.575,,0.0,1016.4541666666668,132.91666666666666,2.2125,4.791666666666667,,2.908333333333333,5.5,25.0,1000.6374999999999,309.5833333333333,6.1499999999999995,29.075,1.4166666666666667,5.7749999999999995,0.0,,1009.525,135.2173913043478,2.3125,4.791666666666667,,2.908333333333333,5.5,25.0,1000.6374999999999,309.5833333333333,6.1499999999999995,9.325,0.0,6.575,,0.0,1016.4541666666668,132.91666666666666,2.2125,9.325,0.0,6.575,,0.0,1016.4541666666668,132.91666666666666,2.2125
2016-10-23,18.745833333333334,0.6666666666666666,9.5625,0.0,,1021.7666666666668,237.08333333333334,4.195833333333334,9.670833333333333,0.0,6.191666666666666,,0.0,1011.8000000000001,55.416666666666664,3.408333333333333,6.145833333333333,,-0.9416666666666665,,0.5,1003.3166666666666,273.75,7.925,27.916666666666668,2.1666666666666665,6.991666666666667,0.0,,1012.9916666666667,102.6086956521739,2.225,6.145833333333333,,-0.9416666666666665,,0.5,1003.3166666666666,273.75,7.925,9.670833333333333,0.0,6.191666666666666,,0.0,1011.8000000000001,55.416666666666664,3.408333333333333,9.670833333333333,0.0,6.191666666666666,,0.0,1011.8000000000001,55.416666666666664,3.408333333333333
2016-10-24,19.979166666666668,2.0,12.429166666666667,0.0,,1022.7666666666668,210.8695652173913,3.3208333333333333,11.245833333333332,,7.300000000000001,,-0.5,1013.1208333333334,54.166666666666664,3.0083333333333333,4.683333333333334,,-0.8333333333333334,,0.0,1012.9666666666667,288.75,4.95,27.320833333333336,6.0,9.154166666666667,0.0,,1014.2375000000001,100.9090909090909,2.404166666666667,4.683333333333334,,-0.8333333333333334,,0.0,1012.9666666666667,288.75,4.95,11.245833333333332,,7.300000000000001,,-0.5,1013.1208333333334,54.166666666666664,3.0083333333333333,11.245833333333332,,7.300000000000001,,-0.5,1013.1208333333334,54.166666666666664,3.0083333333333333
2016-10-25,21.158333333333335,5.2,14.654166666666667,0.0,,1021.85,164.58333333333334,3.1833333333333336,11.233333333333334,,9.058333333333334,,1.5,1022.7304347826087,66.08695652173913,1.4333333333333333,2.6875,,-2.9291666666666667,,0.0,1023.2125,292.5,4.6499999999999995,27.708333333333332,1.6363636363636365,12.270833333333334,0.0,,1013.8125,140.8695652173913,1.9791666666666667,2.6875,,-2.9291666666666667,,0.0,1023.2125,292.5,4.6499999999999995,11.233333333333334,,9.058333333333334,,1.5,1022.7304347826087,66.08695652173913,1.4333333333333333,11.233333333333334,,9.058333333333334,,1.5,1022.7304347826087,66.08695652173913,1.4333333333333333
2016-10-26,22.9375,2.8,16.7375,-0.041666666666666664,0.0,1022.4125,81.66666666666667,4.904166666666667,12.583333333333334,1.8,10.612499999999999,,-0.5,1028.3833333333334,242.91666666666666,3.375,0.6583333333333333,,-4.529166666666667,,0.0,1031.6499999999999,294.5833333333333,2.733333333333333,27.641666666666666,1.5,9.945833333333333,0.0,,1013.4499999999999,149.56521739130434,2.0833333333333335,0.6583333333333333,,-4.529166666666667,,0.0,1031.6499999999999,294.5833333333333,2.733333333333333,12.583333333333334,1.8,10.612499999999999,,-0.5,1028.3833333333334,242.91666666666666,3.375,12.583333333333334,1.8,10.612499999999999,,-0.5,1028.3833333333334,242.91666666666666,3.375
2016-10-27,23.679166666666664,5.428571428571429,16.537499999999998,-0.08333333333333333,,1021.8249999999999,55.833333333333336,5.016666666666667,11.904166666666667,0.0,9.595833333333333,,0.0,1031.9416666666666,240.0,4.145833333333333,0.2041666666666667,,-2.3,9.125,7.5,1025.55,82.91666666666667,4.366666666666666,29.2375,2.8,7.9125000000000005,0.0,,1011.1291666666666,135.45454545454547,2.0958333333333337,0.2041666666666667,,-2.3,9.125,7.5,1025.55,82.91666666666667,4.366666666666666,11.904166666666667,0.0,9.595833333333333,,0.0,1031.9416666666666,240.0,4.145833333333333,11.904166666666667,0.0,9.595833333333333,,0.0,1031.9416666666666,240.0,4.145833333333333
2016-10-28,23.645833333333332,4.222222222222222,17.129166666666666,0.0,0.0,1020.2041666666668,54.583333333333336,5.6625000000000005,14.0,0.0,10.570833333333333,,0.0,1033.8916666666667,257.0833333333333,3.5124999999999997,2.2624999999999997,,1.4541666666666666,9.142857142857142,28.0,1020.3166666666666,247.08333333333334,2.8791666666666664,28.59166666666667,5.333333333333333,8.3125,0.0,,1010.1374999999999,155.0,2.3416666666666663,2.2624999999999997,,1.4541666666666666,9.142857142857142,28.0,1020.3166666666666,247.08333333333334,2.8791666666666664,14.0,0.0,10.570833333333333,,0.0,1033.8916666666667,257.0833333333333,3.5124999999999997,14.0,0.0,10.570833333333333,,0.0,1033.8916666666667,257.0833333333333,3.5124999999999997
2016-10-29,23.916666666666668,3.6,17.795833333333334,0.0,,1019.8874999999999,45.833333333333336,5.5625,13.3375,0.0,11.487499999999999,,-0.5,1034.5083333333334,182.91666666666666,1.2083333333333333,4.6499999999999995,,3.6333333333333333,11.5,24.25,1010.9875000000001,158.33333333333334,2.6999999999999997,27.620833333333334,2.3636363636363638,7.429166666666667,0.0,,1012.6833333333334,86.95652173913044,2.408333333333333,4.6499999999999995,,3.6333333333333333,11.5,24.25,1010.9875000000001,158.33333333333334,2.6999999999999997,13.3375,0.0,11.487499999999999,,-0.5,1034.5083333333334,182.91666666666666,1.2083333333333333,13.3375,0.0,11.487499999999999,,-0.5,1034.5083333333334,182.91666666666666,1.2083333333333333
2016-10-30,23.866666666666664,4.615384615384615,17.70416666666667,0.0,,1018.8208333333333,50.0,4.3500000000000005,10.545833333333333,4.5,10.083333333333334,,0.0,1030.5541666666666,111.66666666666667,1.5083333333333335,4.741666666666666,,1.429166666666667,,0.0,1015.5958333333333,312.9166666666667,3.1208333333333336,27.15416666666667,2.6666666666666665,7.7250000000000005,0.0,,1012.3083333333334,109.5,1.8125,4.741666666666666,,1.429166666666667,,0.0,1015.5958333333333,312.9166666666667,3.1208333333333336,10.545833333333333,4.5,10.083333333333334,,0.0,1030.5541666666666,111.66666666666667,1.5083333333333335,10.545833333333333,4.5,10.083333333333334,,0.0,1030.5541666666666,111.66666666666667,1.5083333333333335
2016-10-31,22.608333333333334,2.0,17.3125,0.0,,1017.7624999999999,151.25,3.766666666666667,12.829166666666666,0.0,10.674999999999999,,0.0,1027.0478260869565,56.666666666666664,1.1958333333333333,1.5250000000000001,,-2.129166666666667,,0.0,1024.2041666666667,268.3333333333333,1.9458333333333335,25.1125,4.222222222222222,9.1,0.0,,1010.2958333333332,162.27272727272728,3.0666666666666664,1.5250000000000001,,-2.129166666666667,,0.0,1024.2041666666667,268.3333333333333,1.9458333333333335,12.829166666666666,0.0,10.674999999999999,,0.0,1027.0478260869565,56.666666666666664,1.1958333333333333,12.829166666666666,0.0,10.674999999999999,,0.0,1027.0478260869565,56.666666666666664,1.1958333333333333
2016-11-01,22.958333333333332,2.0,17.183333333333334,0.0,,1020.0291666666667,108.75,3.6208333333333336,9.395833333333334,0.0,7.858333333333333,,0.0,1024.2833333333333,140.41666666666666,2.1625,3.654166666666667,,0.2333333333333334,,0.0,1020.9291666666667,112.5,2.4625,23.104166666666668,2.8,4.091666666666667,0.0,,1010.4291666666667,165.0,1.95,3.654166666666667,,0.2333333333333334,,0.0,1020.9291666666667,112.5,2.4625,9.395833333333334,0.0,7.858333333333333,,0.0,1024.2833333333333,140.41666666666666,2.1625,9.395833333333334,0.0,7.858333333333333,,0.0,1024.2833333333333,140.41666666666666,2.1625
2016-11-02,23.445833333333336,3.3333333333333335,18.5125,0.0,,1021.9666666666667,142.08333333333334,4.329166666666667,6.620833333333334,0.0,2.6666666666666665,,0.0,1024.9666666666667,306.6666666666667,2.1583333333333337,9.370588235294118,,6.052941176470589,,0.0,1019.1333333333333,207.64705882352942,1.4411764705882353,22.34166666666667,2.4,3.4,0.0,,1012.0749999999999,196.95652173913044,2.2125,9.370588235294118,,6.052941176470589,,0.0,1019.1333333333333,207.64705882352942,1.4411764705882353,6.620833333333334,0.0,2.6666666666666665,,0.0,1024.9666666666667,306.6666666666667,2.1583333333333337,6.620833333333334,0.0,2.6666666666666665,,0.0,1024.9666666666667,306.6666666666667,2.1583333333333337
2016-11-03,22.6125,3.6666666666666665,17.158333333333335,-0.08333333333333333,-1.0,1020.9458333333333,134.58333333333334,3.5041666666666664,6.683333333333334,0.0,3.3333333333333335,,0.0,1021.3458333333333,257.5,2.3958333333333335,8.525,,6.508333333333333,8.142857142857142,12.0,1015.6571428571428,260.0,2.0791666666666666,22.212500000000002,4.5,9.9375,3.5833333333333335,30.666666666666668,1014.6333333333333,96.52173913043478,5.320833333333334,8.525,,6.508333333333333,8.142857142857142,12.0,1015.6571428571428,260.0,2.0791666666666666,6.683333333333334,0.0,3.3333333333333335,,0.0,1021.3458333333333,257.5,2.3958333333333335,6.683333333333334,0.0,3.3333333333333335,,0.0,1021.3458333333333,257.5,2.3958333333333335
2016-11-04,22.8625,3.076923076923077,17.0625,-0.125,,1018.0,203.33333333333334,2.6791666666666667,8.266666666666667,0.0,6.391666666666667,,2.5,1009.8208333333333,248.75,2.308333333333333,2.25,,-1.7791666666666668,,2.25,1022.6041666666666,283.3333333333333,3.2624999999999997,20.704166666666666,3.4444444444444446,12.754166666666668,0.0,,1015.7875,108.26086956521739,2.091666666666667,2.25,,-1.7791666666666668,,2.25,1022.6041666666666,283.3333333333333,3.2624999999999997,8.266666666666667,0.0,6.391666666666667,,2.5,1009.8208333333333,248.75,2.308333333333333,8.266666666666667,0.0,6.391666666666667,,2.5,1009.8208333333333,248.75,2.308333333333333
2016-11-05,22.004166666666666,2.6666666666666665,15.470833333333333,0.0,-1.0,1020.0583333333334,193.75,4.945833333333334,5.470833333333334,0.0,2.4875,,0.0,1006.0916666666667,299.1666666666667,3.3874999999999997,6.6125,,3.625,,0.0,1018.8625000000001,257.0833333333333,2.5124999999999997,21.808333333333334,1.5,11.6875,0.0,,1014.3625000000001,103.91304347826087,1.5333333333333334,6.6125,,3.625,,0.0,1018.8625000000001,257.0833333333333,2.5124999999999997,5.470833333333334,0.0,2.4875,,0.0,1006.0916666666667,299.1666666666667,3.3874999999999997,5.470833333333334,0.0,2.4875,,0.0,1006.0916666666667,299.1666666666667,3.3874999999999997
2016-11-06,20.6375,5.333333333333333,17.016666666666666,0.041666666666666664,1.0,1021.4875000000001,195.0,3.7916666666666665,4.483333333333333,0.0,0.6708333333333334,,0.0,1006.5666666666666,315.0,4.3,4.458333333333333,,-0.6666666666666666,,0.0,1027.4875,275.8333333333333,3.2291666666666665,22.204166666666666,1.5,11.25,0.0,,1014.6374999999999,103.04347826086956,2.1999999999999997,4.458333333333333,,-0.6666666666666666,,0.0,1027.4875,275.8333333333333,3.2291666666666665,4.483333333333333,0.0,0.6708333333333334,,0.0,1006.5666666666666,315.0,4.3,4.483333333333333,0.0,0.6708333333333334,,0.0,1006.5666666666666,315.0,4.3
2016-11-07,21.787499999999998,3.3333333333333335,14.2125,0.0,,1022.275,50.833333333333336,4.5125,5.904166666666666,0.0,2.225,,0.5,1011.8916666666668,313.3333333333333,4.533333333333333,4.883333333333334,,1.0999999999999999,,0.0,1029.0041666666666,163.33333333333334,2.2416666666666667,22.754166666666666,1.9166666666666667,10.841666666666667,0.0,,1016.3333333333334,120.0,1.9000000000000001,4.883333333333334,,1.0999999999999999,,0.0,1029.0041666666666,163.33333333333334,2.2416666666666667,5.904166666666666,0.0,2.225,,0.5,1011.8916666666668,313.3333333333333,4.533333333333333,5.904166666666666,0.0,2.225,,0.5,1011.8916666666668,313.3333333333333,4.533333333333333
2016-11-08,21.34583333333333,2.933333333333333,14.170833333333334,0.0,,1020.7916666666666,65.41666666666667,3.391666666666667,3.1666666666666665,0.0,0.4666666666666666,,0.0,1010.0291666666667,231.25,2.6958333333333333,7.7625,,3.8249999999999997,,0.0,1016.9166666666666,191.66666666666666,2.0458333333333334,25.679166666666664,1.8095238095238095,5.7875000000000005,0.0,,1017.3695652173913,75.41666666666667,4.141666666666667,7.7625,,3.8249999999999997,,0.0,1016.9166666666666,191.66666666666666,2.0458333333333334,3.1666666666666665,0.0,0.4666666666666666,,0.0,1010.0291666666667,231.25,2.6958333333333333,3.1666666666666665,0.0,0.4666666666666666,,0.0,1010.0291666666667,231.25,2.6958333333333333
2016-11-09,20.895833333333332,5.2,15.345833333333333,-0.20833333333333334,0.0,1017.7083333333334,129.1304347826087,1.6583333333333332,6.5625,,5.083333333333333,,40.0,1000.2166666666667,218.75,4.358333333333333,4.920833333333333,,-0.2124999999999999,,0.0,1015.3083333333334,323.3333333333333,4.5874999999999995,24.09166666666667,1.75,1.2,0.0,,1017.7041666666668,83.33333333333333,5.041666666666667,4.920833333333333,,-0.2124999999999999,,0.0,1015.3083333333334,323.3333333333333,4.5874999999999995,6.5625,,5.083333333333333,,40.0,1000.2166666666667,218.75,4.358333333333333,6.5625,,5.083333333333333,,40.0,1000.2166666666667,218.75,4.358333333333333
2016-11-10,20.25,1.3333333333333333,13.641666666666666,0.0,0.0,1019.4958333333334,165.9090909090909,2.7416666666666667,6.866666666666667,0.0,4.708333333333333,,-1.0,1007.5375,262.5,3.7416666666666667,5.691666666666666,,0.8625000000000002,,0.0,1006.6999999999999,215.0,4.333333333333333,22.454166666666666,1.75,1.5374999999999999,0.0,,1017.4041666666667,83.47826086956522,4.054166666666666,5.691666666666666,,0.8625000000000002,,0.0,1006.6999999999999,215.0,4.333333333333333,6.866666666666667,0.0,4.708333333333333,,-1.0,1007.5375,262.5,3.7416666666666667,6.866666666666667,0.0,4.708333333333333,,-1.0,1007.5375,262.5,3.7416666666666667
2016-11-11,18.6875,2.235294117647059,11.395833333333334,0.0,,1018.1208333333334,261.30434782608694,2.2708333333333335,6.0375000000000005,0.0,2.970833333333333,,1.0,1020.7791666666667,210.83333333333334,2.2208333333333337,4.895833333333333,,-3.3874999999999997,,0.0,1010.8249999999999,308.3333333333333,6.991666666666667,22.733333333333334,0.9166666666666666,4.995833333333334,0.0,,1018.2375000000001,75.0,3.4875000000000003,4.895833333333333,,-3.3874999999999997,,0.0,1010.8249999999999,308.3333333333333,6.991666666666667,6.0375000000000005,0.0,2.970833333333333,,1.0,1020.7791666666667,210.83333333333334,2.2208333333333337,6.0375000000000005,0.0,2.970833333333333,,1.0,1020.7791666666667,210.83333333333334,2.2208333333333337
2016-11-12,19.2375,3.7777777777777777,9.5875,0.0,,1017.9208333333332,121.36363636363636,1.4416666666666667,8.604166666666666,,7.754166666666666,,35.0,1016.8541666666666,162.91666666666666,2.733333333333333,2.7416666666666667,,-4.070833333333334,,0.0,1020.6041666666666,247.5,4.958333333333333,22.316666666666666,1.7777777777777777,3.8375,0.0,,1017.8541666666666,95.65217391304348,2.5083333333333333,2.7416666666666667,,-4.070833333333334,,0.0,1020.6041666666666,247.5,4.958333333333333,8.604166666666666,,7.754166666666666,,35.0,1016.8541666666666,162.91666666666666,2.733333333333333,8.604166666666666,,7.754166666666666,,35.0,1016.8541666666666,162.91666666666666,2.733333333333333
2016-11-13,20.0125,4.2,14.537500000000001,0.0,,1018.3625000000001,188.33333333333334,1.8083333333333333,7.8999999999999995,0.0,5.575,,0.5,1026.7541666666666,314.1666666666667,2.0541666666666667,7.654166666666666,,1.3791666666666667,,0.0,1012.2875,218.33333333333334,5.354166666666667,21.891666666666666,2.6315789473684212,4.341666666666667,0.0,,1017.1958333333333,77.82608695652173,1.2125000000000001,7.654166666666666,,1.3791666666666667,,0.0,1012.2875,218.33333333333334,5.354166666666667,7.8999999999999995,0.0,5.575,,0.5,1026.7541666666666,314.1666666666667,2.0541666666666667,7.8999999999999995,0.0,5.575,,0.5,1026.7541666666666,314.1666666666667,2.0541666666666667
2016-11-14,19.558333333333334,7.5,16.958333333333332,-0.125,0.0,1016.5,249.58333333333334,2.6333333333333333,9.700000000000001,,8.6,,1.0,1029.5625,229.16666666666666,3.6875,6.8999999999999995,,1.2421052631578948,,0.0,1012.1631578947367,215.26315789473685,3.4947368421052634,21.941666666666666,0.4,2.8041666666666667,0.0,,1017.6666666666666,118.26086956521739,1.5458333333333334,6.8999999999999995,,1.2421052631578948,,0.0,1012.1631578947367,215.26315789473685,3.4947368421052634,9.700000000000001,,8.6,,1.0,1029.5625,229.16666666666666,3.6875,9.700000000000001,,8.6,,1.0,1029.5625,229.16666666666666,3.6875
2016-11-15,17.995833333333334,3.2,12.820833333333333,0.0,-1.0,1014.8083333333334,278.2608695652174,2.6041666666666665,13.737499999999999,,12.420833333333334,,-0.5,1025.4416666666666,257.9166666666667,4.266666666666667,5.583333333333333,,2.433333333333333,,0.0,1013.5958333333333,89.16666666666667,1.6500000000000001,22.079166666666666,1.8,1.4541666666666666,0.0,,1014.8958333333334,108.69565217391305,2.0458333333333334,5.583333333333333,,2.433333333333333,,0.0,1013.5958333333333,89.16666666666667,1.6500000000000001,13.737499999999999,,12.420833333333334,,-0.5,1025.4416666666666,257.9166666666667,4.266666666666667,13.737499999999999,,12.420833333333334,,-0.5,1025.4416666666666,257.9166666666667,4.266666666666667
2016-11-16,18.212500000000002,0.5,9.954166666666667,0.0,,1014.5583333333334,270.0,2.920833333333333,12.262500000000001,0.0,9.950000000000001,,0.5,1015.4541666666668,245.41666666666666,6.045833333333333,5.95,,4.195652173913044,4.333333333333333,6.0,1008.1083333333332,289.1666666666667,1.929166666666667,20.537499999999998,7.0,1.7791666666666668,0.0,,1008.2916666666666,98.75,2.495833333333333,5.95,,4.195652173913044,4.333333333333333,6.0,1008.1083333333332,289.1666666666667,1.929166666666667,12.262500000000001,0.0,9.950000000000001,,0.5,1015.4541666666668,245.41666666666666,6.045833333333333,12.262500000000001,0.0,9.950000000000001,,0.5,1015.4541666666668,245.41666666666666,6.045833333333333
2016-11-17,18.220833333333335,0.25,10.854166666666666,0.0,,1018.7916666666666,92.6086956521739,2.4625,9.025,,5.654166666666666,,14.5,1000.7458333333334,227.91666666666666,6.141666666666667,6.545833333333333,,4.2,,0.0,1017.5500000000001,216.66666666666666,1.5999999999999999,17.808333333333334,0.5833333333333334,-5.395833333333333,0.0,,1010.125,232.17391304347825,3.608333333333334,6.545833333333333,,4.2,,0.0,1017.5500000000001,216.66666666666666,1.5999999999999999,9.025,,5.654166666666666,,14.5,1000.7458333333334,227.91666666666666,6.141666666666667,9.025,,5.654166666666666,,14.5,1000.7458333333334,227.91666666666666,6.141666666666667
2016-11-18,19.8875,1.9166666666666667,13.612499999999999,0.0,,1021.3458333333333,150.45454545454547,2.1666666666666665,5.3999999999999995,0.0,2.1333333333333333,,-1.0,995.7666666666668,234.16666666666666,5.125,4.983333333333333,,3.725,,0.0,1018.8458333333333,73.33333333333333,2.6625,16.554166666666667,0.0,-9.6,0.0,,1018.2624999999999,95.21739130434783,1.375,4.983333333333333,,3.725,,0.0,1018.8458333333333,73.33333333333333,2.6625,5.3999999999999995,0.0,2.1333333333333333,,-1.0,995.7666666666668,234.16666666666666,5.125,5.3999999999999995,0.0,2.1333333333333333,,-1.0,995.7666666666668,234.16666666666666,5.125
2016-11-19,20.099999999999998,1.6842105263157894,13.720833333333333,0.0,,1020.1458333333334,229.16666666666666,2.5625,4.708333333333333,0.0,2.5875,,0.0,1000.2541666666666,198.33333333333334,3.533333333333333,5.429166666666666,,4.222727272727273,,0.0,1007.8083333333334,110.83333333333333,4.004166666666666,20.625,1.4736842105263157,-3.545833333333333,0.0,,1017.5416666666666,69.16666666666667,2.2666666666666666,5.429166666666666,,4.222727272727273,,0.0,1007.8083333333334,110.83333333333333,4.004166666666666,4.708333333333333,0.0,2.5875,,0.0,1000.2541666666666,198.33333333333334,3.533333333333333,4.708333333333333,0.0,2.5875,,0.0,1000.2541666666666,198.33333333333334,3.533333333333333
2016-11-20,14.862499999999999,0.08695652173913043,1.2041666666666666,0.0,,1020.6625,319.1304347826087,4.833333333333333,6.870833333333334,,5.441666666666666,,25.0,989.0523809523809,188.33333333333334,5.191666666666666,0.23750000000000004,,-0.9173913043478261,5.578947368421052,25.0,996.625,281.25,6.283333333333332,19.375,6.5,3.529166666666667,-0.16666666666666666,-0.5,1014.8000000000001,162.08333333333334,2.3833333333333333,0.23750000000000004,,-0.9173913043478261,5.578947368421052,25.0,996.625,281.25,6.283333333333332,6.870833333333334,,5.441666666666666,,25.0,989.0523809523809,188.33333333333334,5.191666666666666,6.870833333333334,,5.441666666666666,,25.0,989.0523809523809,188.33333333333334,5.191666666666666
2016-11-21,13.145833333333334,0.0,-1.9791666666666667,0.0,,1020.1625,273.3333333333333,2.6625,8.895833333333334,,7.833333333333333,,30.0,989.0666666666666,105.83333333333333,4.6625,-2.9,,-4.720833333333333,3.8,2.75,999.0,280.4166666666667,7.804166666666667,17.3625,2.6666666666666665,11.237499999999999,1.0833333333333333,15.0,1011.4208333333332,157.27272727272728,3.6041666666666665,-2.9,,-4.720833333333333,3.8,2.75,999.0,280.4166666666667,7.804166666666667,8.895833333333334,,7.833333333333333,,30.0,989.0666666666666,105.83333333333333,4.6625,8.895833333333334,,7.833333333333333,,30.0,989.0666666666666,105.83333333333333,4.6625
2016-11-22,15.504166666666665,0.11764705882352941,7.083333333333333,0.0,,1021.4041666666667,165.41666666666666,2.3291666666666666,9.7875,,6.508333333333333,,3.0,999.4666666666667,192.08333333333334,5.791666666666667,-1.3727272727272728,,-5.068181818181818,,6.666666666666667,1015.7136363636364,294.09090909090907,6.622727272727272,15.75,0.4,7.220833333333334,0.0,,1016.8458333333333,108.26086956521739,1.875,-1.3727272727272728,,-5.068181818181818,,6.666666666666667,1015.7136363636364,294.09090909090907,6.622727272727272,9.7875,,6.508333333333333,,3.0,999.4666666666667,192.08333333333334,5.791666666666667,9.7875,,6.508333333333333,,3.0,999.4666666666667,192.08333333333334,5.791666666666667
2016-11-23,19.658333333333335,3.272727272727273,14.304166666666667,0.0,,1022.1666666666666,172.5,2.595833333333333,7.719047619047619,,6.057142857142857,,0.0,1017.4857142857143,120.95238095238095,3.0857142857142854,-3.1695652173913045,,-5.469565217391304,,0.0,1026.5434782608695,278.2608695652174,3.882608695652174,16.779166666666665,1.3043478260869565,5.091666666666667,0.0,,1017.0833333333334,189.54545454545453,2.1708333333333334,-3.1695652173913045,,-5.469565217391304,,0.0,1026.5434782608695,278.2608695652174,3.882608695652174,7.719047619047619,,6.057142857142857,,0.0,1017.4857142857143,120.95238095238095,3.0857142857142854,7.719047619047619,,6.057142857142857,,0.0,1017.4857142857143,120.95238095238095,3.0857142857142854
2016-11-24,20.745833333333334,4.0,16.191666666666666,0.0,,1022.8541666666666,138.69565217391303,2.1083333333333334,9.620833333333334,0.0,6.341666666666666,,-0.5,1022.9458333333333,47.083333333333336,5.691666666666666,-1.6375,,-2.6791666666666667,5.363636363636363,14.25,1024.4875,75.41666666666667,3.6999999999999997,16.954166666666666,1.6,-1.4458333333333335,0.0,,1018.3125,165.9090909090909,1.4625000000000001,-1.6375,,-2.6791666666666667,5.363636363636363,14.25,1024.4875,75.41666666666667,3.6999999999999997,9.620833333333334,0.0,6.341666666666666,,-0.5,1022.9458333333333,47.083333333333336,5.691666666666666,9.620833333333334,0.0,6.341666666666666,,-0.5,1022.9458333333333,47.083333333333336,5.691666666666666
2016-11-25,21.75,2.9411764705882355,15.424999999999999,0.0,,1022.7458333333334,96.08695652173913,1.9375,7.6125,0.0,3.2458333333333336,,0.0,1021.9541666666668,45.833333333333336,4.795833333333333,0.25,,-0.3,2.0,1.5,1022.0749999999999,93.33333333333333,1.9041666666666668,17.995833333333334,1.0,-4.354166666666667,0.0,,1017.9666666666667,99.58333333333333,2.595833333333333,0.25,,-0.3,2.0,1.5,1022.0749999999999,93.33333333333333,1.9041666666666668,7.6125,0.0,3.2458333333333336,,0.0,1021.9541666666668,45.833333333333336,4.795833333333333,7.6125,0.0,3.2458333333333336,,0.0,1021.9541666666668,45.833333333333336,4.795833333333333
2016-11-26,19.879166666666666,4.75,13.520833333333334,0.0,,1020.525,212.5,3.1166666666666667,5.691666666666666,0.0,4.433333333333334,,0.0,1021.0749999999999,30.0,2.4125,1.0739130434782609,,-0.40454545454545454,2.0,1.0,1019.5391304347827,275.2173913043478,2.2086956521739127,18.150000000000002,3.6363636363636362,1.3041666666666667,0.0,,1013.5041666666666,109.58333333333333,3.216666666666667,1.0739130434782609,,-0.40454545454545454,2.0,1.0,1019.5391304347827,275.2173913043478,2.2086956521739127,5.691666666666666,0.0,4.433333333333334,,0.0,1021.0749999999999,30.0,2.4125,5.691666666666666,0.0,4.433333333333334,,0.0,1021.0749999999999,30.0,2.4125
2016-11-27,19.045833333333334,3.0526315789473686,12.0875,0.0,,1019.3791666666666,176.25,4.5874999999999995,6.908333333333334,,4.175,,0.0,1024.9541666666667,61.666666666666664,2.7375000000000003,0.24166666666666667,,-2.283333333333333,,0.0,1019.5416666666666,301.6666666666667,2.6416666666666666,13.808333333333332,4.0,3.516666666666667,2.2083333333333335,60.0,1012.2565217391304,219.1304347826087,4.420833333333333,0.24166666666666667,,-2.283333333333333,,0.0,1019.5416666666666,301.6666666666667,2.6416666666666666,6.908333333333334,,4.175,,0.0,1024.9541666666667,61.666666666666664,2.7375000000000003,6.908333333333334,,4.175,,0.0,1024.9541666666667,61.666666666666664,2.7375000000000003
2016-11-28,20.291666666666668,2.142857142857143,14.075000000000001,0.0,,1016.7708333333334,98.33333333333333,4.1499999999999995,6.329166666666667,0.0,0.15416666666666667,,0.0,1029.9666666666667,59.166666666666664,3.9375,-0.9708333333333333,,-4.041666666666667,,0.0,1020.6666666666666,180.41666666666666,2.9875000000000003,11.233333333333334,4.25,5.108333333333333,0.0,,1010.7291666666666,102.6086956521739,2.091666666666667,-0.9708333333333333,,-4.041666666666667,,0.0,1020.6666666666666,180.41666666666666,2.9875000000000003,6.329166666666667,0.0,0.15416666666666667,,0.0,1029.9666666666667,59.166666666666664,3.9375,6.329166666666667,0.0,0.15416666666666667,,0.0,1029.9666666666667,59.166666666666664,3.9375
2016-11-29,23.120833333333334,3.0,17.883333333333333,0.0,,1015.6041666666666,143.33333333333334,4.179166666666666,2.0375,0.0,-2.6041666666666665,,0.0,1034.0833333333333,56.25,1.8375000000000001,-0.045833333333333344,,-0.959090909090909,5.0,3.25,1011.5166666666668,67.91666666666667,4.404166666666667,11.295833333333334,1.7142857142857142,-0.6874999999999999,0.0,,1013.2875,245.0,2.6625,-0.045833333333333344,,-0.959090909090909,5.0,3.25,1011.5166666666668,67.91666666666667,4.404166666666667,2.0375,0.0,-2.6041666666666665,,0.0,1034.0833333333333,56.25,1.8375000000000001,2.0375,0.0,-2.6041666666666665,,0.0,1034.0833333333333,56.25,1.8375000000000001
2016-11-30,22.59166666666667,2.7777777777777777,19.4625,0.4166666666666667,10.0,1014.9708333333333,171.25,4.254166666666667,0.6875,0.0,-2.65,,0.0,1034.8416666666667,277.0833333333333,1.6333333333333335,2.4250000000000003,,2.341666666666667,4.25,2.5,1008.1041666666666,72.08333333333333,4.133333333333334,10.695833333333333,0.5,-3.433333333333333,0.0,,1016.7375000000001,143.04347826086956,1.6958333333333335,2.4250000000000003,,2.341666666666667,4.25,2.5,1008.1041666666666,72.08333333333333,4.133333333333334,0.6875,0.0,-2.65,,0.0,1034.8416666666667,277.0833333333333,1.6333333333333335,0.6875,0.0,-2.65,,0.0,1034.8416666666667,277.0833333333333,1.6333333333333335
2016-12-01,22.558333333333334,4.0,19.183333333333334,0.0,,1015.1545454545455,220.41666666666666,3.4375,2.1999999999999997,0.0,-1.1708333333333334,,0.0,1030.95,276.6666666666667,2.154166666666667,6.008333333333333,,4.008695652173913,24.6,62.5,997.0958333333333,204.58333333333334,5.320833333333334,10.700000000000001,2.6666666666666665,-3.025,0.0,,1013.3833333333333,142.6086956521739,2.2416666666666667,6.008333333333333,,4.008695652173913,24.6,62.5,997.0958333333333,204.58333333333334,5.320833333333334,2.1999999999999997,0.0,-1.1708333333333334,,0.0,1030.95,276.6666666666667,2.154166666666667,2.1999999999999997,0.0,-1.1708333333333334,,0.0,1030.95,276.6666666666667,2.154166666666667
2016-12-02,18.0125,0.6666666666666666,8.954166666666667,0.0,,1019.775,174.58333333333334,4.108333333333333,5.945833333333333,,4.0249999999999995,,0.0,1026.9416666666666,163.75,1.2833333333333334,3.529166666666667,,0.3125,,0.0,1005.3791666666666,256.25,5.129166666666666,11.295833333333334,4.857142857142857,-1.9000000000000001,0.0,,1011.7416666666667,170.83333333333334,2.566666666666667,3.529166666666667,,0.3125,,0.0,1005.3791666666666,256.25,5.129166666666666,5.945833333333333,,4.0249999999999995,,0.0,1026.9416666666666,163.75,1.2833333333333334,5.945833333333333,,4.0249999999999995,,0.0,1026.9416666666666,163.75,1.2833333333333334
2016-12-03,18.591666666666665,2.142857142857143,11.75,0.0,,1020.475,156.66666666666666,4.016666666666667,5.654166666666666,0.0,1.9083333333333332,,1.0,1025.4875,61.666666666666664,3.233333333333333,1.125,,-3.658333333333333,,0.0,1017.35,308.3333333333333,5.075,12.779166666666667,0.75,-2.6458333333333335,0.0,,1012.9083333333333,221.25,2.154166666666667,1.125,,-3.658333333333333,,0.0,1017.35,308.3333333333333,5.075,5.654166666666666,0.0,1.9083333333333332,,1.0,1025.4875,61.666666666666664,3.233333333333333,5.654166666666666,0.0,1.9083333333333332,,1.0,1025.4875,61.666666666666664,3.233333333333333
2016-12-04,21.099999999999998,2.0,15.629166666666668,0.0,,1018.0791666666668,110.83333333333333,3.5375,3.4125,0.0,-0.23333333333333336,,0.0,1023.9583333333334,70.0,2.9458333333333333,-1.4000000000000001,,-5.933333333333334,,0.0,1023.9166666666666,242.08333333333334,2.4208333333333334,13.3125,0.4166666666666667,-5.404166666666666,0.0,,1015.4541666666668,70.43478260869566,0.9249999999999999,-1.4000000000000001,,-5.933333333333334,,0.0,1023.9166666666666,242.08333333333334,2.4208333333333334,3.4125,0.0,-0.23333333333333336,,0.0,1023.9583333333334,70.0,2.9458333333333333,3.4125,0.0,-0.23333333333333336,,0.0,1023.9583333333334,70.0,2.9458333333333333
2016-12-05,23.583333333333332,3.066666666666667,19.358333333333334,-0.041666666666666664,,1014.6708333333332,155.83333333333334,3.7125,3.15,0.0,1.1791666666666667,,0.0,1024.5,51.25,1.7333333333333334,-3.0,,-4.143478260869565,7.375,15.75,1014.3521739130434,163.47826086956522,2.4782608695652173,12.883333333333333,2.8333333333333335,-4.254166666666666,0.0,,1012.1875,94.0909090909091,2.1875,-3.0,,-4.143478260869565,7.375,15.75,1014.3521739130434,163.47826086956522,2.4782608695652173,3.15,0.0,1.1791666666666667,,0.0,1024.5,51.25,1.7333333333333334,3.15,0.0,1.1791666666666667,,0.0,1024.5,51.25,1.7333333333333334
2016-12-06,23.875,3.0,21.1375,7.833333333333333,63.0,1012.2541666666666,215.0,5.166666666666667,6.891666666666667,,6.258333333333333,,0.0,1027.0708333333334,143.33333333333334,1.9083333333333334,-1.0958333333333334,,-2.766666666666667,2.0,0.5,1017.875,156.66666666666666,2.3291666666666666,13.095833333333333,5.333333333333333,1.0416666666666667,0.0,,1011.6833333333334,76.08695652173913,2.3833333333333333,-1.0958333333333334,,-2.766666666666667,2.0,0.5,1017.875,156.66666666666666,2.3291666666666666,6.891666666666667,,6.258333333333333,,0.0,1027.0708333333334,143.33333333333334,1.9083333333333334,6.891666666666667,,6.258333333333333,,0.0,1027.0708333333334,143.33333333333334,1.9083333333333334
2016-12-07,20.408333333333335,2.5714285714285716,15.558333333333335,0.0,,1017.1913043478262,272.27272727272725,2.191666666666667,10.870833333333332,,9.079166666666667,,0.0,1026.3416666666667,194.16666666666666,3.170833333333333,0.5166666666666667,,-2.2375000000000003,2.8333333333333335,3.75,1011.2791666666667,156.66666666666666,4.020833333333333,13.654166666666667,4.4,5.425,0.0,,1014.9916666666667,158.63636363636363,2.4208333333333334,0.5166666666666667,,-2.2375000000000003,2.8333333333333335,3.75,1011.2791666666667,156.66666666666666,4.020833333333333,10.870833333333332,,9.079166666666667,,0.0,1026.3416666666667,194.16666666666666,3.170833333333333,10.870833333333332,,9.079166666666667,,0.0,1026.3416666666667,194.16666666666666,3.170833333333333
2016-12-08,17.708333333333332,2.923076923076923,12.545833333333334,0.0,,1020.3583333333332,302.60869565217394,3.470833333333333,11.620833333333332,,10.116666666666667,,0.0,1025.625,201.25,3.9791666666666665,-0.13749999999999998,,-3.483333333333333,3.75,2.25,1008.9625,245.0,4.7875000000000005,13.245833333333332,1.5,4.0249999999999995,0.0,,1020.9083333333333,125.45454545454545,1.1916666666666667,-0.13749999999999998,,-3.483333333333333,3.75,2.25,1008.9625,245.0,4.7875000000000005,11.620833333333332,,10.116666666666667,,0.0,1025.625,201.25,3.9791666666666665,11.620833333333332,,10.116666666666667,,0.0,1025.625,201.25,3.9791666666666665
2016-12-09,13.387500000000001,7.0,6.9750000000000005,-0.3333333333333333,-1.0,1025.3374999999999,239.16666666666666,6.154166666666666,12.229166666666666,0.0,10.5875,,-0.5,1025.4666666666667,202.08333333333334,3.808333333333333,-5.7124999999999995,,-10.637500000000001,2.0,2.25,1019.5375,297.0833333333333,5.554166666666667,14.674999999999999,2.3529411764705883,3.7375000000000003,0.0,,1021.2208333333333,98.75,1.4708333333333332,-5.7124999999999995,,-10.637500000000001,2.0,2.25,1019.5375,297.0833333333333,5.554166666666667,12.229166666666666,0.0,10.5875,,-0.5,1025.4666666666667,202.08333333333334,3.808333333333333,12.229166666666666,0.0,10.5875,,-0.5,1025.4666666666667,202.08333333333334,3.808333333333333
2016-12-10,15.487499999999999,3.7142857142857144,9.270833333333334,0.0,,1026.7583333333334,152.08333333333334,4.741666666666666,11.758333333333333,,10.545833333333333,,-0.5,1020.875,224.58333333333334,4.520833333333333,-9.054166666666667,,-11.700000000000001,,0.0,1027.7833333333333,258.75,2.3208333333333333,15.170833333333334,3.411764705882353,3.4458333333333333,0.0,,1017.9583333333334,88.69565217391305,1.3125,-9.054166666666667,,-11.700000000000001,,0.0,1027.7833333333333,258.75,2.3208333333333333,11.758333333333333,,10.545833333333333,,-0.5,1020.875,224.58333333333334,4.520833333333333,11.758333333333333,,10.545833333333333,,-0.5,1020.875,224.58333333333334,4.520833333333333
2016-12-11,18.570833333333333,2.6153846153846154,14.9625,0.125,5.0,1023.9458333333333,108.33333333333333,3.658333333333333,6.616666666666667,0.0,5.366666666666667,,20.0,1024.7291666666667,246.25,3.3666666666666667,-8.1125,,-9.799999999999999,3.4,0.75,1027.7875000000001,100.41666666666667,2.2708333333333335,16.258333333333333,4.6,4.320833333333334,0.0,,1015.7166666666667,105.0,1.9166666666666667,-8.1125,,-9.799999999999999,3.4,0.75,1027.7875000000001,100.41666666666667,2.2708333333333335,6.616666666666667,0.0,5.366666666666667,,20.0,1024.7291666666667,246.25,3.3666666666666667,6.616666666666667,0.0,5.366666666666667,,20.0,1024.7291666666667,246.25,3.3666666666666667
2016-12-12,22.47083333333333,5.071428571428571,18.695833333333333,0.0,-1.0,1019.3791666666666,184.16666666666666,2.033333333333333,7.208333333333333,9.0,6.529166666666666,,1.0,1022.5041666666666,145.0,3.0291666666666663,-4.308695652173912,,-5.3304347826086955,5.133333333333334,30.0,1008.9130434782609,139.56521739130434,3.226086956521739,16.662499999999998,4.166666666666667,5.175,,,1015.0916666666667,78.0952380952381,1.6958333333333335,-4.308695652173912,,-5.3304347826086955,5.133333333333334,30.0,1008.9130434782609,139.56521739130434,3.226086956521739,7.208333333333333,9.0,6.529166666666666,,1.0,1022.5041666666666,145.0,3.0291666666666663,7.208333333333333,9.0,6.529166666666666,,1.0,1022.5041666666666,145.0,3.0291666666666663
2016-12-13,21.825,2.8181818181818183,17.566666666666666,0.0,,1018.2583333333333,81.42857142857143,0.7666666666666666,10.8375,,9.929166666666667,,0.5,1019.9541666666668,175.41666666666666,3.1791666666666667,-2.1374999999999997,,-5.3125,,0.0,1014.1041666666666,221.66666666666666,4.341666666666667,16.93913043478261,6.0,6.086956521739131,0.0,,1016.0200000000001,65.45454545454545,1.643478260869565,-2.1374999999999997,,-5.3125,,0.0,1014.1041666666666,221.66666666666666,4.341666666666667,10.8375,,9.929166666666667,,0.5,1019.9541666666668,175.41666666666666,3.1791666666666667,10.8375,,9.929166666666667,,0.5,1019.9541666666668,175.41666666666666,3.1791666666666667
2016-12-14,21.675,2.5,16.454166666666666,0.0,,1017.65,176.36363636363637,2.0,9.454166666666667,0.0,6.833333333333333,,-0.5,1019.7708333333334,135.83333333333334,3.095833333333333,-6.266666666666667,,-10.479166666666666,7.333333333333333,0.0,1010.0,245.0,4.675,17.037499999999998,5.0,6.066666666666666,0.0,,1017.3333333333334,81.30434782608695,1.6416666666666666,-6.266666666666667,,-10.479166666666666,7.333333333333333,0.0,1010.0,245.0,4.675,9.454166666666667,0.0,6.833333333333333,,-0.5,1019.7708333333334,135.83333333333334,3.095833333333333,9.454166666666667,0.0,6.833333333333333,,-0.5,1019.7708333333334,135.83333333333334,3.095833333333333
2016-12-15,20.2375,2.2666666666666666,14.275,0.0,,1019.4217391304348,226.66666666666666,4.354166666666667,8.575000000000001,0.0,7.2625,,0.0,1019.0124999999999,130.83333333333334,3.404166666666667,-14.5875,,-19.95,2.0,5.5,1010.9958333333334,282.9166666666667,5.683333333333334,17.629166666666666,4.444444444444445,5.633333333333333,0.125,3.0,1014.6125000000001,103.91304347826087,1.9333333333333333,-14.5875,,-19.95,2.0,5.5,1010.9958333333334,282.9166666666667,5.683333333333334,8.575000000000001,0.0,7.2625,,0.0,1019.0124999999999,130.83333333333334,3.404166666666667,8.575000000000001,0.0,7.2625,,0.0,1019.0124999999999,130.83333333333334,3.404166666666667
2016-12-16,18.141666666666666,2.1818181818181817,12.058333333333332,0.0,,1022.35,108.26086956521739,3.370833333333333,9.575000000000001,,7.929166666666667,,0.0,1024.925,143.75,2.0,-19.7625,,-23.770833333333332,,0.0,1026.1499999999999,176.66666666666666,2.470833333333333,17.916666666666668,6.0,10.954166666666666,0.875,11.5,1008.225,132.91666666666666,3.5,-19.7625,,-23.770833333333332,,0.0,1026.1499999999999,176.66666666666666,2.470833333333333,9.575000000000001,,7.929166666666667,,0.0,1024.925,143.75,2.0,9.575000000000001,,7.929166666666667,,0.0,1024.925,143.75,2.0
2016-12-17,21.645833333333332,2.6315789473684212,16.6875,0.0,,1020.9166666666666,117.08333333333333,3.0208333333333335,6.4375,3.6,6.3,,0.0,1037.5541666666666,257.0833333333333,1.3333333333333333,-11.8125,,-13.450000000000001,4.846153846153846,12.5,1013.8083333333334,63.75,3.4125,13.120833333333332,1.368421052631579,-3.016666666666666,-0.041666666666666664,0.0,1013.1541666666667,224.16666666666666,5.4875,-11.8125,,-13.450000000000001,4.846153846153846,12.5,1013.8083333333334,63.75,3.4125,6.4375,3.6,6.3,,0.0,1037.5541666666666,257.0833333333333,1.3333333333333333,6.4375,3.6,6.3,,0.0,1037.5541666666666,257.0833333333333,1.3333333333333333
2016-12-18,24.28333333333333,5.6,20.55,2.0,,1021.5416666666666,156.66666666666666,3.045833333333333,6.745833333333334,,6.104166666666667,,0.0,1036.2291666666667,249.58333333333334,1.4666666666666668,-9.738888888888889,,-11.983333333333333,9.0,24.75,1014.1111111111111,227.22222222222223,4.1,10.1625,1.5,-4.033333333333333,0.0,,1020.4958333333334,130.0,1.7166666666666668,-9.738888888888889,,-11.983333333333333,9.0,24.75,1014.1111111111111,227.22222222222223,4.1,6.745833333333334,,6.104166666666667,,0.0,1036.2291666666667,249.58333333333334,1.4666666666666668,6.745833333333334,,6.104166666666667,,0.0,1036.2291666666667,249.58333333333334,1.4666666666666668
2016-12-19,24.525000000000002,5.6,21.125,0.0,50.0,1025.7652173913043,75.21739130434783,1.6708333333333334,5.8125,,4.920833333333333,,-0.5,1027.3791666666666,210.0,1.7916666666666667,-18.358333333333334,,-21.195833333333333,2.0,0.5,1039.7333333333333,146.25,1.7375,13.341666666666667,2.3,-3.9499999999999997,0.0,,1023.1791666666667,105.45454545454545,2.9583333333333335,-18.358333333333334,,-21.195833333333333,2.0,0.5,1039.7333333333333,146.25,1.7375,5.8125,,4.920833333333333,,-0.5,1027.3791666666666,210.0,1.7916666666666667,5.8125,,4.920833333333333,,-0.5,1027.3791666666666,210.0,1.7916666666666667
2016-12-20,19.370833333333334,7.5,17.366666666666667,6.083333333333333,380.0,1025.6217391304347,160.41666666666666,4.283333333333333,5.504166666666666,,3.0875,,-0.5,1021.1708333333332,126.66666666666667,3.3041666666666667,-9.285714285714286,,-11.995238095238095,,0.0,1023.6809523809524,182.85714285714286,3.3523809523809525,16.7375,6.5,-0.26666666666666666,0.0,,1022.1416666666668,111.66666666666667,2.029166666666667,-9.285714285714286,,-11.995238095238095,,0.0,1023.6809523809524,182.85714285714286,3.3523809523809525,5.504166666666666,,3.0875,,-0.5,1021.1708333333332,126.66666666666667,3.3041666666666667,5.504166666666666,,3.0875,,-0.5,1021.1708333333332,126.66666666666667,3.3041666666666667
2016-12-21,15.620833333333335,4.75,13.191666666666668,-0.16666666666666666,-1.0,1023.3958333333334,215.83333333333334,4.320833333333333,9.291666666666666,,7.45,,1.0,1019.4291666666667,211.66666666666666,4.675,0.10416666666666669,,-4.358333333333333,,0.0,1014.525,223.75,4.8,17.908333333333335,7.5,5.8999999999999995,-0.16666666666666666,-0.5,1017.9125,95.41666666666667,2.9958333333333336,0.10416666666666669,,-4.358333333333333,,0.0,1014.525,223.75,4.8,9.291666666666666,,7.45,,1.0,1019.4291666666667,211.66666666666666,4.675,9.291666666666666,,7.45,,1.0,1019.4291666666667,211.66666666666666,4.675
2016-12-22,17.5,2.5714285714285716,11.0875,0.0,,1022.7416666666667,274.09090909090907,3.108333333333333,6.570833333333333,1.2857142857142858,4.254166666666666,,1.0,1027.4291666666666,232.91666666666666,2.9250000000000003,-0.15,,-1.3,6.857142857142857,12.5,1014.9625,219.16666666666666,2.1,15.787500000000001,5.333333333333333,13.174999999999999,4.333333333333333,55.0,1013.8217391304348,190.83333333333334,4.0249999999999995,-0.15,,-1.3,6.857142857142857,12.5,1014.9625,219.16666666666666,2.1,6.570833333333333,1.2857142857142858,4.254166666666666,,1.0,1027.4291666666666,232.91666666666666,2.9250000000000003,6.570833333333333,1.2857142857142858,4.254166666666666,,1.0,1027.4291666666666,232.91666666666666,2.9250000000000003
2016-12-23,19.929166666666667,2.2222222222222223,13.75,0.0,,1024.2124999999999,142.5,3.2624999999999997,8.391666666666667,0.0,6.8999999999999995,,-0.5,1025.9833333333333,212.08333333333334,5.604166666666667,0.2291666666666667,,-2.3625000000000003,,0.0,1021.9,221.25,3.9791666666666665,14.145833333333334,6.0,10.970833333333333,0.375,10.0,1016.7652173913043,113.63636363636364,1.2833333333333334,0.2291666666666667,,-2.3625000000000003,,0.0,1021.9,221.25,3.9791666666666665,8.391666666666667,0.0,6.8999999999999995,,-0.5,1025.9833333333333,212.08333333333334,5.604166666666667,8.391666666666667,0.0,6.8999999999999995,,-0.5,1025.9833333333333,212.08333333333334,5.604166666666667
2016-12-24,21.104166666666668,1.7272727272727273,17.429166666666667,0.0,,1024.2916666666667,85.65217391304348,2.8791666666666664,8.154166666666667,0.0,4.75,,5.0,1026.2,235.83333333333334,6.395833333333333,1.625,,-0.6916666666666668,6.0,8.0,1016.6999999999999,210.0,3.2416666666666667,10.8375,6.5,7.620833333333334,1.8333333333333333,24.5,1007.9375,151.25,4.1875,1.625,,-0.6916666666666668,6.0,8.0,1016.6999999999999,210.0,3.2416666666666667,8.154166666666667,0.0,4.75,,5.0,1026.2,235.83333333333334,6.395833333333333,8.154166666666667,0.0,4.75,,5.0,1026.2,235.83333333333334,6.395833333333333
2016-12-25,22.15416666666667,2.4444444444444446,18.591666666666665,0.0,,1024.8708333333334,103.33333333333333,3.0749999999999997,11.645833333333334,,8.887500000000001,,-0.5,1023.5333333333333,232.91666666666666,7.420833333333333,-5.070833333333334,,-11.8375,,0.0,1036.8500000000001,257.9166666666667,3.9291666666666667,8.829166666666667,2.1176470588235294,1.5041666666666667,0.125,3.0,1016.725,170.0,2.35,-5.070833333333334,,-11.8375,,0.0,1036.8500000000001,257.9166666666667,3.9291666666666667,11.645833333333334,,8.887500000000001,,-0.5,1023.5333333333333,232.91666666666666,7.420833333333333,11.645833333333334,,8.887500000000001,,-0.5,1023.5333333333333,232.91666666666666,7.420833333333333
2016-12-26,22.337500000000002,3.2,19.04583333333333,0.375,10.0,1026.3291666666667,85.83333333333333,3.1374999999999997,7.2375,0.0,3.2708333333333335,,-0.5,1031.6375,262.9166666666667,4.729166666666667,-8.226315789473684,,-11.405555555555557,15.333333333333334,16.25,1027.7368421052631,69.47368421052632,4.173684210526315,9.345833333333333,2.1666666666666665,0.8250000000000001,0.0,,1022.7708333333334,167.91666666666666,1.625,-8.226315789473684,,-11.405555555555557,15.333333333333334,16.25,1027.7368421052631,69.47368421052632,4.173684210526315,7.2375,0.0,3.2708333333333335,,-0.5,1031.6375,262.9166666666667,4.729166666666667,7.2375,0.0,3.2708333333333335,,-0.5,1031.6375,262.9166666666667,4.729166666666667
2016-12-27,22.058333333333334,2.3333333333333335,18.120833333333334,0.0,,1023.6041666666666,147.82608695652175,1.6875,2.2583333333333333,0.0,0.3,,0.0,1043.7958333333333,221.25,1.2416666666666667,2.795833333333333,,-0.5833333333333334,2.3333333333333335,28.75,1005.9875000000001,249.58333333333334,4.908333333333333,12.504166666666668,2.736842105263158,2.7416666666666667,0.0,,1021.5041666666666,96.25,0.7291666666666666,2.795833333333333,,-0.5833333333333334,2.3333333333333335,28.75,1005.9875000000001,249.58333333333334,4.908333333333333,2.2583333333333333,0.0,0.3,,0.0,1043.7958333333333,221.25,1.2416666666666667,2.2583333333333333,0.0,0.3,,0.0,1043.7958333333333,221.25,1.2416666666666667
2016-12-28,22.379166666666666,2.6363636363636362,17.541666666666668,0.0,,1020.6541666666667,115.45454545454545,1.1208333333333333,1.9833333333333334,0.0,0.8166666666666665,,1.0,1042.5874999999999,84.16666666666667,1.4833333333333334,-5.579166666666667,,-10.270833333333334,2.0,0.5,1017.7916666666666,251.66666666666666,3.2291666666666665,12.395833333333334,5.714285714285714,5.566666666666666,0.0,,1021.3541666666666,119.1304347826087,1.0541666666666667,-5.579166666666667,,-10.270833333333334,2.0,0.5,1017.7916666666666,251.66666666666666,3.2291666666666665,1.9833333333333334,0.0,0.8166666666666665,,1.0,1042.5874999999999,84.16666666666667,1.4833333333333334,1.9833333333333334,0.0,0.8166666666666665,,1.0,1042.5874999999999,84.16666666666667,1.4833333333333334
2016-12-29,21.391666666666666,3.1538461538461537,16.441666666666666,0.20833333333333334,,1017.6913043478262,200.0,3.275,2.6125000000000003,0.0,1.0166666666666666,,1.0,1037.4291666666666,130.0,1.4041666666666668,-5.304347826086956,,-6.921739130434782,6.090909090909091,17.5,1004.4130434782609,123.91304347826087,3.5217391304347827,16.495833333333334,1.8571428571428572,4.629166666666666,0.0,,1020.7041666666668,78.63636363636364,1.6125,-5.304347826086956,,-6.921739130434782,6.090909090909091,17.5,1004.4130434782609,123.91304347826087,3.5217391304347827,2.6125000000000003,0.0,1.0166666666666666,,1.0,1037.4291666666666,130.0,1.4041666666666668,2.6125000000000003,0.0,1.0166666666666666,,1.0,1037.4291666666666,130.0,1.4041666666666668
2016-12-30,11.916666666666666,5.2,-2.8958333333333335,0.0,5.0,1023.4041666666667,340.0,5.766666666666667,1.4375,9.0,1.4375,,0.0,1036.6291666666666,248.75,1.4416666666666667,-6.4875,,-9.645833333333334,2.0,0.5,1001.2875,281.25,5.216666666666667,16.3875,3.8,6.929166666666667,2.0416666666666665,50.0,1015.5291666666667,147.5,3.1125000000000003,-6.4875,,-9.645833333333334,2.0,0.5,1001.2875,281.25,5.216666666666667,1.4375,9.0,1.4375,,0.0,1036.6291666666666,248.75,1.4416666666666667,1.4375,9.0,1.4375,,0.0,1036.6291666666666,248.75,1.4416666666666667
2016-12-31,14.15,2.3333333333333335,6.045833333333333,0.0,,1023.2875,198.75,2.9250000000000003,6.141666666666667,,5.383333333333333,,0.0,1030.8791666666666,223.33333333333334,2.9791666666666665,-11.765217391304349,,-13.273913043478261,5.416666666666667,10.5,1009.7173913043479,113.47826086956522,3.1913043478260867,14.258333333333333,6.0,11.045833333333333,-0.043478260869565216,0.6666666666666666,1011.2916666666666,184.16666666666666,2.1458333333333335,-11.765217391304349,,-13.273913043478261,5.416666666666667,10.5,1009.7173913043479,113.47826086956522,3.1913043478260867,6.141666666666667,,5.383333333333333,,0.0,1030.8791666666666,223.33333333333334,2.9791666666666665,6.141666666666667,,5.383333333333333,,0.0,1030.8791666666666,223.33333333333334,2.9791666666666665
2017-01-01,19.729166666666668,2.6363636363636362,14.862499999999999,0.0,,1021.6,116.66666666666667,2.6916666666666664,6.179166666666667,,4.9875,,1.0,1018.6166666666667,139.16666666666666,3.8125,-6.819047619047619,,-9.325,3.0,8.25,1018.4285714285714,235.23809523809524,1.8190476190476192,12.295833333333334,6.0,9.429166666666667,1.8333333333333333,12.5,1008.7375000000001,138.75,2.766666666666667,-6.819047619047619,,-9.325,3.0,8.25,1018.4285714285714,235.23809523809524,1.8190476190476192,6.179166666666667,,4.9875,,1.0,1018.6166666666667,139.16666666666666,3.8125,6.179166666666667,,4.9875,,1.0,1018.6166666666667,139.16666666666666,3.8125
2017-01-02,22.054166666666664,2.3333333333333335,18.266666666666666,0.0,,1020.8249999999999,112.08333333333333,2.654166666666667,2.779166666666667,0.0,0.6375000000000001,,5.0,1028.4791666666667,192.5,2.795833333333333,-6.479166666666667,,-8.066666666666666,,0.0,1030.2583333333334,113.75,2.2666666666666666,11.658333333333333,5.5,4.745833333333334,0.0,,1017.6083333333332,92.72727272727273,2.3000000000000003,-6.479166666666667,,-8.066666666666666,,0.0,1030.2583333333334,113.75,2.2666666666666666,2.779166666666667,0.0,0.6375000000000001,,5.0,1028.4791666666667,192.5,2.795833333333333,2.779166666666667,0.0,0.6375000000000001,,5.0,1028.4791666666667,192.5,2.795833333333333
2017-01-03,24.195833333333336,5.6,19.958333333333332,-0.041666666666666664,-1.0,1015.5833333333334,209.16666666666666,4.608333333333333,1.6041666666666667,0.0,-0.3208333333333333,,1.0,1028.2041666666667,263.75,3.6999999999999997,-1.2291666666666667,,-2.279166666666667,6.6875,19.5,1013.35,73.75,2.3208333333333333,11.641666666666666,4.5,5.229166666666667,0.0,,1019.5208333333334,115.83333333333333,1.4458333333333335,-1.2291666666666667,,-2.279166666666667,6.6875,19.5,1013.35,73.75,2.3208333333333333,1.6041666666666667,0.0,-0.3208333333333333,,1.0,1028.2041666666667,263.75,3.6999999999999997,1.6041666666666667,0.0,-0.3208333333333333,,1.0,1028.2041666666667,263.75,3.6999999999999997
2017-01-04,21.491666666666664,5.6,15.5875,1.9583333333333333,16.333333333333332,1011.5625,247.82608695652175,3.8541666666666665,4.6875,0.0,0.9791666666666666,,0.0,1025.7166666666667,265.0,3.7291666666666665,-1.1916666666666667,,-2.5083333333333333,13.133333333333333,57.5,993.9708333333333,267.5,3.579166666666667,13.141666666666666,2.923076923076923,6.120833333333334,0.0,,1016.9166666666666,81.66666666666667,1.3,-1.1916666666666667,,-2.5083333333333333,13.133333333333333,57.5,993.9708333333333,267.5,3.579166666666667,4.6875,0.0,0.9791666666666666,,0.0,1025.7166666666667,265.0,3.7291666666666665,4.6875,0.0,0.9791666666666666,,0.0,1025.7166666666667,265.0,3.7291666666666665
2017-01-05,18.395833333333332,3.3333333333333335,12.299999999999999,0.0,,1013.0958333333333,251.8181818181818,2.5541666666666667,1.1916666666666667,0.0,-1.5541666666666665,,0.0,1034.4333333333334,256.25,1.1333333333333333,-8.45217391304348,,-12.173913043478262,2.0,0.5,1005.6434782608695,249.1304347826087,4.982608695652174,13.883333333333333,3.4444444444444446,6.329166666666667,0.0,,1011.7666666666668,123.04347826086956,2.5166666666666666,-8.45217391304348,,-12.173913043478262,2.0,0.5,1005.6434782608695,249.1304347826087,4.982608695652174,1.1916666666666667,0.0,-1.5541666666666665,,0.0,1034.4333333333334,256.25,1.1333333333333333,1.1916666666666667,0.0,-1.5541666666666665,,0.0,1034.4333333333334,256.25,1.1333333333333333
2017-01-06,18.283333333333335,2.6666666666666665,12.637500000000001,0.25,,1015.0541666666667,117.91666666666667,2.0124999999999997,2.504166666666667,,1.1791666666666665,,0.0,1036.1875,152.08333333333334,2.345833333333333,-13.016666666666666,,-15.487499999999999,,0.0,1017.9458333333333,241.25,1.4666666666666668,14.529166666666667,2.608695652173913,3.6208333333333336,0.0,,1014.6125000000001,243.91304347826087,2.9250000000000003,-13.016666666666666,,-15.487499999999999,,0.0,1017.9458333333333,241.25,1.4666666666666668,2.504166666666667,,1.1791666666666665,,0.0,1036.1875,152.08333333333334,2.345833333333333,2.504166666666667,,1.1791666666666665,,0.0,1036.1875,152.08333333333334,2.345833333333333
2017-01-07,15.070833333333333,7.0,12.291666666666666,8.666666666666666,56.0,1018.1458333333334,262.9166666666667,6.3500000000000005,8.737499999999999,,8.195833333333333,,16.0,1032.0541666666666,270.4166666666667,2.3249999999999997,-16.66190476190476,,-18.947619047619046,2.0,0.5,1027.5285714285715,221.9047619047619,0.7666666666666667,12.287500000000001,3.411764705882353,1.2333333333333332,0.0,,1023.0958333333333,93.91304347826087,1.6875,-16.66190476190476,,-18.947619047619046,2.0,0.5,1027.5285714285715,221.9047619047619,0.7666666666666667,8.737499999999999,,8.195833333333333,,16.0,1032.0541666666666,270.4166666666667,2.3249999999999997,8.737499999999999,,8.195833333333333,,16.0,1032.0541666666666,270.4166666666667,2.3249999999999997
2017-01-08,6.716666666666666,1.8095238095238095,0.4291666666666667,0.0,,1032.8833333333334,249.16666666666666,7.141666666666667,8.775,,8.379166666666666,,1.0,1032.0791666666667,179.58333333333334,1.3625,-15.14,,-18.66,,,1030.1799999999998,311.4,3.8800000000000003,15.920833333333334,4.0,3.045833333333334,0.0,,1023.4458333333333,67.5,1.8416666666666668,-15.14,,-18.66,,,1030.1799999999998,311.4,3.8800000000000003,8.775,,8.379166666666666,,1.0,1032.0791666666667,179.58333333333334,1.3625,8.775,,8.379166666666666,,1.0,1032.0791666666667,179.58333333333334,1.3625
2017-01-09,11.262500000000001,1.3333333333333333,4.604166666666667,0.0,,1033.9208333333333,169.16666666666666,4.520833333333333,7.908333333333334,0.0,6.7375,,0.5,1019.2791666666667,223.33333333333334,4.8500000000000005,-15.145454545454545,,-17.463636363636365,,0.0,1032.185,161.8181818181818,1.8681818181818182,15.179166666666667,6.5,6.1875,-0.08333333333333333,-1.0,1018.2166666666667,132.6086956521739,2.620833333333333,-15.145454545454545,,-17.463636363636365,,0.0,1032.185,161.8181818181818,1.8681818181818182,7.908333333333334,0.0,6.7375,,0.5,1019.2791666666667,223.33333333333334,4.8500000000000005,7.908333333333334,0.0,6.7375,,0.5,1019.2791666666667,223.33333333333334,4.8500000000000005
2017-01-10,14.995833333333332,3.142857142857143,10.620833333333334,-0.125,-1.0,1030.2,165.83333333333334,2.9250000000000003,6.220833333333334,0.0,4.029166666666667,,-0.5,1011.2333333333332,259.5833333333333,4.208333333333333,-5.152380952380953,,-8.914285714285715,9.4,15.0,1024.0333333333333,129.52380952380952,4.4523809523809526,14.8125,6.5,5.891666666666667,0.0,,1015.8874999999999,90.0,1.425,-5.152380952380953,,-8.914285714285715,9.4,15.0,1024.0333333333333,129.52380952380952,4.4523809523809526,6.220833333333334,0.0,4.029166666666667,,-0.5,1011.2333333333332,259.5833333333333,4.208333333333333,6.220833333333334,0.0,4.029166666666667,,-0.5,1011.2333333333332,259.5833333333333,4.208333333333333
2017-01-11,17.883333333333333,4.571428571428571,13.033333333333333,0.0,,1027.6000000000001,100.43478260869566,2.595833333333333,8.191666666666666,,3.5583333333333336,,-0.5,1011.225,264.5833333333333,5.341666666666666,3.3049999999999997,,-1.585,4.0,10.0,1011.195,188.5,6.555,14.375,2.888888888888889,4.570833333333334,0.0,,1013.3208333333333,111.81818181818181,1.5708333333333335,3.3049999999999997,,-1.585,4.0,10.0,1011.195,188.5,6.555,8.191666666666666,,3.5583333333333336,,-0.5,1011.225,264.5833333333333,5.341666666666666,8.191666666666666,,3.5583333333333336,,-0.5,1011.225,264.5833333333333,5.341666666666666
2017-01-12,19.75,2.625,14.891666666666666,0.0,,1027.4041666666667,61.666666666666664,2.6333333333333333,4.604166666666667,,2.0708333333333333,,1.0,1005.0124999999999,245.83333333333334,4.720833333333333,2.3,,0.44782608695652176,5.5,11.75,1009.0304347826087,222.17391304347825,3.2217391304347824,14.158333333333333,4.0,5.3,0.0,,1013.6541666666667,152.08333333333334,2.5208333333333335,2.3,,0.44782608695652176,5.5,11.75,1009.0304347826087,222.17391304347825,3.2217391304347824,4.604166666666667,,2.0708333333333333,,1.0,1005.0124999999999,245.83333333333334,4.720833333333333,4.604166666666667,,2.0708333333333333,,1.0,1005.0124999999999,245.83333333333334,4.720833333333333
2017-01-13,19.491666666666667,3.4545454545454546,17.166666666666668,0.25,5.333333333333333,1029.3565217391304,172.5,2.975,2.9166666666666665,0.0,-0.8166666666666668,,11.0,1009.3083333333334,290.0,6.116666666666666,-8.186363636363636,,-14.390909090909092,2.0,1.0,1034.1772727272728,297.27272727272725,5.868181818181818,15.5,7.0,4.8125,0.0,,1013.9,105.45454545454545,1.7916666666666667,-8.186363636363636,,-14.390909090909092,2.0,1.0,1034.1772727272728,297.27272727272725,5.868181818181818,2.9166666666666665,0.0,-0.8166666666666668,,11.0,1009.3083333333334,290.0,6.116666666666666,2.9166666666666665,0.0,-0.8166666666666668,,11.0,1009.3083333333334,290.0,6.116666666666666
2017-01-14,19.625,4.375,16.116666666666667,0.041666666666666664,0.3333333333333333,1028.5416666666667,112.6086956521739,3.1958333333333333,2.5,0.0,0.37083333333333335,,-0.5,1020.3375,285.0,3.5374999999999996,-14.791666666666666,,-18.495833333333334,,0.0,1035.3500000000001,206.25,1.2041666666666666,14.491666666666667,5.6,7.691666666666666,0.20833333333333334,4.0,1012.1583333333333,159.16666666666666,2.283333333333333,-14.791666666666666,,-18.495833333333334,,0.0,1035.3500000000001,206.25,1.2041666666666666,2.5,0.0,0.37083333333333335,,-0.5,1020.3375,285.0,3.5374999999999996,2.5,0.0,0.37083333333333335,,-0.5,1020.3375,285.0,3.5374999999999996
2017-01-15,20.162499999999998,4.0,14.479166666666666,0.0,,1025.0791666666667,93.04347826086956,2.7125,5.533333333333332,,5.020833333333333,,15.0,1022.75,284.1666666666667,2.6166666666666667,-9.4375,,-12.979166666666666,,0.0,1028.3958333333333,245.41666666666666,2.125,13.208333333333334,7.0,8.983333333333334,0.0,,1013.8249999999999,203.33333333333334,2.720833333333333,-9.4375,,-12.979166666666666,,0.0,1028.3958333333333,245.41666666666666,2.125,5.533333333333332,,5.020833333333333,,15.0,1022.75,284.1666666666667,2.6166666666666667,5.533333333333332,,5.020833333333333,,15.0,1022.75,284.1666666666667,2.6166666666666667
2017-01-16,20.037499999999998,2.7777777777777777,13.566666666666668,0.0,,1024.1916666666666,83.33333333333333,2.5083333333333333,5.3875,,4.4624999999999995,,19.0,1027.7458333333334,115.83333333333333,2.120833333333333,-5.320833333333334,,-9.841666666666667,,0.0,1024.4583333333333,241.25,3.0708333333333333,13.491666666666667,4.888888888888889,7.204166666666667,0.0,,1015.4916666666667,159.1304347826087,1.4166666666666667,-5.320833333333334,,-9.841666666666667,,0.0,1024.4583333333333,241.25,3.0708333333333333,5.3875,,4.4624999999999995,,19.0,1027.7458333333334,115.83333333333333,2.120833333333333,5.3875,,4.4624999999999995,,19.0,1027.7458333333334,115.83333333333333,2.120833333333333
2017-01-17,20.254166666666666,4.25,15.3375,0.0,,1023.5875,80.43478260869566,1.8833333333333335,2.4250000000000003,0.0,-0.9083333333333333,,0.0,1035.9333333333334,123.33333333333333,1.6291666666666667,-4.283333333333333,,-6.9913043478260875,4.5,0.0,1020.4208333333332,135.83333333333334,3.8791666666666664,11.85,2.2,5.645833333333333,0.0,,1016.8041666666667,130.8695652173913,1.2,-4.283333333333333,,-6.9913043478260875,4.5,0.0,1020.4208333333332,135.83333333333334,3.8791666666666664,2.4250000000000003,0.0,-0.9083333333333333,,0.0,1035.9333333333334,123.33333333333333,1.6291666666666667,2.4250000000000003,0.0,-0.9083333333333333,,0.0,1035.9333333333334,123.33333333333333,1.6291666666666667
2017-01-18,20.8125,4.5,15.0,0.0,,1021.1434782608695,192.91666666666666,2.120833333333333,0.9272727272727272,0.0,-3.4681818181818183,,0.0,1038.7619047619048,134.28571428571428,0.7954545454545454,-2.3227272727272728,,-2.868181818181818,6.6,13.75,1013.4090909090909,122.72727272727273,2.2636363636363637,12.820833333333333,1.2727272727272727,4.8374999999999995,0.0,,1018.1750000000001,110.8695652173913,1.8083333333333333,-2.3227272727272728,,-2.868181818181818,6.6,13.75,1013.4090909090909,122.72727272727273,2.2636363636363637,0.9272727272727272,0.0,-3.4681818181818183,,0.0,1038.7619047619048,134.28571428571428,0.7954545454545454,0.9272727272727272,0.0,-3.4681818181818183,,0.0,1038.7619047619048,134.28571428571428,0.7954545454545454
2017-01-19,20.716666666666665,3.4285714285714284,15.091666666666667,0.0,,1016.9833333333332,119.56521739130434,1.2833333333333334,1.7791666666666668,0.0,-1.7541666666666667,,0.0,1037.2375,100.83333333333333,1.866666666666667,0.9666666666666667,,0.12916666666666665,,0.0,1015.8458333333333,234.16666666666666,1.991666666666667,11.225,5.142857142857143,5.991666666666666,-0.16666666666666666,0.6666666666666666,1013.4208333333332,104.54545454545455,2.8083333333333336,0.9666666666666667,,0.12916666666666665,,0.0,1015.8458333333333,234.16666666666666,1.991666666666667,1.7791666666666668,0.0,-1.7541666666666667,,0.0,1037.2375,100.83333333333333,1.866666666666667,1.7791666666666668,0.0,-1.7541666666666667,,0.0,1037.2375,100.83333333333333,1.866666666666667
2017-01-20,21.275000000000002,3.066666666666667,15.183333333333332,0.0,,1014.6666666666666,184.58333333333334,2.9333333333333336,2.2375,0.0,-2.191666666666667,,0.0,1033.4750000000001,56.666666666666664,2.658333333333333,1.0958333333333334,,-0.33749999999999997,2.0,0.5,1012.875,115.41666666666667,2.1375,10.529166666666667,7.5,8.6,8.083333333333334,63.333333333333336,1005.6608695652175,113.33333333333333,3.2583333333333333,1.0958333333333334,,-0.33749999999999997,2.0,0.5,1012.875,115.41666666666667,2.1375,2.2375,0.0,-2.191666666666667,,0.0,1033.4750000000001,56.666666666666664,2.658333333333333,2.2375,0.0,-2.191666666666667,,0.0,1033.4750000000001,56.666666666666664,2.658333333333333
2017-01-21,21.941666666666666,2.5555555555555554,15.491666666666667,0.0,,1012.4791666666666,192.91666666666666,3.9499999999999997,0.7541666666666668,0.0,-3.1374999999999997,,0.0,1028.0541666666666,97.91666666666667,2.629166666666667,1.1416666666666666,,0.3666666666666667,2.0,0.5,1008.6291666666666,158.75,1.2833333333333334,11.995833333333332,2.6153846153846154,3.6791666666666667,0.9166666666666666,40.0,1006.8958333333334,232.08333333333334,6.541666666666667,1.1416666666666666,,0.3666666666666667,2.0,0.5,1008.6291666666666,158.75,1.2833333333333334,0.7541666666666668,0.0,-3.1374999999999997,,0.0,1028.0541666666666,97.91666666666667,2.629166666666667,0.7541666666666668,0.0,-3.1374999999999997,,0.0,1028.0541666666666,97.91666666666667,2.629166666666667
2017-01-22,23.3125,6.0,18.591666666666665,6.041666666666667,0.0,1004.2125,197.08333333333334,7.0375000000000005,0.07916666666666665,0.0,-2.120833333333333,,0.0,1027.2416666666666,152.5,0.9833333333333334,1.4375,,-1.0666666666666667,2.3333333333333335,1.75,1011.1166666666667,79.16666666666667,4.491666666666666,10.975,3.6,4.05,0.0,,1019.4,104.16666666666667,3.095833333333333,1.4375,,-1.0666666666666667,2.3333333333333335,1.75,1011.1166666666667,79.16666666666667,4.491666666666666,0.07916666666666665,0.0,-2.120833333333333,,0.0,1027.2416666666666,152.5,0.9833333333333334,0.07916666666666665,0.0,-2.120833333333333,,0.0,1027.2416666666666,152.5,0.9833333333333334
2017-01-23,18.470833333333335,2.533333333333333,12.4625,-0.08333333333333333,51.0,1000.5666666666666,259.1666666666667,6.9875,0.6,5.4,-0.16666666666666666,,1.0,1028.3833333333334,247.08333333333334,1.0250000000000001,-1.3958333333333333,,-4.545833333333333,,0.0,1014.9541666666668,70.0,6.758333333333333,12.829166666666666,7.0,5.754166666666666,-0.20833333333333334,-0.6666666666666666,1010.25,164.7826086956522,3.025,-1.3958333333333333,,-4.545833333333333,,0.0,1014.9541666666668,70.0,6.758333333333333,0.6,5.4,-0.16666666666666666,,1.0,1028.3833333333334,247.08333333333334,1.0250000000000001,0.6,5.4,-0.16666666666666666,,1.0,1028.3833333333334,247.08333333333334,1.0250000000000001
2017-01-24,17.608333333333334,0.08333333333333333,7.541666666666667,0.0,,1011.0833333333334,280.4166666666667,4.495833333333333,3.295833333333333,0.0,1.6125,,0.0,1028.2375,254.16666666666666,1.3208333333333333,-2.2624999999999997,,-4.7625,4.0,12.5,1006.7333333333332,87.91666666666667,3.391666666666667,9.729166666666666,2.761904761904762,1.5291666666666668,0.0,,1012.9250000000001,146.52173913043478,2.2958333333333334,-2.2624999999999997,,-4.7625,4.0,12.5,1006.7333333333332,87.91666666666667,3.391666666666667,3.295833333333333,0.0,1.6125,,0.0,1028.2375,254.16666666666666,1.3208333333333333,3.295833333333333,0.0,1.6125,,0.0,1028.2375,254.16666666666666,1.3208333333333333
2017-01-25,16.412499999999998,1.4545454545454546,11.1625,0.0,,1015.908695652174,175.41666666666666,2.2666666666666666,1.0583333333333333,6.428571428571429,0.7000000000000001,,1.0,1027.7166666666667,148.33333333333334,2.0125,-1.2958333333333334,,-2.7624999999999997,2.5,2.25,1000.7791666666667,236.66666666666666,3.0208333333333335,8.491666666666667,1.6666666666666667,0.325,0.0,,1021.5416666666666,100.45454545454545,1.5083333333333335,-1.2958333333333334,,-2.7624999999999997,2.5,2.25,1000.7791666666667,236.66666666666666,3.0208333333333335,1.0583333333333333,6.428571428571429,0.7000000000000001,,1.0,1027.7166666666667,148.33333333333334,2.0125,1.0583333333333333,6.428571428571429,0.7000000000000001,,1.0,1027.7166666666667,148.33333333333334,2.0125
2017-01-26,21.583333333333332,3.7142857142857144,16.625,0.0,,1015.9727272727273,222.91666666666666,4.883333333333334,-0.6375000000000001,0.0,-2.5458333333333334,,0.0,1020.1291666666666,125.41666666666667,4.4125,0.45454545454545453,,-0.8227272727272728,3.3333333333333335,7.333333333333333,992.75,256.8181818181818,3.4681818181818183,8.833333333333334,1.1428571428571428,-2.0500000000000003,0.0,,1024.1958333333334,167.3913043478261,1.9124999999999999,0.45454545454545453,,-0.8227272727272728,3.3333333333333335,7.333333333333333,992.75,256.8181818181818,3.4681818181818183,-0.6375000000000001,0.0,-2.5458333333333334,,0.0,1020.1291666666666,125.41666666666667,4.4125,-0.6375000000000001,0.0,-2.5458333333333334,,0.0,1020.1291666666666,125.41666666666667,4.4125
2017-01-27,17.066666666666666,5.6,5.083333333333333,0.0,,1018.0833333333334,302.5,3.9791666666666665,3.108333333333333,0.0,1.1375,,0.0,1010.7458333333334,102.5,3.3833333333333333,-0.975,,-4.325,2.0,1.3333333333333333,995.79,267.0,6.005,9.487499999999999,1.0,-10.137500000000001,0.0,,1026.4833333333333,120.0,4.120833333333334,-0.975,,-4.325,2.0,1.3333333333333333,995.79,267.0,6.005,3.108333333333333,0.0,1.1375,,0.0,1010.7458333333334,102.5,3.3833333333333333,3.108333333333333,0.0,1.1375,,0.0,1010.7458333333334,102.5,3.3833333333333333
2017-01-28,11.875,4.444444444444445,-0.29583333333333345,-0.08333333333333333,,1020.0625,308.2608695652174,3.766666666666667,7.3125,0.0,4.0375000000000005,,-0.5,1010.1208333333334,193.75,4.841666666666667,-1.4958333333333333,,-4.270833333333333,2.5,1.75,998.4250000000001,236.66666666666666,4.041666666666667,10.591666666666667,0.25,-7.45,0.0,,1029.5666666666666,131.7391304347826,1.9666666666666666,-1.4958333333333333,,-4.270833333333333,2.5,1.75,998.4250000000001,236.66666666666666,4.041666666666667,7.3125,0.0,4.0375000000000005,,-0.5,1010.1208333333334,193.75,4.841666666666667,7.3125,0.0,4.0375000000000005,,-0.5,1010.1208333333334,193.75,4.841666666666667
2017-01-29,10.125,6.0,6.758333333333333,2.5416666666666665,24.333333333333332,1019.9333333333334,197.08333333333334,2.1875,6.1499999999999995,0.0,5.170833333333333,,0.5,1011.7416666666667,187.08333333333334,3.9875000000000003,-4.445833333333334,,-6.3374999999999995,2.5,3.75,1002.1999999999999,266.25,3.0,14.054166666666667,0.4166666666666667,-4.6125,0.0,,1025.2916666666667,84.16666666666667,3.7083333333333335,-4.445833333333334,,-6.3374999999999995,2.5,3.75,1002.1999999999999,266.25,3.0,6.1499999999999995,0.0,5.170833333333333,,0.5,1011.7416666666667,187.08333333333334,3.9875000000000003,6.1499999999999995,0.0,5.170833333333333,,0.5,1011.7416666666667,187.08333333333334,3.9875000000000003
2017-01-30,11.679166666666667,3.1,2.816666666666667,0.0,,1022.0083333333333,230.41666666666666,3.3375000000000004,7.675,,6.633333333333333,,30.0,1010.9083333333333,155.0,3.016666666666666,-13.504166666666668,,-17.025000000000002,2.0,0.5,1011.1625,260.8333333333333,3.1291666666666664,16.037499999999998,2.0869565217391304,-3.358333333333333,0.0,,1020.4666666666667,117.3913043478261,1.825,-13.504166666666668,,-17.025000000000002,2.0,0.5,1011.1625,260.8333333333333,3.1291666666666664,7.675,,6.633333333333333,,30.0,1010.9083333333333,155.0,3.016666666666666,7.675,,6.633333333333333,,30.0,1010.9083333333333,155.0,3.016666666666666
2017-01-31,12.308333333333332,0.9166666666666666,5.175,0.0,,1024.0291666666667,110.0,1.2666666666666668,7.041666666666667,,6.6125,,3.0,1012.8916666666668,112.5,3.875,-14.083333333333334,,-17.295833333333334,,0.0,1012.025,123.75,2.3333333333333335,14.783333333333333,2.25,-0.5375,0.0,,1018.6541666666667,119.52380952380952,1.9708333333333334,-14.083333333333334,,-17.295833333333334,,0.0,1012.025,123.75,2.3333333333333335,7.041666666666667,,6.6125,,3.0,1012.8916666666668,112.5,3.875,7.041666666666667,,6.6125,,3.0,1012.8916666666668,112.5,3.875
2017-02-01,15.325000000000001,0.75,7.454166666666667,0.0,,1023.0666666666666,69.54545454545455,1.1,10.383333333333335,,9.458333333333334,,15.0,1006.6125000000001,165.83333333333334,4.141666666666667,-8.916666666666666,,-11.445833333333333,2.75,2.5,1010.5083333333333,141.25,2.025,15.695833333333333,1.9130434782608696,-0.07083333333333326,0.0,,1017.875,96.52173913043478,1.9833333333333334,-8.916666666666666,,-11.445833333333333,2.75,2.5,1010.5083333333333,141.25,2.025,10.383333333333335,,9.458333333333334,,15.0,1006.6125000000001,165.83333333333334,4.141666666666667,10.383333333333335,,9.458333333333334,,15.0,1006.6125000000001,165.83333333333334,4.141666666666667
2017-02-02,17.779166666666665,3.090909090909091,10.995833333333332,0.0,,1022.6125000000001,83.47826086956522,0.8083333333333332,10.345833333333333,,8.591666666666667,,3.5,997.1666666666666,170.41666666666666,6.595833333333334,-9.1875,,-12.704166666666666,2.0,0.5,1016.5833333333334,261.25,2.779166666666667,15.5,3.5,-0.24583333333333335,0.0,,1017.6,115.9090909090909,1.95,-9.1875,,-12.704166666666666,2.0,0.5,1016.5833333333334,261.25,2.779166666666667,10.345833333333333,,8.591666666666667,,3.5,997.1666666666666,170.41666666666666,6.595833333333334,10.345833333333333,,8.591666666666667,,3.5,997.1666666666666,170.41666666666666,6.595833333333334
2017-02-03,19.791666666666668,3.111111111111111,12.920833333333334,0.0,,1021.9173913043478,177.3913043478261,1.6125,8.216666666666667,,5.816666666666666,,-1.0,994.8375,170.41666666666666,6.520833333333333,-7.441666666666666,,-13.879166666666668,,0.0,1018.6416666666668,261.6666666666667,3.4125,15.512500000000001,3.4285714285714284,2.6875,0.0,,1016.1374999999999,96.52173913043478,1.4333333333333333,-7.441666666666666,,-13.879166666666668,,0.0,1018.6416666666668,261.6666666666667,3.4125,8.216666666666667,,5.816666666666666,,-1.0,994.8375,170.41666666666666,6.520833333333333,8.216666666666667,,5.816666666666666,,-1.0,994.8375,170.41666666666666,6.520833333333333
2017-02-04,18.691666666666666,1.9047619047619047,13.7125,0.0,,1022.8958333333334,235.83333333333334,4.379166666666666,5.233333333333333,0.0,2.7624999999999997,,4.0,997.3041666666667,204.16666666666666,2.2916666666666665,-7.491666666666667,,-12.304166666666667,,0.0,1020.8874999999999,232.91666666666666,4.345833333333333,15.6625,1.75,2.058333333333333,0.0,,1016.1083333333332,126.81818181818181,2.1875,-7.491666666666667,,-12.304166666666667,,0.0,1020.8874999999999,232.91666666666666,4.345833333333333,5.233333333333333,0.0,2.7624999999999997,,4.0,997.3041666666667,204.16666666666666,2.2916666666666665,5.233333333333333,0.0,2.7624999999999997,,4.0,997.3041666666667,204.16666666666666,2.2916666666666665
2017-02-05,17.787499999999998,4.222222222222222,13.2125,0.0,,1021.9375,260.4347826086956,2.904166666666667,4.654166666666667,,3.2458333333333336,,2.0,1003.6208333333334,139.58333333333334,2.7083333333333335,-3.733333333333333,,-6.820833333333333,3.2,3.75,1008.8166666666666,220.41666666666666,4.9624999999999995,16.483333333333334,3.6363636363636362,0.9041666666666667,0.0,,1014.2875,107.08333333333333,1.6125,-3.733333333333333,,-6.820833333333333,3.2,3.75,1008.8166666666666,220.41666666666666,4.9624999999999995,4.654166666666667,,3.2458333333333336,,2.0,1003.6208333333334,139.58333333333334,2.7083333333333335,4.654166666666667,,3.2458333333333336,,2.0,1003.6208333333334,139.58333333333334,2.7083333333333335
2017-02-06,17.962500000000002,2.4,11.708333333333334,0.0,,1021.795652173913,102.08333333333333,2.0875,3.9291666666666667,0.0,2.2583333333333333,,0.0,1017.3291666666668,200.41666666666666,2.7874999999999996,-10.9375,,-14.608333333333334,3.1666666666666665,2.5,1019.2125,202.5,2.433333333333333,15.7875,7.0,2.9916666666666667,0.0,,1014.1374999999999,106.52173913043478,2.3000000000000003,-10.9375,,-14.608333333333334,3.1666666666666665,2.5,1019.2125,202.5,2.433333333333333,3.9291666666666667,0.0,2.2583333333333333,,0.0,1017.3291666666668,200.41666666666666,2.7874999999999996,3.9291666666666667,0.0,2.2583333333333333,,0.0,1017.3291666666668,200.41666666666666,2.7874999999999996
2017-02-07,20.504166666666666,3.5555555555555554,15.7125,-0.08333333333333333,-1.0,1017.2166666666667,108.75,2.6791666666666667,7.004166666666666,,4.483333333333333,,31.0,1014.275,230.41666666666666,2.3875,-9.827777777777778,,-12.149999999999999,7.285714285714286,14.75,1013.6666666666666,70.0,6.433333333333334,16.808333333333334,4.0,6.7625,0.0,,1016.8375,135.65217391304347,3.1,-9.827777777777778,,-12.149999999999999,7.285714285714286,14.75,1013.6666666666666,70.0,6.433333333333334,7.004166666666666,,4.483333333333333,,31.0,1014.275,230.41666666666666,2.3875,7.004166666666666,,4.483333333333333,,31.0,1014.275,230.41666666666666,2.3875
2017-02-08,21.995833333333334,3.8666666666666667,17.183333333333334,3.8333333333333335,44.5,1014.1083333333332,220.0,4.616666666666666,4.258333333333334,,1.9541666666666666,,-0.5,1026.1708333333333,140.0,2.3458333333333337,-4.557142857142857,,-9.166666666666666,6.0,27.5,1003.0999999999999,274.76190476190476,5.0285714285714285,18.375,3.5,8.470833333333333,0.0,,1017.8000000000001,115.0,2.216666666666667,-4.557142857142857,,-9.166666666666666,6.0,27.5,1003.0999999999999,274.76190476190476,5.0285714285714285,4.258333333333334,,1.9541666666666666,,-0.5,1026.1708333333333,140.0,2.3458333333333337,4.258333333333334,,1.9541666666666666,,-0.5,1026.1708333333333,140.0,2.3458333333333337
2017-02-09,23.22083333333333,3.125,13.1875,-0.041666666666666664,0.0,1017.2347826086957,281.6666666666667,5.579166666666667,2.0875,,-0.3583333333333334,,0.0,1027.7833333333333,46.666666666666664,3.3083333333333336,-13.85,,-20.395833333333332,,0.0,1014.7333333333332,262.9166666666667,3.595833333333333,19.954166666666666,3.3333333333333335,8.9875,0.0,,1015.6041666666666,96.08695652173913,1.375,-13.85,,-20.395833333333332,,0.0,1014.7333333333332,262.9166666666667,3.595833333333333,2.0875,,-0.3583333333333334,,0.0,1027.7833333333333,46.666666666666664,3.3083333333333336,2.0875,,-0.3583333333333334,,0.0,1027.7833333333333,46.666666666666664,3.3083333333333336
2017-02-10,15.762500000000001,0.5217391304347826,4.645833333333333,0.0,,1027.7041666666667,182.6086956521739,4.645833333333333,1.5541666666666665,,0.3458333333333334,,-1.0,1024.0041666666666,97.91666666666667,3.558333333333333,-14.825000000000001,,-21.962500000000002,4.0,0.0,1021.0833333333334,226.66666666666666,3.7624999999999997,20.8125,3.0,8.783333333333333,0.0,,1013.8833333333333,114.54545454545455,2.1333333333333333,-14.825000000000001,,-21.962500000000002,4.0,0.0,1021.0833333333334,226.66666666666666,3.7624999999999997,1.5541666666666665,,0.3458333333333334,,-1.0,1024.0041666666666,97.91666666666667,3.558333333333333,1.5541666666666665,,0.3458333333333334,,-1.0,1024.0041666666666,97.91666666666667,3.558333333333333
2017-02-11,18.104166666666668,0.75,10.983333333333334,0.0,,1025.2791666666667,109.54545454545455,1.5750000000000002,1.6624999999999999,,0.10833333333333334,,1.5,1022.5583333333334,145.0,3.516666666666667,-11.9625,,-14.1,2.6666666666666665,3.0,1016.6833333333334,69.16666666666667,4.291666666666667,20.529166666666665,6.5,7.991666666666667,0.0,,1013.4166666666666,162.6086956521739,3.1791666666666667,-11.9625,,-14.1,2.6666666666666665,3.0,1016.6833333333334,69.16666666666667,4.291666666666667,1.6624999999999999,,0.10833333333333334,,1.5,1022.5583333333334,145.0,3.516666666666667,1.6624999999999999,,0.10833333333333334,,1.5,1022.5583333333334,145.0,3.516666666666667
2017-02-12,20.183333333333334,0.3333333333333333,12.450000000000001,0.0,,1022.0,168.2608695652174,2.3625000000000003,3.216666666666667,,1.5833333333333333,,2.5,1022.4291666666667,55.0,4.554166666666666,-9.75,,-11.204166666666666,12.076923076923077,27.5,1013.1374999999999,83.75,4.691666666666666,19.491666666666667,6.0,8.116666666666667,0.0,,1012.6999999999999,229.1304347826087,4.008333333333334,-9.75,,-11.204166666666666,12.076923076923077,27.5,1013.1374999999999,83.75,4.691666666666666,3.216666666666667,,1.5833333333333333,,2.5,1022.4291666666667,55.0,4.554166666666666,3.216666666666667,,1.5833333333333333,,2.5,1022.4291666666667,55.0,4.554166666666666
2017-02-13,20.6125,2.5714285714285716,15.950000000000001,0.0,,1018.1130434782608,211.66666666666666,3.9166666666666665,6.1499999999999995,0.0,2.9458333333333333,,0.0,1021.7791666666667,75.41666666666667,5.7875000000000005,-6.0125,,-8.8125,2.0,13.0,1012.5,297.0833333333333,4.270833333333333,19.5125,5.2,6.416666666666667,0.0,,1012.9250000000001,163.63636363636363,3.1208333333333336,-6.0125,,-8.8125,2.0,13.0,1012.5,297.0833333333333,4.270833333333333,6.1499999999999995,0.0,2.9458333333333333,,0.0,1021.7791666666667,75.41666666666667,5.7875000000000005,6.1499999999999995,0.0,2.9458333333333333,,0.0,1021.7791666666667,75.41666666666667,5.7875000000000005
2017-02-14,21.53333333333333,2.6666666666666665,15.0,0.0,,1014.8666666666667,155.2173913043478,2.4499999999999997,7.133333333333333,0.0,3.6833333333333336,,0.0,1023.2416666666667,105.0,3.5541666666666667,-7.633333333333333,,-9.054166666666667,4.571428571428571,1.5,1008.6125000000001,128.33333333333334,2.475,18.679166666666667,6.0,6.270833333333333,0.0,,1014.7916666666666,87.61904761904762,2.1750000000000003,-7.633333333333333,,-9.054166666666667,4.571428571428571,1.5,1008.6125000000001,128.33333333333334,2.475,7.133333333333333,0.0,3.6833333333333336,,0.0,1023.2416666666667,105.0,3.5541666666666667,7.133333333333333,0.0,3.6833333333333336,,0.0,1023.2416666666667,105.0,3.5541666666666667
2017-02-15,21.258333333333333,3.111111111111111,15.8375,-0.08333333333333333,-1.0,1010.1416666666668,230.83333333333334,6.566666666666666,8.883333333333333,,7.783333333333334,,0.0,1027.7541666666666,158.75,3.6125000000000003,-3.5124999999999997,,-4.443478260869566,6.733333333333333,32.5,997.6458333333334,138.75,2.658333333333333,18.758333333333333,0.4,1.4749999999999999,0.0,,1017.2875,70.43478260869566,4.770833333333333,-3.5124999999999997,,-4.443478260869566,6.733333333333333,32.5,997.6458333333334,138.75,2.658333333333333,8.883333333333333,,7.783333333333334,,0.0,1027.7541666666666,158.75,3.6125000000000003,8.883333333333333,,7.783333333333334,,0.0,1027.7541666666666,158.75,3.6125000000000003
2017-02-16,17.570833333333333,1.8888888888888888,6.0249999999999995,0.0,,1014.9333333333334,296.25,4.604166666666667,8.441666666666666,0.0,5.920833333333333,,1.0,1029.6125,240.0,3.608333333333333,-5.404166666666666,,-8.2875,,1.25,1003.7958333333332,295.0,5.133333333333333,17.537499999999998,1.894736842105263,1.5999999999999999,0.0,,1014.0124999999999,152.17391304347825,2.345833333333333,-5.404166666666666,,-8.2875,,1.25,1003.7958333333332,295.0,5.133333333333333,8.441666666666666,0.0,5.920833333333333,,1.0,1029.6125,240.0,3.608333333333333,8.441666666666666,0.0,5.920833333333333,,1.0,1029.6125,240.0,3.608333333333333
2017-02-17,16.162499999999998,2.3157894736842106,3.933333333333333,0.0,,1018.5291666666667,161.5,1.5625,9.116666666666667,0.0,6.1000000000000005,,1.0,1027.8625,240.0,2.7291666666666665,-6.841666666666668,,-10.65,,0.0,1010.8833333333333,257.5,3.5916666666666663,18.25,6.5,2.2291666666666665,0.0,,1008.1875,137.5,4.608333333333333,-6.841666666666668,,-10.65,,0.0,1010.8833333333333,257.5,3.5916666666666663,9.116666666666667,0.0,6.1000000000000005,,1.0,1027.8625,240.0,2.7291666666666665,9.116666666666667,0.0,6.1000000000000005,,1.0,1027.8625,240.0,2.7291666666666665
2017-02-18,18.795833333333334,5.6,13.920833333333334,0.041666666666666664,3.0,1016.4791666666666,141.66666666666666,2.3000000000000003,7.6625000000000005,0.0,5.370833333333334,,0.0,1025.2749999999999,202.5,3.108333333333333,0.3333333333333334,,-3.8625000000000003,,0.0,1000.7458333333334,162.91666666666666,2.620833333333333,14.870833333333332,8.0,9.308333333333334,5.833333333333333,37.5,1002.1291666666666,126.52173913043478,3.841666666666667,0.3333333333333334,,-3.8625000000000003,,0.0,1000.7458333333334,162.91666666666666,2.620833333333333,7.6625000000000005,0.0,5.370833333333334,,0.0,1025.2749999999999,202.5,3.108333333333333,7.6625000000000005,0.0,5.370833333333334,,0.0,1025.2749999999999,202.5,3.108333333333333
2017-02-19,21.412499999999998,2.1538461538461537,15.983333333333334,0.9166666666666666,20.0,1017.225,233.33333333333334,3.0083333333333333,8.362499999999999,0.0,6.179166666666667,,0.0,1022.5166666666668,237.91666666666666,3.5499999999999994,3.5833333333333335,,-0.7166666666666667,,0.0,1008.3541666666666,277.5,4.516666666666667,12.304166666666667,7.0,9.820833333333333,2.2916666666666665,17.0,1012.0375,133.75,2.9791666666666665,3.5833333333333335,,-0.7166666666666667,,0.0,1008.3541666666666,277.5,4.516666666666667,8.362499999999999,0.0,6.179166666666667,,0.0,1022.5166666666668,237.91666666666666,3.5499999999999994,8.362499999999999,0.0,6.179166666666667,,0.0,1022.5166666666668,237.91666666666666,3.5499999999999994
2017-02-20,20.662499999999998,1.8333333333333333,14.495833333333332,0.0,,1019.5958333333333,73.47826086956522,1.9291666666666665,12.308333333333332,,9.954166666666667,,-0.5,1018.8916666666668,256.25,5.375,-3.1208333333333336,,-10.620833333333334,,0.0,1027.0333333333333,315.8333333333333,2.6416666666666666,14.958333333333334,2.111111111111111,9.091666666666667,0.0,,1022.1208333333334,128.69565217391303,2.0791666666666666,-3.1208333333333336,,-10.620833333333334,,0.0,1027.0333333333333,315.8333333333333,2.6416666666666666,12.308333333333332,,9.954166666666667,,-0.5,1018.8916666666668,256.25,5.375,12.308333333333332,,9.954166666666667,,-0.5,1018.8916666666668,256.25,5.375
2017-02-21,20.508333333333333,5.6,15.541666666666666,0.0,,1017.5,78.26086956521739,2.9291666666666667,11.487499999999999,,9.512500000000001,,1.0,1016.1125000000001,255.41666666666666,6.129166666666666,-3.6958333333333333,,-7.654166666666666,2.0,0.0,1020.8625000000001,85.83333333333333,2.120833333333333,17.141666666666666,2.3,10.133333333333333,0.0,,1022.6875,108.63636363636364,1.8,-3.6958333333333333,,-7.654166666666666,2.0,0.0,1020.8625000000001,85.83333333333333,2.120833333333333,11.487499999999999,,9.512500000000001,,1.0,1016.1125000000001,255.41666666666666,6.129166666666666,11.487499999999999,,9.512500000000001,,1.0,1016.1125000000001,255.41666666666666,6.129166666666666
2017-02-22,19.55,8.0,16.754166666666666,2.8333333333333335,20.0,1007.875,100.41666666666667,3.7291666666666665,11.908333333333333,,9.354166666666666,,-0.5,1008.475,250.83333333333334,8.545833333333333,2.2291666666666665,,0.47500000000000003,5.0,3.0,1012.3333333333334,112.08333333333333,1.1875,18.879166666666666,3.2,10.066666666666666,0.0,,1012.8416666666667,148.69565217391303,2.558333333333333,2.2291666666666665,,0.47500000000000003,5.0,3.0,1012.3333333333334,112.08333333333333,1.1875,11.908333333333333,,9.354166666666666,,-0.5,1008.475,250.83333333333334,8.545833333333333,11.908333333333333,,9.354166666666666,,-0.5,1008.475,250.83333333333334,8.545833333333333
2017-02-23,20.099999999999998,5.142857142857143,16.6875,2.0416666666666665,26.333333333333332,1003.6130434782608,204.7826086956522,4.1875,9.475,,4.679166666666666,,11.0,998.4125,253.75,10.429166666666667,5.586956521739131,,3.1260869565217395,17.0,5.0,1004.5956521739131,167.82608695652175,3.7304347826086954,13.733333333333334,1.5833333333333333,-3.2125,0.0,,1011.3541666666666,253.75,4.945833333333334,5.586956521739131,,3.1260869565217395,17.0,5.0,1004.5956521739131,167.82608695652175,3.7304347826086954,9.475,,4.679166666666666,,11.0,998.4125,253.75,10.429166666666667,9.475,,4.679166666666666,,11.0,998.4125,253.75,10.429166666666667
2017-02-24,22.425,2.3333333333333335,17.099999999999998,0.0,-1.0,1009.0391304347827,182.5,4.341666666666667,6.0125,0.0,-0.07916666666666668,,-0.5,1016.0541666666667,272.5,3.9375,1.9333333333333333,,-0.14166666666666666,7.0,9.5,1011.1875,130.83333333333334,3.4333333333333336,11.641666666666666,1.0833333333333333,-3.179166666666667,0.0,,1017.7125,153.1818181818182,2.0208333333333335,1.9333333333333333,,-0.14166666666666666,7.0,9.5,1011.1875,130.83333333333334,3.4333333333333336,6.0125,0.0,-0.07916666666666668,,-0.5,1016.0541666666667,272.5,3.9375,6.0125,0.0,-0.07916666666666668,,-0.5,1016.0541666666667,272.5,3.9375
2017-02-25,21.154166666666665,1.619047619047619,15.808333333333332,0.0,,1012.3958333333334,217.91666666666666,3.1916666666666664,8.391666666666667,,5.7875000000000005,,-0.5,1013.7041666666668,211.66666666666666,6.216666666666666,1.6791666666666665,,0.7625000000000001,16.857142857142858,30.75,999.7875,141.25,4.029166666666667,12.733333333333334,1.8888888888888888,-3.1125000000000003,0.0,,1016.8249999999999,133.47826086956522,2.225,1.6791666666666665,,0.7625000000000001,16.857142857142858,30.75,999.7875,141.25,4.029166666666667,8.391666666666667,,5.7875000000000005,,-0.5,1013.7041666666668,211.66666666666666,6.216666666666666,8.391666666666667,,5.7875000000000005,,-0.5,1013.7041666666668,211.66666666666666,6.216666666666666
2017-02-26,19.054166666666667,0.5833333333333334,8.195833333333333,0.0,,1020.525,141.25,4.558333333333333,10.25,,8.025,,3.0,1005.9041666666667,220.41666666666666,7.383333333333334,-2.8083333333333336,,-9.612499999999999,2.0,1.0,1011.5375,257.9166666666667,5.9375,15.129166666666668,4.181818181818182,-0.2708333333333333,0.0,,1011.2375000000001,159.58333333333334,2.6,-2.8083333333333336,,-9.612499999999999,2.0,1.0,1011.5375,257.9166666666667,5.9375,10.25,,8.025,,3.0,1005.9041666666667,220.41666666666666,7.383333333333334,10.25,,8.025,,3.0,1005.9041666666667,220.41666666666666,7.383333333333334
2017-02-27,21.195833333333333,1.368421052631579,15.091666666666667,0.0,,1023.3375,106.25,3.779166666666667,6.791666666666667,,5.095833333333333,,25.0,990.2458333333334,209.16666666666666,5.3999999999999995,1.625,,-5.691666666666666,,0.0,1019.8041666666667,252.5,5.058333333333334,12.966666666666667,4.4,5.370833333333334,1.5,20.0,1011.9541666666668,127.3913043478261,3.025,1.625,,-5.691666666666666,,0.0,1019.8041666666667,252.5,5.058333333333334,6.791666666666667,,5.095833333333333,,25.0,990.2458333333334,209.16666666666666,5.3999999999999995,6.791666666666667,,5.095833333333333,,25.0,990.2458333333334,209.16666666666666,5.3999999999999995
2017-02-28,23.537499999999998,2.7058823529411766,18.466666666666665,0.0,,1023.704347826087,112.08333333333333,2.775,4.5,0.0,1.9291666666666665,,5.0,988.6541666666667,243.33333333333334,5.808333333333334,-0.2583333333333333,,-5.0125,,0.0,1021.625,105.83333333333333,2.4208333333333334,14.220833333333333,2.8333333333333335,8.295833333333333,0.9583333333333334,30.0,1013.6999999999999,209.1304347826087,3.3666666666666667,-0.2583333333333333,,-5.0125,,0.0,1021.625,105.83333333333333,2.4208333333333334,4.5,0.0,1.9291666666666665,,5.0,988.6541666666667,243.33333333333334,5.808333333333334,4.5,0.0,1.9291666666666665,,5.0,988.6541666666667,243.33333333333334,5.808333333333334
2017-03-01,23.583333333333332,3.25,16.841666666666665,0.0,,1020.0958333333333,100.0,1.6500000000000001,7.095833333333334,,4.0874999999999995,,1.0,998.3333333333334,236.25,5.25,2.5166666666666666,,1.9375,11.333333333333334,47.25,995.0958333333333,151.66666666666666,2.3916666666666666,14.791666666666666,0.25,2.5458333333333334,0.0,,1022.0666666666666,173.63636363636363,2.0541666666666667,2.5166666666666666,,1.9375,11.333333333333334,47.25,995.0958333333333,151.66666666666666,2.3916666666666666,7.095833333333334,,4.0874999999999995,,1.0,998.3333333333334,236.25,5.25,7.095833333333334,,4.0874999999999995,,1.0,998.3333333333334,236.25,5.25
2017-03-02,22.825,2.8,16.333333333333332,-0.041666666666666664,0.0,1018.6791666666667,195.0,4.5,7.6125,0.0,0.6541666666666667,,3.0,1008.2624999999999,240.41666666666666,8.091666666666667,-8.581818181818182,,-12.931818181818182,2.0,6.75,1008.0636363636364,291.8181818181818,7.009090909090909,17.054166666666667,0.9166666666666666,-2.433333333333333,0.0,,1020.6374999999999,83.33333333333333,3.233333333333333,-8.581818181818182,,-12.931818181818182,2.0,6.75,1008.0636363636364,291.8181818181818,7.009090909090909,7.6125,0.0,0.6541666666666667,,3.0,1008.2624999999999,240.41666666666666,8.091666666666667,7.6125,0.0,0.6541666666666667,,3.0,1008.2624999999999,240.41666666666666,8.091666666666667
2017-03-03,18.441666666666666,3.111111111111111,7.3125,0.0,,1026.8125,120.83333333333333,7.020833333333333,8.066666666666666,0.0,6.170833333333333,,10.0,998.8833333333333,145.83333333333334,4.170833333333333,-12.770833333333334,,-17.870833333333334,2.0,0.5,1026.4541666666667,300.0,3.5083333333333333,18.695833333333333,3.8333333333333335,0.43333333333333335,0.0,,1015.3458333333333,65.65217391304348,3.3874999999999997,-12.770833333333334,,-17.870833333333334,2.0,0.5,1026.4541666666667,300.0,3.5083333333333333,8.066666666666666,0.0,6.170833333333333,,10.0,998.8833333333333,145.83333333333334,4.170833333333333,8.066666666666666,0.0,6.170833333333333,,10.0,998.8833333333333,145.83333333333334,4.170833333333333
2017-03-04,17.162499999999998,2.0,6.6625000000000005,-0.041666666666666664,,1030.1458333333333,146.25,5.325,8.6625,,5.3625,,20.0,989.4250000000001,202.08333333333334,4.870833333333334,-16.479166666666668,,-23.229166666666668,,0.0,1038.1458333333333,300.4166666666667,4.758333333333334,18.908333333333335,4.285714285714286,2.495833333333333,0.0,,1014.3208333333333,129.52380952380952,2.2833333333333337,-16.479166666666668,,-23.229166666666668,,0.0,1038.1458333333333,300.4166666666667,4.758333333333334,8.6625,,5.3625,,20.0,989.4250000000001,202.08333333333334,4.870833333333334,8.6625,,5.3625,,20.0,989.4250000000001,202.08333333333334,4.870833333333334
2017-03-05,19.491666666666667,4.444444444444445,9.158333333333333,-0.041666666666666664,0.0,1029.1958333333334,81.66666666666667,6.1375,7.270833333333333,0.0,4.208333333333333,,11.0,991.3666666666667,227.91666666666666,7.116666666666667,-12.854166666666666,,-21.445833333333336,,0.0,1040.2958333333333,235.41666666666666,1.6875,18.495833333333334,4.666666666666667,2.129166666666667,0.0,,1011.0416666666666,155.65217391304347,3.6,-12.854166666666666,,-21.445833333333336,,0.0,1040.2958333333333,235.41666666666666,1.6875,7.270833333333333,0.0,4.208333333333333,,11.0,991.3666666666667,227.91666666666666,7.116666666666667,7.270833333333333,0.0,4.208333333333333,,11.0,991.3666666666667,227.91666666666666,7.116666666666667
2017-03-06,19.833333333333332,3.3333333333333335,9.695833333333333,0.0,,1027.9333333333334,82.91666666666667,5.550000000000001,7.045833333333333,0.0,2.4791666666666665,,3.0,1004.4916666666667,285.0,4.004166666666666,-6.266666666666667,,-12.345833333333333,4.0,0.0,1029.7333333333333,71.66666666666667,3.8791666666666664,15.1625,1.25,-1.5999999999999999,0.0,,1016.1625,239.58333333333334,3.529166666666667,-6.266666666666667,,-12.345833333333333,4.0,0.0,1029.7333333333333,71.66666666666667,3.8791666666666664,7.045833333333333,0.0,2.4791666666666665,,3.0,1004.4916666666667,285.0,4.004166666666666,7.045833333333333,0.0,2.4791666666666665,,3.0,1004.4916666666667,285.0,4.004166666666666
2017-03-07,20.470833333333335,3.8,12.529166666666667,0.0,,1026.2875000000001,90.0,3.6166666666666667,7.608333333333333,,2.7916666666666665,,0.0,1016.5041666666666,257.0833333333333,3.6875,0.07916666666666668,,-0.3708333333333333,10.666666666666666,29.5,1014.9166666666666,72.08333333333333,2.5083333333333333,16.058333333333334,1.6521739130434783,0.18749999999999997,0.0,,1019.9625,160.45454545454547,2.091666666666667,0.07916666666666668,,-0.3708333333333333,10.666666666666666,29.5,1014.9166666666666,72.08333333333333,2.5083333333333333,7.608333333333333,,2.7916666666666665,,0.0,1016.5041666666666,257.0833333333333,3.6875,7.608333333333333,,2.7916666666666665,,0.0,1016.5041666666666,257.0833333333333,3.6875
2017-03-08,21.929166666666664,3.5,14.391666666666666,-0.041666666666666664,,1025.0291666666667,121.0,1.9083333333333334,10.975,,8.866666666666667,,5.0,1012.6666666666666,233.75,5.125,4.191666666666666,,-0.15416666666666667,4.6,10.0,1006.5375,227.91666666666666,6.075,19.004166666666666,3.2,3.0208333333333335,0.0,,1016.8833333333333,132.6086956521739,1.8541666666666667,4.191666666666666,,-0.15416666666666667,4.6,10.0,1006.5375,227.91666666666666,6.075,10.975,,8.866666666666667,,5.0,1012.6666666666666,233.75,5.125,10.975,,8.866666666666667,,5.0,1012.6666666666666,233.75,5.125
2017-03-09,22.358333333333334,2.9523809523809526,15.470833333333333,0.0,0.0,1022.5541666666667,154.54545454545453,2.0124999999999997,12.604166666666666,,6.3875,,0.0,1020.5,226.66666666666666,4.145833333333333,-2.6999999999999997,,-11.195833333333333,2.0,0.5,1012.3458333333333,273.3333333333333,6.258333333333333,21.537499999999998,2.909090909090909,2.8874999999999997,0.0,,1016.1374999999999,125.21739130434783,1.8499999999999999,-2.6999999999999997,,-11.195833333333333,2.0,0.5,1012.3458333333333,273.3333333333333,6.258333333333333,12.604166666666666,,6.3875,,0.0,1020.5,226.66666666666666,4.145833333333333,12.604166666666666,,6.3875,,0.0,1020.5,226.66666666666666,4.145833333333333
2017-03-10,22.608333333333334,3.130434782608696,14.012500000000001,0.0,,1018.725,183.33333333333334,3.5500000000000003,9.625,,7.245833333333334,,-0.5,1025.1499999999999,150.41666666666666,3.095833333333333,-8.6875,,-14.987499999999999,,0.0,1015.2541666666666,255.0,4.9750000000000005,22.754166666666666,1.6842105263157894,3.1041666666666665,0.0,,1014.7958333333332,144.54545454545453,2.316666666666667,-8.6875,,-14.987499999999999,,0.0,1015.2541666666666,255.0,4.9750000000000005,9.625,,7.245833333333334,,-0.5,1025.1499999999999,150.41666666666666,3.095833333333333,9.625,,7.245833333333334,,-0.5,1025.1499999999999,150.41666666666666,3.095833333333333
2017-03-11,22.0625,3.6666666666666665,12.483333333333334,0.0,,1019.6750000000001,134.16666666666666,4.2625,12.383333333333333,,9.549999999999999,,0.0,1018.225,165.0,2.966666666666667,-17.099999999999998,,-25.224999999999998,,0.0,1023.3791666666666,297.9166666666667,5.720833333333334,23.241666666666664,3.066666666666667,3.3208333333333333,0.0,,1012.2833333333333,82.27272727272727,1.7249999999999999,-17.099999999999998,,-25.224999999999998,,0.0,1023.3791666666666,297.9166666666667,5.720833333333334,12.383333333333333,,9.549999999999999,,0.0,1018.225,165.0,2.966666666666667,12.383333333333333,,9.549999999999999,,0.0,1018.225,165.0,2.966666666666667
2017-03-12,20.525,6.5,14.829166666666666,-0.125,-1.0,1018.4125,69.16666666666667,2.654166666666667,10.629166666666666,,8.416666666666666,,10.0,1015.1458333333334,268.3333333333333,1.9166666666666667,-14.520833333333334,,-22.166666666666668,,0.0,1028.6833333333334,287.5,4.5375,23.425,3.6,4.2875000000000005,0.0,,1012.8874999999999,165.45454545454547,2.620833333333333,-14.520833333333334,,-22.166666666666668,,0.0,1028.6833333333334,287.5,4.5375,10.629166666666666,,8.416666666666666,,10.0,1015.1458333333334,268.3333333333333,1.9166666666666667,10.629166666666666,,8.416666666666666,,10.0,1015.1458333333334,268.3333333333333,1.9166666666666667
2017-03-13,20.849999999999998,7.0,16.233333333333334,0.375,1.5,1014.6125000000001,130.41666666666666,4.2,10.491666666666667,0.0,5.220833333333333,,-0.5,1028.4521739130435,282.9166666666667,2.9499999999999997,-12.154166666666667,,-21.358333333333334,,0.0,1032.7333333333333,251.25,1.9500000000000002,24.491666666666664,1.5,5.4875,0.0,,1013.65,123.04347826086956,2.0833333333333335,-12.154166666666667,,-21.358333333333334,,0.0,1032.7333333333333,251.25,1.9500000000000002,10.491666666666667,0.0,5.220833333333333,,-0.5,1028.4521739130435,282.9166666666667,2.9499999999999997,10.491666666666667,0.0,5.220833333333333,,-0.5,1028.4521739130435,282.9166666666667,2.9499999999999997
2017-03-14,16.554166666666667,4.428571428571429,9.616666666666667,0.2916666666666667,9.0,1013.9869565217392,286.6666666666667,7.2250000000000005,11.083333333333334,0.0,8.4,,0.0,1032.3541666666667,260.4166666666667,4.395833333333333,-9.825000000000001,,-12.6625,4.2727272727272725,5.75,1018.5375,152.08333333333334,5.820833333333333,25.166666666666668,0.43478260869565216,4.8125,0.0,,1014.7833333333333,132.6086956521739,2.0083333333333333,-9.825000000000001,,-12.6625,4.2727272727272725,5.75,1018.5375,152.08333333333334,5.820833333333333,11.083333333333334,0.0,8.4,,0.0,1032.3541666666667,260.4166666666667,4.395833333333333,11.083333333333334,0.0,8.4,,0.0,1032.3541666666667,260.4166666666667,4.395833333333333
2017-03-15,11.266666666666666,0.8333333333333334,-0.2291666666666666,0.0,,1022.1750000000001,299.5652173913044,4.433333333333333,11.895833333333334,0.0,8.029166666666667,,0.0,1032.5333333333333,275.0,2.033333333333333,-8.183333333333334,,-11.241666666666667,3.3076923076923075,18.0,1002.525,313.75,6.3999999999999995,25.09583333333333,3.4,3.5,0.0,,1015.6583333333333,162.17391304347825,2.4541666666666666,-8.183333333333334,,-11.241666666666667,3.3076923076923075,18.0,1002.525,313.75,6.3999999999999995,11.895833333333334,0.0,8.029166666666667,,0.0,1032.5333333333333,275.0,2.033333333333333,11.895833333333334,0.0,8.029166666666667,,0.0,1032.5333333333333,275.0,2.033333333333333
2017-03-16,10.995833333333332,0.5,-4.620833333333334,0.0,,1027.1083333333333,265.90909090909093,3.775,9.05,0.0,6.966666666666666,,0.0,1023.1541666666667,237.5,3.8125,-6.6521739130434785,,-15.743478260869566,,0.6666666666666666,1013.008695652174,292.17391304347825,5.465217391304348,25.3,2.0,2.5875,0.0,,1014.9125,102.85714285714286,2.1374999999999997,-6.6521739130434785,,-15.743478260869566,,0.6666666666666666,1013.008695652174,292.17391304347825,5.465217391304348,9.05,0.0,6.966666666666666,,0.0,1023.1541666666667,237.5,3.8125,9.05,0.0,6.966666666666666,,0.0,1023.1541666666667,237.5,3.8125
2017-03-17,14.545833333333334,1.7142857142857142,3.891666666666667,0.0,,1028.2291666666667,89.58333333333333,2.783333333333333,8.533333333333333,0.0,3.8708333333333336,,0.0,1017.3666666666667,262.9166666666667,6.429166666666667,-5.758823529411765,,-16.91176470588235,,0.0,1022.3705882352941,288.8235294117647,3.570588235294118,26.349999999999998,2.2222222222222223,3.0041666666666664,0.0,,1014.225,70.0,2.0875,-5.758823529411765,,-16.91176470588235,,0.0,1022.3705882352941,288.8235294117647,3.570588235294118,8.533333333333333,0.0,3.8708333333333336,,0.0,1017.3666666666667,262.9166666666667,6.429166666666667,8.533333333333333,0.0,3.8708333333333336,,0.0,1017.3666666666667,262.9166666666667,6.429166666666667
2017-03-18,17.966666666666665,0.25,7.3625,0.0,,1024.9375,165.83333333333334,2.4791666666666665,12.291666666666666,,9.7875,,1.5,1010.4208333333332,257.9166666666667,7.804166666666667,,,,,,,,,26.8,2.869565217391304,2.8833333333333333,0.0,,1015.0041666666666,160.0,2.5791666666666666,,,,,,,,,12.291666666666666,,9.7875,,1.5,1010.4208333333332,257.9166666666667,7.804166666666667,12.291666666666666,,9.7875,,1.5,1010.4208333333332,257.9166666666667,7.804166666666667
2017-03-19,19.304166666666667,1.0434782608695652,9.220833333333333,0.0,,1020.875,213.33333333333334,5.095833333333333,12.758333333333333,,9.1,,0.0,1009.1666666666666,247.08333333333334,8.458333333333334,,,,,,,,,27.054166666666664,1.4166666666666667,2.2333333333333334,0.0,,1014.7833333333333,123.63636363636364,2.120833333333333,,,,,,,,,12.758333333333333,,9.1,,0.0,1009.1666666666666,247.08333333333334,8.458333333333334,12.758333333333333,,9.1,,0.0,1009.1666666666666,247.08333333333334,8.458333333333334
2017-03-20,17.595833333333335,1.0833333333333333,7.8875,0.0,,1022.0416666666666,145.83333333333334,1.6541666666666668,10.645833333333334,0.0,8.454166666666667,,0.5,1004.5833333333334,230.41666666666666,6.979166666666667,,,,,,,,,27.72083333333333,2.8,2.025,0.0,,1012.1708333333332,175.0,2.8666666666666667,,,,,,,,,10.645833333333334,0.0,8.454166666666667,,0.5,1004.5833333333334,230.41666666666666,6.979166666666667,10.645833333333334,0.0,8.454166666666667,,0.5,1004.5833333333334,230.41666666666666,6.979166666666667
2017-03-21,19.883333333333333,0.0,9.545833333333333,0.0,,1020.4125,157.5,1.8916666666666666,7.5249999999999995,0.0,1.2541666666666667,,0.0,1009.0124999999999,238.75,6.1000000000000005,3.04,,-1.6199999999999999,,,1010.1600000000001,183.4,4.58,26.629166666666666,2.857142857142857,3.6374999999999997,0.0,,1011.3958333333334,158.69565217391303,3.35,3.04,,-1.6199999999999999,,,1010.1600000000001,183.4,4.58,7.5249999999999995,0.0,1.2541666666666667,,0.0,1009.0124999999999,238.75,6.1000000000000005,7.5249999999999995,0.0,1.2541666666666667,,0.0,1009.0124999999999,238.75,6.1000000000000005
2017-03-22,22.104166666666668,2.6,14.700000000000001,0.0,,1018.5625,206.8421052631579,3.3125,7.229166666666667,0.0,3.8041666666666667,,9.5,1006.4583333333334,152.91666666666666,4.929166666666666,-10.004545454545454,,-19.713636363636365,,0.0,1028.05,305.90909090909093,6.759090909090909,22.616666666666664,3.5555555555555554,6.404166666666668,0.0,,1010.2624999999999,186.1904761904762,3.8208333333333333,-10.004545454545454,,-19.713636363636365,,0.0,1028.05,305.90909090909093,6.759090909090909,7.229166666666667,0.0,3.8041666666666667,,9.5,1006.4583333333334,152.91666666666666,4.929166666666666,7.229166666666667,0.0,3.8041666666666667,,9.5,1006.4583333333334,152.91666666666666,4.929166666666666
2017-03-23,21.829166666666666,3.8461538461538463,15.808333333333332,-0.20833333333333334,-0.6666666666666666,1023.8583333333335,80.41666666666667,6.191666666666666,8.612499999999999,0.0,4.629166666666666,,-1.0,1015.2416666666667,57.5,5.3,-4.5125,,-14.520833333333334,,0.0,1032.7083333333333,235.0,3.5541666666666667,17.204166666666666,3.4285714285714284,4.625,0.625,20.0,1013.0375,221.66666666666666,5.333333333333333,-4.5125,,-14.520833333333334,,0.0,1032.7083333333333,235.0,3.5541666666666667,8.612499999999999,0.0,4.629166666666666,,-1.0,1015.2416666666667,57.5,5.3,8.612499999999999,0.0,4.629166666666666,,-1.0,1015.2416666666667,57.5,5.3
2017-03-24,21.270833333333332,2.6666666666666665,12.520833333333334,0.0,,1026.2375,77.5,5.541666666666667,8.975,0.0,4.7749999999999995,,0.0,1028.0249999999999,53.333333333333336,4.908333333333333,-1.0391304347826087,,-3.365217391304348,8.928571428571429,37.5,1020.6608695652175,163.47826086956522,2.017391304347826,18.724999999999998,0.08333333333333333,2.1125000000000003,0.0,,1019.0500000000001,143.0,2.1458333333333335,-1.0391304347826087,,-3.365217391304348,8.928571428571429,37.5,1020.6608695652175,163.47826086956522,2.017391304347826,8.975,0.0,4.7749999999999995,,0.0,1028.0249999999999,53.333333333333336,4.908333333333333,8.975,0.0,4.7749999999999995,,0.0,1028.0249999999999,53.333333333333336,4.908333333333333
2017-03-25,21.175,3.090909090909091,13.170833333333334,0.0,,1022.5666666666666,88.75,4.016666666666667,9.504166666666666,0.0,-1.0583333333333333,,0.0,1029.1583333333333,50.0,4.920833333333333,-0.5833333333333334,,-5.056521739130434,3.0,3.75,1027.7541666666666,310.0,2.375,20.620833333333334,3.0,1.2708333333333333,0.0,,1012.6291666666666,168.63636363636363,4.016666666666667,-0.5833333333333334,,-5.056521739130434,3.0,3.75,1027.7541666666666,310.0,2.375,9.504166666666666,0.0,-1.0583333333333333,,0.0,1029.1583333333333,50.0,4.920833333333333,9.504166666666666,0.0,-1.0583333333333333,,0.0,1029.1583333333333,50.0,4.920833333333333
2017-03-26,21.71666666666667,2.7,14.183333333333332,0.0,,1019.9416666666666,69.56521739130434,2.3583333333333334,9.9375,0.0,3.2458333333333336,,0.0,1024.1875,65.0,4.7,-2.8041666666666667,,-9.3125,,0.0,1028.5708333333334,69.16666666666667,5.420833333333333,21.133333333333333,3.4,-0.04999999999999999,0.0,,1011.1625,160.0,2.1625,-2.8041666666666667,,-9.3125,,0.0,1028.5708333333334,69.16666666666667,5.420833333333333,9.9375,0.0,3.2458333333333336,,0.0,1024.1875,65.0,4.7,9.9375,0.0,3.2458333333333336,,0.0,1024.1875,65.0,4.7
2017-03-27,21.958333333333332,2.4444444444444446,14.137500000000001,0.0,,1018.3708333333334,106.81818181818181,2.4083333333333337,10.15,0.0,5.729166666666667,,0.0,1021.9875000000001,72.08333333333333,3.220833333333333,0.8041666666666667,,0.5043478260869565,7.363636363636363,18.75,1014.6166666666667,66.25,2.85,21.479166666666668,3.6,1.8083333333333333,0.0,,1008.1833333333334,162.85714285714286,4.3374999999999995,0.8041666666666667,,0.5043478260869565,7.363636363636363,18.75,1014.6166666666667,66.25,2.85,10.15,0.0,5.729166666666667,,0.0,1021.9875000000001,72.08333333333333,3.220833333333333,10.15,0.0,5.729166666666667,,0.0,1021.9875000000001,72.08333333333333,3.220833333333333
2017-03-28,23.150000000000002,2.090909090909091,14.245833333333332,0.0,,1016.7916666666666,57.77777777777778,1.55,11.233333333333334,0.0,7.329166666666667,,0.0,1020.0833333333334,161.66666666666666,3.8541666666666665,3.3625000000000003,,1.1958333333333333,3.125,7.25,1015.1875,266.25,2.704166666666667,20.162499999999998,2.210526315789474,0.9375,-0.041666666666666664,-1.0,1008.5500000000001,270.0,4.729166666666667,3.3625000000000003,,1.1958333333333333,3.125,7.25,1015.1875,266.25,2.704166666666667,11.233333333333334,0.0,7.329166666666667,,0.0,1020.0833333333334,161.66666666666666,3.8541666666666665,11.233333333333334,0.0,7.329166666666667,,0.0,1020.0833333333334,161.66666666666666,3.8541666666666665
2017-03-29,24.208333333333332,1.3333333333333333,14.674999999999999,0.0,,1016.3874999999999,98.5,1.8875,13.049999999999999,,9.975,,-0.5,1021.6666666666666,211.66666666666666,5.716666666666666,2.254166666666667,,-4.4375,,0.0,1023.9291666666667,328.3333333333333,3.6791666666666667,22.016666666666666,2.090909090909091,-2.85,0.0,,1012.0541666666667,230.95238095238096,3.5,2.254166666666667,,-4.4375,,0.0,1023.9291666666667,328.3333333333333,3.6791666666666667,13.049999999999999,,9.975,,-0.5,1021.6666666666666,211.66666666666666,5.716666666666666,13.049999999999999,,9.975,,-0.5,1021.6666666666666,211.66666666666666,5.716666666666666
2017-03-30,24.625,2.5454545454545454,14.954166666666666,0.0,,1014.7624999999999,147.3913043478261,4.116666666666666,15.9,0.0,8.404166666666667,,-0.5,1018.4333333333334,179.58333333333334,4.395833333333333,0.9291666666666667,,-6.654166666666666,,0.0,1024.6625000000001,143.75,2.4208333333333334,23.349999999999998,1.8333333333333333,-3.3333333333333335,0.0,,1005.9291666666667,147.82608695652175,5.529166666666666,0.9291666666666667,,-6.654166666666666,,0.0,1024.6625000000001,143.75,2.4208333333333334,15.9,0.0,8.404166666666667,,-0.5,1018.4333333333334,179.58333333333334,4.395833333333333,15.9,0.0,8.404166666666667,,-0.5,1018.4333333333334,179.58333333333334,4.395833333333333
2017-03-31,24.47083333333333,3.8,16.979166666666668,0.08333333333333333,3.0,1012.3,210.41666666666666,6.091666666666666,13.0875,0.0,7.595833333333334,,1.0,1010.0749999999999,193.33333333333334,4.770833333333333,0.65,,-2.8708333333333336,4.888888888888889,5.0,1016.1999999999999,67.91666666666667,5.829166666666667,17.170833333333334,3.8333333333333335,-5.0125,0.0,,1003.7916666666666,234.58333333333334,6.2749999999999995,0.65,,-2.8708333333333336,4.888888888888889,5.0,1016.1999999999999,67.91666666666667,5.829166666666667,13.0875,0.0,7.595833333333334,,1.0,1010.0749999999999,193.33333333333334,4.770833333333333,13.0875,0.0,7.595833333333334,,1.0,1010.0749999999999,193.33333333333334,4.770833333333333
2017-04-01,24.795833333333334,3.5555555555555554,14.858333333333334,0.0,,1015.375,221.25,2.9166666666666665,11.833333333333334,0.0,6.825,,-0.5,1009.8083333333334,215.0,4.504166666666666,1.8125,,0.125,3.0,12.25,1015.8166666666666,103.33333333333333,2.75,16.945833333333333,3.0434782608695654,-0.7208333333333332,0.0,,1011.3541666666666,153.04347826086956,2.143478260869565,1.8125,,0.125,3.0,12.25,1015.8166666666666,103.33333333333333,2.75,11.833333333333334,0.0,6.825,,-0.5,1009.8083333333334,215.0,4.504166666666666,11.833333333333334,0.0,6.825,,-0.5,1009.8083333333334,215.0,4.504166666666666
2017-04-02,24.620833333333334,4.666666666666667,18.033333333333335,0.0,,1016.3285714285714,85.83333333333333,3.6458333333333335,10.970833333333333,0.0,5.483333333333333,,0.0,1021.7875,269.1666666666667,1.9166666666666667,3.595833333333333,,-2.773913043478261,,0.0,1018.0458333333332,261.25,3.0041666666666664,20.083333333333332,1.9166666666666667,0.5916666666666667,0.0,,1012.0708333333333,173.1818181818182,3.3000000000000003,3.595833333333333,,-2.773913043478261,,0.0,1018.0458333333332,261.25,3.0041666666666664,10.970833333333333,0.0,5.483333333333333,,0.0,1021.7875,269.1666666666667,1.9166666666666667,10.970833333333333,0.0,5.483333333333333,,0.0,1021.7875,269.1666666666667,1.9166666666666667
2017-04-03,27.008333333333336,4.5,19.216666666666665,0.0,,1015.9,162.91666666666666,5.354166666666667,10.866666666666667,0.0,5.7,,0.0,1025.2416666666666,143.33333333333334,3.5541666666666667,3.216666666666667,,-4.708333333333333,,0.0,1016.7375000000001,99.58333333333333,3.3625000000000003,22.170833333333334,3.3333333333333335,0.8833333333333333,-0.041666666666666664,-1.0,1007.0130434782608,147.3913043478261,4.545833333333333,3.216666666666667,,-4.708333333333333,,0.0,1016.7375000000001,99.58333333333333,3.3625000000000003,10.866666666666667,0.0,5.7,,0.0,1025.2416666666666,143.33333333333334,3.5541666666666667,10.866666666666667,0.0,5.7,,0.0,1025.2416666666666,143.33333333333334,3.5541666666666667
2017-04-04,23.775000000000002,3.4,19.495833333333334,-0.16666666666666666,,1014.4375,144.16666666666666,4.245833333333334,11.654166666666667,,8.629166666666666,,-0.5,1026.0125,245.0,2.6041666666666665,2.716666666666667,,1.4291666666666665,12.19047619047619,58.0,1000.2041666666668,76.66666666666667,4.954166666666667,20.8125,2.1176470588235294,-3.9583333333333335,0.0,,1012.4583333333334,215.45454545454547,3.4791666666666665,2.716666666666667,,1.4291666666666665,12.19047619047619,58.0,1000.2041666666668,76.66666666666667,4.954166666666667,11.654166666666667,,8.629166666666666,,-0.5,1026.0125,245.0,2.6041666666666665,11.654166666666667,,8.629166666666666,,-0.5,1026.0125,245.0,2.6041666666666665
2017-04-05,26.520833333333332,3.2857142857142856,18.599999999999998,0.0,,1013.9,191.66666666666666,4.2875000000000005,10.1625,0.0,3.8166666666666664,,0.0,1030.9958333333334,329.1666666666667,2.9375,4.639130434782609,,2.017391304347826,6.4,12.5,1011.2086956521739,247.82608695652175,2.926086956521739,21.995833333333334,2.3529411764705883,-5.504166666666666,0.0,,1015.0749999999999,101.5,2.704166666666667,4.639130434782609,,2.017391304347826,6.4,12.5,1011.2086956521739,247.82608695652175,2.926086956521739,10.1625,0.0,3.8166666666666664,,0.0,1030.9958333333334,329.1666666666667,2.9375,10.1625,0.0,3.8166666666666664,,0.0,1030.9958333333334,329.1666666666667,2.9375
2017-04-06,23.599999999999998,1.875,12.75,-0.125,-0.5,1013.4208333333332,245.83333333333334,6.616666666666667,11.566666666666668,0.0,4.8999999999999995,,0.0,1030.5666666666666,303.75,1.6833333333333333,3.658333333333333,,2.3666666666666667,17.375,47.5,1002.3458333333333,57.916666666666664,5.970833333333334,24.329166666666666,2.210526315789474,-3.529166666666667,0.0,,1012.0083333333333,132.08333333333334,2.125,3.658333333333333,,2.3666666666666667,17.375,47.5,1002.3458333333333,57.916666666666664,5.970833333333334,11.566666666666668,0.0,4.8999999999999995,,0.0,1030.5666666666666,303.75,1.6833333333333333,11.566666666666668,0.0,4.8999999999999995,,0.0,1030.5666666666666,303.75,1.6833333333333333
2017-04-07,18.337500000000002,1.25,1.7416666666666665,0.0,,1017.5583333333334,300.8333333333333,5.6875,11.558333333333332,0.0,5.375,,0.0,1027.1708333333333,217.5,1.7958333333333334,2.375,,-0.2208333333333333,4.833333333333333,27.75,994.1458333333334,318.75,6.779166666666668,25.21666666666667,4.666666666666667,-3.1458333333333335,0.0,,1012.4041666666667,155.0,2.8541666666666665,2.375,,-0.2208333333333333,4.833333333333333,27.75,994.1458333333334,318.75,6.779166666666668,11.558333333333332,0.0,5.375,,0.0,1027.1708333333333,217.5,1.7958333333333334,11.558333333333332,0.0,5.375,,0.0,1027.1708333333333,217.5,1.7958333333333334
2017-04-08,17.820833333333333,1.4166666666666667,2.1374999999999997,0.0,,1018.3916666666668,125.9090909090909,2.525,12.9625,0.0,5.55,,0.0,1023.5916666666667,179.58333333333334,2.1875,4.070833333333334,,-3.4916666666666667,,0.0,1009.1166666666667,283.75,5.3,23.704166666666666,4.222222222222222,-3.279166666666667,0.0,,1009.1666666666666,176.1904761904762,4.233333333333333,4.070833333333334,,-3.4916666666666667,,0.0,1009.1166666666667,283.75,5.3,12.9625,0.0,5.55,,0.0,1023.5916666666667,179.58333333333334,2.1875,12.9625,0.0,5.55,,0.0,1023.5916666666667,179.58333333333334,2.1875
2017-04-09,19.866666666666667,1.7777777777777777,6.758333333333333,0.0,,1020.4333333333334,101.66666666666667,2.704166666666667,15.958333333333334,0.0,7.033333333333334,,0.0,1020.2416666666667,180.0,4.291666666666667,8.31578947368421,,-1.0842105263157895,,0.0,1015.0105263157895,220.0,3.952631578947368,21.59583333333333,2.3636363636363638,-3.5500000000000003,0.0,,1010.9083333333333,265.45454545454544,3.9166666666666665,8.31578947368421,,-1.0842105263157895,,0.0,1015.0105263157895,220.0,3.952631578947368,15.958333333333334,0.0,7.033333333333334,,0.0,1020.2416666666667,180.0,4.291666666666667,15.958333333333334,0.0,7.033333333333334,,0.0,1020.2416666666667,180.0,4.291666666666667
2017-04-10,21.537499999999998,1.4285714285714286,12.525,0.0,,1022.8125,54.583333333333336,4.054166666666666,11.054166666666667,0.0,3.1125000000000003,,0.0,1025.5666666666666,317.5,3.2125,18.575,,9.35,8.0,,1011.05,214.5,6.125,21.983333333333334,1.6666666666666667,-7.2375,0.0,,1013.1083333333332,196.66666666666666,2.2041666666666666,18.575,,9.35,8.0,,1011.05,214.5,6.125,11.054166666666667,0.0,3.1125000000000003,,0.0,1025.5666666666666,317.5,3.2125,11.054166666666667,0.0,3.1125000000000003,,0.0,1025.5666666666666,317.5,3.2125
2017-04-11,21.825,2.75,12.7125,0.0,,1022.7333333333332,93.75,3.5833333333333335,10.891666666666666,0.0,3.5083333333333333,,0.0,1027.1,281.25,3.8041666666666667,6.695,,5.345000000000001,2.0,0.0,1018.4350000000001,240.5,2.975,23.474999999999998,2.25,-6.825,0.0,,1011.5124999999999,164.28571428571428,2.5500000000000003,6.695,,5.345000000000001,2.0,0.0,1018.4350000000001,240.5,2.975,10.891666666666666,0.0,3.5083333333333333,,0.0,1027.1,281.25,3.8041666666666667,10.891666666666666,0.0,3.5083333333333333,,0.0,1027.1,281.25,3.8041666666666667
2017-04-12,22.891666666666666,3.375,14.083333333333334,0.0,,1021.6791666666667,72.6086956521739,3.970833333333333,11.329166666666666,0.0,5.091666666666667,,0.0,1019.15,272.9166666666667,4.904166666666667,6.645833333333333,,3.4791666666666665,3.6666666666666665,2.75,1020.8166666666666,231.66666666666666,4.329166666666667,25.075,0.5,-4.670833333333333,0.0,,1010.6833333333334,136.0,2.6166666666666667,6.645833333333333,,3.4791666666666665,3.6666666666666665,2.75,1020.8166666666666,231.66666666666666,4.329166666666667,11.329166666666666,0.0,5.091666666666667,,0.0,1019.15,272.9166666666667,4.904166666666667,11.329166666666666,0.0,5.091666666666667,,0.0,1019.15,272.9166666666667,4.904166666666667
2017-04-13,22.59166666666667,3.090909090909091,13.791666666666666,0.0,,1021.4458333333333,72.91666666666667,4.420833333333333,10.629166666666666,0.0,2.2416666666666667,,-0.5,1018.4125,299.5833333333333,2.829166666666666,6.879166666666666,,-1.7708333333333333,,0.0,1028.2583333333334,292.9166666666667,3.6291666666666664,26.183333333333334,2.2666666666666666,-2.1458333333333335,0.0,,1008.6125000000001,166.0,3.5708333333333333,6.879166666666666,,-1.7708333333333333,,0.0,1028.2583333333334,292.9166666666667,3.6291666666666664,10.629166666666666,0.0,2.2416666666666667,,-0.5,1018.4125,299.5833333333333,2.829166666666666,10.629166666666666,0.0,2.2416666666666667,,-0.5,1018.4125,299.5833333333333,2.829166666666666
2017-04-14,22.849999999999998,3.0,14.370833333333332,0.0,,1021.9791666666666,65.83333333333333,4.766666666666667,11.395833333333334,,5.116666666666666,,0.0,1016.8916666666668,262.5,4.616666666666666,7.825,,-3.704166666666667,,0.0,1029.1416666666667,272.9166666666667,1.2541666666666667,24.912499999999998,0.25,-0.8333333333333334,0.0,,1007.8375,195.0,2.7624999999999997,7.825,,-3.704166666666667,,0.0,1029.1416666666667,272.9166666666667,1.2541666666666667,11.395833333333334,,5.116666666666666,,0.0,1016.8916666666668,262.5,4.616666666666666,11.395833333333334,,5.116666666666666,,0.0,1016.8916666666668,262.5,4.616666666666666
2017-04-15,23.099999999999998,6.8,14.924999999999999,0.0,,1023.6750000000001,88.33333333333333,5.266666666666667,11.299999999999999,0.0,3.3541666666666665,,-0.5,1018.3541666666666,288.3333333333333,4.458333333333333,8.995833333333334,,2.5913043478260867,21.333333333333332,32.5,1018.1875,165.83333333333334,2.283333333333333,24.650000000000002,0.5833333333333334,-3.375,0.0,,1010.475,113.04347826086956,2.033333333333333,8.995833333333334,,2.5913043478260867,21.333333333333332,32.5,1018.1875,165.83333333333334,2.283333333333333,11.299999999999999,0.0,3.3541666666666665,,-0.5,1018.3541666666666,288.3333333333333,4.458333333333333,11.299999999999999,0.0,3.3541666666666665,,-0.5,1018.3541666666666,288.3333333333333,4.458333333333333
2017-04-16,22.912499999999998,2.5555555555555554,14.095833333333333,0.0,,1022.5291666666667,95.21739130434783,4.179166666666666,10.75,,4.233333333333333,,0.0,1021.8791666666666,272.5,4.566666666666666,11.754166666666668,,10.643478260869566,13.25,28.0,1005.9083333333333,257.0833333333333,2.120833333333333,25.025000000000002,2.3333333333333335,-3.5083333333333333,0.0,,1011.4041666666667,143.88888888888889,2.5791666666666666,11.754166666666668,,10.643478260869566,13.25,28.0,1005.9083333333333,257.0833333333333,2.120833333333333,10.75,,4.233333333333333,,0.0,1021.8791666666666,272.5,4.566666666666666,10.75,,4.233333333333333,,0.0,1021.8791666666666,272.5,4.566666666666666
2017-04-17,22.912499999999998,3.2857142857142856,14.966666666666667,0.0,,1019.9458333333333,76.19047619047619,2.3125,9.762500000000001,,4.3625,,2.0,1023.0208333333334,161.66666666666666,2.654166666666667,4.8375,,-0.1458333333333333,,0.0,1017.7208333333333,302.5,5.170833333333333,25.84166666666667,3.6,-2.7541666666666664,0.0,,1011.6708333333332,130.41666666666666,2.4875000000000003,4.8375,,-0.1458333333333333,,0.0,1017.7208333333333,302.5,5.170833333333333,9.762500000000001,,4.3625,,2.0,1023.0208333333334,161.66666666666666,2.654166666666667,9.762500000000001,,4.3625,,2.0,1023.0208333333334,161.66666666666666,2.654166666666667
2017-04-18,23.474999999999998,3.2222222222222223,15.7875,0.0,,1020.1333333333333,74.54545454545455,2.920833333333333,8.491666666666667,0.0,-0.08749999999999998,,0.0,1031.0260869565216,64.16666666666667,3.7708333333333335,4.595833333333333,,-4.220833333333333,,0.0,1029.7291666666667,195.41666666666666,1.9916666666666665,26.8875,0.5,1.1416666666666666,0.0,,1011.4250000000001,172.27272727272728,3.25,4.595833333333333,,-4.220833333333333,,0.0,1029.7291666666667,195.41666666666666,1.9916666666666665,8.491666666666667,0.0,-0.08749999999999998,,0.0,1031.0260869565216,64.16666666666667,3.7708333333333335,8.491666666666667,0.0,-0.08749999999999998,,0.0,1031.0260869565216,64.16666666666667,3.7708333333333335
2017-04-19,23.770833333333332,2.210526315789474,16.345833333333335,-0.041666666666666664,0.0,1021.7166666666667,88.33333333333333,4.0125,9.233333333333333,0.0,-0.4041666666666666,,0.0,1036.5083333333334,94.58333333333333,2.2583333333333333,7.095833333333334,,3.9875000000000003,20.875,40.0,1019.9375,166.66666666666666,3.7541666666666664,27.150000000000002,1.25,0.6416666666666667,0.0,,1012.1041666666666,222.38095238095238,3.220833333333333,7.095833333333334,,3.9875000000000003,20.875,40.0,1019.9375,166.66666666666666,3.7541666666666664,9.233333333333333,0.0,-0.4041666666666666,,0.0,1036.5083333333334,94.58333333333333,2.2583333333333333,9.233333333333333,0.0,-0.4041666666666666,,0.0,1036.5083333333334,94.58333333333333,2.2583333333333333
2017-04-20,23.195833333333336,2.2666666666666666,15.333333333333334,0.0,,1020.375,91.73913043478261,3.5,10.904166666666667,,4.920833333333333,,0.0,1035.7958333333333,244.58333333333334,3.1999999999999997,7.175,,2.3833333333333333,,0.75,1020.9958333333334,152.91666666666666,4.7,26.083333333333332,0.16666666666666666,-4.254166666666666,0.0,,1011.0416666666666,158.2608695652174,2.7458333333333336,7.175,,2.3833333333333333,,0.75,1020.9958333333334,152.91666666666666,4.7,10.904166666666667,,4.920833333333333,,0.0,1035.7958333333333,244.58333333333334,3.1999999999999997,10.904166666666667,,4.920833333333333,,0.0,1035.7958333333333,244.58333333333334,3.1999999999999997
2017-04-21,23.40833333333333,2.3333333333333335,15.174999999999999,0.0,,1016.8874999999999,95.0,3.795833333333333,12.045833333333334,0.0,6.454166666666667,,1.0,1031.7208333333333,294.5833333333333,2.7125,9.470833333333333,,6.4624999999999995,9.272727272727273,25.0,1009.025,187.91666666666666,4.158333333333333,26.6375,0.75,-5.845833333333334,0.0,,1009.0291666666667,173.63636363636363,2.8000000000000003,9.470833333333333,,6.4624999999999995,9.272727272727273,25.0,1009.025,187.91666666666666,4.158333333333333,12.045833333333334,0.0,6.454166666666667,,1.0,1031.7208333333333,294.5833333333333,2.7125,12.045833333333334,0.0,6.454166666666667,,1.0,1031.7208333333333,294.5833333333333,2.7125
2017-04-22,24.258333333333336,3.3333333333333335,17.891666666666666,0.0,0.0,1013.8249999999999,119.04761904761905,3.3666666666666667,11.766666666666666,0.0,4.454166666666667,,0.0,1028.4624999999999,242.08333333333334,2.8666666666666667,7.4375,,2.4375,3.0,1.5,1015.0791666666668,292.9166666666667,3.7125,27.479166666666668,1.4285714285714286,-4.170833333333333,0.0,,1008.1833333333334,175.83333333333334,2.3833333333333333,7.4375,,2.4375,3.0,1.5,1015.0791666666668,292.9166666666667,3.7125,11.766666666666666,0.0,4.454166666666667,,0.0,1028.4624999999999,242.08333333333334,2.8666666666666667,11.766666666666666,0.0,4.454166666666667,,0.0,1028.4624999999999,242.08333333333334,2.8666666666666667
2017-04-23,24.704166666666666,4.25,18.65,0.0,,1010.4583333333334,110.41666666666667,2.954166666666667,11.404166666666667,0.0,4.104166666666667,,0.0,1025.8708333333334,202.08333333333334,3.4749999999999996,8.917391304347825,,1.2130434782608694,,0.0,1016.8391304347825,267.39130434782606,4.243478260869565,28.995833333333334,2.625,-2.716666666666667,0.0,,1005.3249999999999,171.8181818181818,4.2250000000000005,8.917391304347825,,1.2130434782608694,,0.0,1016.8391304347825,267.39130434782606,4.243478260869565,11.404166666666667,0.0,4.104166666666667,,0.0,1025.8708333333334,202.08333333333334,3.4749999999999996,11.404166666666667,0.0,4.104166666666667,,0.0,1025.8708333333334,202.08333333333334,3.4749999999999996
2017-04-24,22.891666666666666,3.7333333333333334,16.6375,-0.08333333333333333,0.0,1006.9166666666666,235.83333333333334,4.904166666666667,9.633333333333333,0.0,4.4875,,1.0,1016.1374999999999,275.8333333333333,3.75,5.283333333333333,,-5.075,,0.0,1024.1458333333333,122.08333333333333,3.6875,27.7,3.4285714285714284,-4.5125,0.0,,1003.2666666666668,206.36363636363637,4.6875,5.283333333333333,,-5.075,,0.0,1024.1458333333333,122.08333333333333,3.6875,9.633333333333333,0.0,4.4875,,1.0,1016.1374999999999,275.8333333333333,3.75,9.633333333333333,0.0,4.4875,,1.0,1016.1374999999999,275.8333333333333,3.75
2017-04-25,21.391666666666666,2.1538461538461537,11.591666666666667,0.0,,1009.3958333333334,266.25,3.9375,5.779166666666666,0.0,-2.75,,-0.5,1014.2083333333334,308.3333333333333,3.7708333333333335,8.479166666666666,,0.4083333333333334,4.75,5.0,1019.9958333333334,82.5,5.154166666666667,25.650000000000002,3.5555555555555554,1.1291666666666667,0.0,,1002.5208333333334,262.5,6.8374999999999995,8.479166666666666,,0.4083333333333334,4.75,5.0,1019.9958333333334,82.5,5.154166666666667,5.779166666666666,0.0,-2.75,,-0.5,1014.2083333333334,308.3333333333333,3.7708333333333335,5.779166666666666,0.0,-2.75,,-0.5,1014.2083333333334,308.3333333333333,3.7708333333333335
2017-04-26,22.054166666666664,1.9047619047619047,12.966666666666667,0.0,,1011.6666666666666,165.0,3.1333333333333333,5.866666666666667,0.0,0.9625,,2.0,1018.2583333333333,237.5,3.6333333333333333,12.7125,,10.329166666666667,5.0,1.75,1010.625,65.41666666666667,3.9749999999999996,25.208333333333332,2.0,-3.8874999999999997,0.0,,1006.2833333333333,248.2608695652174,3.5208333333333335,12.7125,,10.329166666666667,5.0,1.75,1010.625,65.41666666666667,3.9749999999999996,5.866666666666667,0.0,0.9625,,2.0,1018.2583333333333,237.5,3.6333333333333333,5.866666666666667,0.0,0.9625,,2.0,1018.2583333333333,237.5,3.6333333333333333
2017-04-27,25.90416666666667,1.565217391304348,18.616666666666667,0.0,0.0,1013.1791666666667,122.08333333333333,3.3166666666666664,6.925,0.0,2.004166666666667,,0.0,1019.0875,287.0833333333333,3.1875,17.9375,,13.166666666666666,,0.0,1006.0958333333333,89.58333333333333,4.295833333333333,26.808333333333334,3.272727272727273,2.0708333333333333,0.0,,1001.5083333333333,193.91304347826087,3.7652173913043474,17.9375,,13.166666666666666,,0.0,1006.0958333333333,89.58333333333333,4.295833333333333,6.925,0.0,2.004166666666667,,0.0,1019.0875,287.0833333333333,3.1875,6.925,0.0,2.004166666666667,,0.0,1019.0875,287.0833333333333,3.1875
2017-04-28,26.7625,2.588235294117647,20.645833333333332,0.0,,1017.3958333333334,133.91304347826087,4.220833333333333,10.433333333333334,,4.8500000000000005,,-1.0,1016.8625000000001,284.5833333333333,2.004166666666667,15.343478260869563,,7.695652173913044,22.5,13.25,1011.5869565217391,220.8695652173913,5.430434782608696,24.97083333333333,2.769230769230769,-0.6499999999999998,0.0,,1001.2791666666667,280.0,8.270833333333334,15.343478260869563,,7.695652173913044,22.5,13.25,1011.5869565217391,220.8695652173913,5.430434782608696,10.433333333333334,,4.8500000000000005,,-1.0,1016.8625000000001,284.5833333333333,2.004166666666667,10.433333333333334,,4.8500000000000005,,-1.0,1016.8625000000001,284.5833333333333,2.004166666666667
2017-04-29,26.208333333333332,3.8666666666666667,20.675,0.0,,1020.1541666666667,112.08333333333333,5.345833333333334,11.025,,3.6208333333333336,,0.0,1014.4583333333334,187.91666666666666,3.6,11.758333333333333,,2.0375,,0.0,1016.35,282.9166666666667,5.566666666666666,21.224999999999998,1.4166666666666667,-7.595833333333334,0.0,,1010.3625000000001,294.09090909090907,4.4875,11.758333333333333,,2.0375,,0.0,1016.35,282.9166666666667,5.566666666666666,11.025,,3.6208333333333336,,0.0,1014.4583333333334,187.91666666666666,3.6,11.025,,3.6208333333333336,,0.0,1014.4583333333334,187.91666666666666,3.6
2017-04-30,25.2625,5.25,21.058333333333334,0.0,,1019.2772727272727,122.91666666666667,5.358333333333333,13.308333333333332,,4.0125,,0.0,1002.0041666666666,116.25,6.7625,3.5749999999999997,,-1.1208333333333333,12.333333333333334,9.0,1024.7250000000001,112.08333333333333,4.4125000000000005,23.5125,0.6666666666666666,-6.866666666666667,0.0,,1013.5791666666668,135.9090909090909,2.6,3.5749999999999997,,-1.1208333333333333,12.333333333333334,9.0,1024.7250000000001,112.08333333333333,4.4125000000000005,13.308333333333332,,4.0125,,0.0,1002.0041666666666,116.25,6.7625,13.308333333333332,,4.0125,,0.0,1002.0041666666666,116.25,6.7625
2017-05-01,24.90416666666667,3.272727272727273,20.658333333333335,0.16666666666666666,5.0,1016.8958333333334,171.25,4.804166666666666,10.541666666666666,0.0,7.3500000000000005,,7.0,1004.7875,106.25,4.179166666666666,6.816666666666666,,6.145833333333333,30.57894736842105,145.0,1007.4625,70.83333333333333,4.3374999999999995,26.208333333333332,0.0,-6.2124999999999995,0.0,,1009.9,143.1818181818182,2.5478260869565217,6.816666666666666,,6.145833333333333,30.57894736842105,145.0,1007.4625,70.83333333333333,4.3374999999999995,10.541666666666666,0.0,7.3500000000000005,,7.0,1004.7875,106.25,4.179166666666666,10.541666666666666,0.0,7.3500000000000005,,7.0,1004.7875,106.25,4.179166666666666
2017-05-02,23.545833333333334,3.0,20.658333333333335,0.375,10.0,1016.2130434782609,150.0,3.8541666666666665,11.754166666666668,0.0,6.420833333333333,,-0.5,1019.1125000000001,58.75,3.0124999999999997,11.070833333333333,,7.508333333333333,3.6,13.5,998.0833333333334,207.5,5.320833333333334,28.40416666666667,1.391304347826087,-3.35,0.0,,1007.6041666666666,191.36363636363637,2.8041666666666667,11.070833333333333,,7.508333333333333,3.6,13.5,998.0833333333334,207.5,5.320833333333334,11.754166666666668,0.0,6.420833333333333,,-0.5,1019.1125000000001,58.75,3.0124999999999997,11.754166666666668,0.0,6.420833333333333,,-0.5,1019.1125000000001,58.75,3.0124999999999997
2017-05-03,23.75,2.857142857142857,16.6875,0.0,,1016.3217391304348,63.75,3.6958333333333333,9.633333333333333,,6.441666666666666,,-0.5,1022.2916666666666,39.583333333333336,3.7874999999999996,8.4625,,0.5083333333333333,,0.5,1012.1750000000001,289.1666666666667,5.341666666666666,30.46666666666667,2.090909090909091,-0.7291666666666666,0.0,,1008.7791666666667,151.8181818181818,2.4208333333333334,8.4625,,0.5083333333333333,,0.5,1012.1750000000001,289.1666666666667,5.341666666666666,9.633333333333333,,6.441666666666666,,-0.5,1022.2916666666666,39.583333333333336,3.7874999999999996,9.633333333333333,,6.441666666666666,,-0.5,1022.2916666666666,39.583333333333336,3.7874999999999996
2017-05-04,25.133333333333336,3.2,18.175,-0.08333333333333333,-1.0,1011.4291666666667,157.5,4.508333333333334,11.237499999999999,,6.8875,,1.0,1022.4666666666667,37.916666666666664,4.370833333333333,8.945833333333333,,0.9666666666666667,5.333333333333333,0.0,1021.2166666666667,186.25,1.9916666666666665,31.670833333333334,1.9130434782608696,0.3541666666666667,0.0,,1008.8000000000001,136.1904761904762,2.4625,8.945833333333333,,0.9666666666666667,5.333333333333333,0.0,1021.2166666666667,186.25,1.9916666666666665,11.237499999999999,,6.8875,,1.0,1022.4666666666667,37.916666666666664,4.370833333333333,11.237499999999999,,6.8875,,1.0,1022.4666666666667,37.916666666666664,4.370833333333333
2017-05-05,21.962500000000002,3.6666666666666665,15.016666666666666,0.5416666666666666,20.0,1007.8454545454545,240.41666666666666,5.9750000000000005,11.858333333333334,0.0,4.516666666666667,,0.0,1020.7125,59.583333333333336,5.458333333333333,7.9125000000000005,,7.156521739130435,17.208333333333332,92.5,1008.1,71.66666666666667,4.741666666666666,33.541666666666664,1.3333333333333333,-0.34166666666666673,0.0,,1004.2391304347826,141.25,4.0125,7.9125000000000005,,7.156521739130435,17.208333333333332,92.5,1008.1,71.66666666666667,4.741666666666666,11.858333333333334,0.0,4.516666666666667,,0.0,1020.7125,59.583333333333336,5.458333333333333,11.858333333333334,0.0,4.516666666666667,,0.0,1020.7125,59.583333333333336,5.458333333333333
2017-05-06,19.4375,0.782608695652174,7.245833333333334,-0.041666666666666664,0.0,1011.7458333333334,273.9130434782609,6.3500000000000005,12.091666666666667,,7.0125,,0.0,1013.5708333333333,68.33333333333333,4.316666666666666,9.2125,,8.365217391304348,9.941176470588236,55.0,993.5208333333334,158.75,4.3999999999999995,30.508333333333336,1.9090909090909092,0.375,0.0,,1002.2333333333332,176.08695652173913,6.829166666666667,9.2125,,8.365217391304348,9.941176470588236,55.0,993.5208333333334,158.75,4.3999999999999995,12.091666666666667,,7.0125,,0.0,1013.5708333333333,68.33333333333333,4.316666666666666,12.091666666666667,,7.0125,,0.0,1013.5708333333333,68.33333333333333,4.316666666666666
2017-05-07,20.670833333333334,0.8333333333333334,10.225,0.0,,1015.1291666666666,235.71428571428572,2.8625000000000003,12.362499999999999,0.0,5.920833333333333,,0.0,1020.8833333333333,211.66666666666666,2.8666666666666667,4.408333333333333,,1.925,3.3,8.75,1001.1708333333332,282.5,5.116666666666666,20.029166666666665,3.4285714285714284,3.2458333333333336,0.0,,1007.5041666666666,232.85714285714286,3.8791666666666664,4.408333333333333,,1.925,3.3,8.75,1001.1708333333332,282.5,5.116666666666666,12.362499999999999,0.0,5.920833333333333,,0.0,1020.8833333333333,211.66666666666666,2.8666666666666667,12.362499999999999,0.0,5.920833333333333,,0.0,1020.8833333333333,211.66666666666666,2.8666666666666667
2017-05-08,22.995833333333334,2.1666666666666665,13.191666666666668,0.0,,1016.3916666666668,223.8095238095238,2.5,9.679166666666667,0.0,4.154166666666667,,0.0,1026.7916666666667,117.5,3.658333333333333,2.117391304347826,,-1.9043478260869564,3.0,1.5,1010.8652173913044,308.69565217391306,4.434782608695652,20.879166666666666,4.222222222222222,1.1541666666666666,-0.08333333333333333,0.0,1007.1333333333333,243.5,3.7125,2.117391304347826,,-1.9043478260869564,3.0,1.5,1010.8652173913044,308.69565217391306,4.434782608695652,9.679166666666667,0.0,4.154166666666667,,0.0,1026.7916666666667,117.5,3.658333333333333,9.679166666666667,0.0,4.154166666666667,,0.0,1026.7916666666667,117.5,3.658333333333333
2017-05-09,24.05,0.5333333333333333,12.8375,0.0,,1017.3166666666666,73.0,2.404166666666667,10.174999999999999,0.0,2.8874999999999997,,0.0,1022.2624999999999,35.416666666666664,2.7125,3.4916666666666667,,-1.9333333333333333,,0.0,1016.4583333333334,286.6666666666667,1.679166666666667,18.845833333333335,6.0,6.645833333333333,-0.041666666666666664,3.0,1010.9208333333332,174.76190476190476,3.779166666666667,3.4916666666666667,,-1.9333333333333333,,0.0,1016.4583333333334,286.6666666666667,1.679166666666667,10.174999999999999,0.0,2.8874999999999997,,0.0,1022.2624999999999,35.416666666666664,2.7125,10.174999999999999,0.0,2.8874999999999997,,0.0,1022.2624999999999,35.416666666666664,2.7125
2017-05-10,25.045833333333334,1.75,14.770833333333334,0.0,,1017.725,85.71428571428571,1.5916666666666668,11.608333333333334,0.0,4.220833333333333,,0.0,1008.2125,124.58333333333333,2.966666666666667,9.1875,,0.4583333333333333,,0.0,1018.525,235.41666666666666,1.9708333333333334,21.020833333333332,3.0,6.133333333333333,0.0,,1014.2791666666667,177.61904761904762,2.8791666666666664,9.1875,,0.4583333333333333,,0.0,1018.525,235.41666666666666,1.9708333333333334,11.608333333333334,0.0,4.220833333333333,,0.0,1008.2125,124.58333333333333,2.966666666666667,11.608333333333334,0.0,4.220833333333333,,0.0,1008.2125,124.58333333333333,2.966666666666667
2017-05-11,26.78333333333333,4.4,13.612499999999999,0.0,,1015.8458333333333,256.1904761904762,3.029166666666667,14.299999999999999,0.0,8.045833333333333,,-0.5,996.4875000000001,85.83333333333333,3.3041666666666667,9.891666666666667,,4.2749999999999995,,0.0,1018.1833333333334,74.58333333333333,3.1791666666666667,25.537499999999998,1.0833333333333333,6.925,0.0,,1014.25,152.17391304347825,2.345833333333333,9.891666666666667,,4.2749999999999995,,0.0,1018.1833333333334,74.58333333333333,3.1791666666666667,14.299999999999999,0.0,8.045833333333333,,-0.5,996.4875000000001,85.83333333333333,3.3041666666666667,14.299999999999999,0.0,8.045833333333333,,-0.5,996.4875000000001,85.83333333333333,3.3041666666666667
2017-05-12,25.829166666666666,4.857142857142857,16.291666666666668,0.0,,1012.7041666666668,233.75,3.5875,14.841666666666667,0.0,11.104166666666666,,6.0,997.1208333333334,175.0,4.679166666666666,13.608333333333334,,6.804166666666667,,0.0,1015.5,80.0,3.3208333333333333,29.541666666666668,3.111111111111111,6.504166666666666,0.0,,1008.1374999999999,163.1818181818182,2.620833333333333,13.608333333333334,,6.804166666666667,,0.0,1015.5,80.0,3.3208333333333333,14.841666666666667,0.0,11.104166666666666,,6.0,997.1208333333334,175.0,4.679166666666666,14.841666666666667,0.0,11.104166666666666,,6.0,997.1208333333334,175.0,4.679166666666666
2017-05-13,21.787499999999998,4.0,19.8125,1.5,40.0,1010.3041666666667,220.0,3.7125,14.370833333333332,,7.9624999999999995,,1.0,1007.7958333333332,203.75,5.104166666666667,12.279166666666667,,8.245833333333334,2.0,0.5,1011.125,132.91666666666666,2.7291666666666665,29.879166666666666,1.5,1.4124999999999999,0.0,,1003.9875000000001,186.95652173913044,4.441666666666666,12.279166666666667,,8.245833333333334,2.0,0.5,1011.125,132.91666666666666,2.7291666666666665,14.370833333333332,,7.9624999999999995,,1.0,1007.7958333333332,203.75,5.104166666666667,14.370833333333332,,7.9624999999999995,,1.0,1007.7958333333332,203.75,5.104166666666667
2017-05-14,23.808333333333334,2.1,18.241666666666667,-0.08333333333333333,-1.0,1011.0200000000001,178.33333333333334,3.5500000000000003,14.816666666666668,0.0,8.225,,-0.5,1018.375,227.5,4.570833333333334,10.958333333333334,,8.450000000000001,12.0,5.0,1005.6750000000001,200.0,2.1083333333333334,27.53333333333333,2.888888888888889,1.1541666666666666,0.0,,1005.6458333333334,185.0,5.670833333333333,10.958333333333334,,8.450000000000001,12.0,5.0,1005.6750000000001,200.0,2.1083333333333334,14.816666666666668,0.0,8.225,,-0.5,1018.375,227.5,4.570833333333334,14.816666666666668,0.0,8.225,,-0.5,1018.375,227.5,4.570833333333334
2017-05-15,24.604166666666668,2.5454545454545454,19.333333333333332,0.0,,1014.1260869565218,89.1304347826087,3.266666666666667,14.391666666666666,,11.241666666666667,,4.0,1024.3791666666666,179.16666666666666,4.9125000000000005,13.195833333333333,,6.5375000000000005,,0.0,1010.1125000000001,322.0833333333333,6.454166666666667,25.183333333333334,2.0869565217391304,0.7333333333333334,0.0,,1005.6291666666666,194.58333333333334,5.4375,13.195833333333333,,6.5375000000000005,,0.0,1010.1125000000001,322.0833333333333,6.454166666666667,14.391666666666666,,11.241666666666667,,4.0,1024.3791666666666,179.16666666666666,4.9125000000000005,14.391666666666666,,11.241666666666667,,4.0,1024.3791666666666,179.16666666666666,4.9125000000000005
2017-05-16,25.34166666666667,2.3333333333333335,20.029166666666665,0.0,,1016.7416666666667,78.33333333333333,3.970833333333333,18.620833333333334,,13.85,,-0.5,1023.5041666666666,209.58333333333334,5.4875,15.220833333333333,,7.454166666666667,,0.0,1013.9416666666666,254.58333333333334,3.15,21.133333333333333,3.0588235294117645,-1.4875,0.0,,1009.1791666666667,238.0,3.8791666666666664,15.220833333333333,,7.454166666666667,,0.0,1013.9416666666666,254.58333333333334,3.15,18.620833333333334,,13.85,,-0.5,1023.5041666666666,209.58333333333334,5.4875,18.620833333333334,,13.85,,-0.5,1023.5041666666666,209.58333333333334,5.4875
2017-05-17,25.45,2.3333333333333335,20.96666666666667,-0.041666666666666664,0.0,1017.9583333333334,96.25,5.241666666666666,15.204166666666666,,14.420833333333334,,30.0,1016.6833333333334,209.58333333333334,2.4,21.90833333333333,,11.983333333333334,,0.0,1007.2666666666668,184.16666666666666,4.754166666666666,23.358333333333334,2.260869565217391,1.5416666666666667,0.0,,1006.75,180.5,3.960869565217391,21.90833333333333,,11.983333333333334,,0.0,1007.2666666666668,184.16666666666666,4.754166666666666,15.204166666666666,,14.420833333333334,,30.0,1016.6833333333334,209.58333333333334,2.4,15.204166666666666,,14.420833333333334,,30.0,1016.6833333333334,209.58333333333334,2.4
2017-05-18,25.608333333333334,2.1052631578947367,20.229166666666668,0.0,,1018.0333333333333,95.83333333333333,5.3999999999999995,12.245833333333332,,8.533333333333333,,9.5,1012.6125000000001,292.0833333333333,2.3541666666666665,24.26086956521739,,14.747826086956522,10.0,0.0,1003.9043478260869,219.56521739130434,6.395652173913043,24.958333333333332,2.0,-2.466666666666667,0.0,,1006.2958333333332,258.75,4.658333333333333,24.26086956521739,,14.747826086956522,10.0,0.0,1003.9043478260869,219.56521739130434,6.395652173913043,12.245833333333332,,8.533333333333333,,9.5,1012.6125000000001,292.0833333333333,2.3541666666666665,12.245833333333332,,8.533333333333333,,9.5,1012.6125000000001,292.0833333333333,2.3541666666666665
2017-05-19,25.808333333333334,4.0,22.425,0.041666666666666664,1.5,1016.9958333333334,99.16666666666667,5.258333333333334,11.5875,,8.070833333333333,,34.5,1012.0958333333333,271.25,3.1291666666666664,12.704166666666666,,2.9499999999999997,,2.5,1015.9125,307.9166666666667,5.316666666666666,23.59166666666667,0.6086956521739131,-2.5208333333333335,0.0,,1009.4,186.5,3.0043478260869563,12.704166666666666,,2.9499999999999997,,2.5,1015.9125,307.9166666666667,5.316666666666666,11.5875,,8.070833333333333,,34.5,1012.0958333333333,271.25,3.1291666666666664,11.5875,,8.070833333333333,,34.5,1012.0958333333333,271.25,3.1291666666666664
2017-05-20,26.708333333333332,3.764705882352941,21.416666666666668,0.0,,1018.0166666666668,115.0,4.220833333333333,11.9125,0.0,7.4750000000000005,,2.0,1017.9583333333334,210.83333333333334,4.8125,11.358333333333334,,-1.5708333333333335,,0.0,1028.2208333333333,70.0,3.025,27.870833333333334,0.6666666666666666,-3.1291666666666664,0.0,,1008.4833333333332,142.72727272727272,2.6750000000000003,11.358333333333334,,-1.5708333333333335,,0.0,1028.2208333333333,70.0,3.025,11.9125,0.0,7.4750000000000005,,2.0,1017.9583333333334,210.83333333333334,4.8125,11.9125,0.0,7.4750000000000005,,2.0,1017.9583333333334,210.83333333333334,4.8125
2017-05-21,25.724999999999998,4.25,20.891666666666666,0.0,,1019.0500000000001,105.0,3.0666666666666664,14.75,0.0,8.058333333333334,,0.0,1023.2391304347826,172.91666666666666,3.9458333333333333,13.170833333333334,,2.8249999999999997,5.5,0.0,1023.8416666666667,79.16666666666667,4.3,30.712500000000002,1.5833333333333333,-2.45,0.0,,1007.9583333333334,147.14285714285714,2.2041666666666666,13.170833333333334,,2.8249999999999997,5.5,0.0,1023.8416666666667,79.16666666666667,4.3,14.75,0.0,8.058333333333334,,0.0,1023.2391304347826,172.91666666666666,3.9458333333333333,14.75,0.0,8.058333333333334,,0.0,1023.2391304347826,172.91666666666666,3.9458333333333333
2017-05-22,25.783333333333335,5.111111111111111,20.066666666666666,13.333333333333334,-1.0,1016.8874999999999,165.41666666666666,2.9,18.070833333333333,0.0,9.291666666666666,,0.0,1016.3708333333334,150.0,4.116666666666666,13.066666666666668,,10.566666666666666,16.0,35.0,1012.6416666666668,166.66666666666666,3.233333333333334,32.19583333333333,1.368421052631579,-1.6166666666666665,0.0,,1007.8291666666668,183.33333333333334,2.875,13.066666666666668,,10.566666666666666,16.0,35.0,1012.6416666666668,166.66666666666666,3.233333333333334,18.070833333333333,0.0,9.291666666666666,,0.0,1016.3708333333334,150.0,4.116666666666666,18.070833333333333,0.0,9.291666666666666,,0.0,1016.3708333333334,150.0,4.116666666666666
2017-05-23,25.516666666666666,7.0,21.520833333333332,0.08333333333333333,161.5,1012.3833333333333,200.41666666666666,4.7,16.599999999999998,0.0,12.1,,0.0,1021.0708333333333,267.5,3.345833333333333,15.079166666666666,,8.670833333333333,,0.0,1009.9166666666666,222.91666666666666,3.8041666666666667,33.4375,1.8095238095238095,-2.5541666666666667,0.0,,1007.15,157.3913043478261,2.379166666666667,15.079166666666666,,8.670833333333333,,0.0,1009.9166666666666,222.91666666666666,3.8041666666666667,16.599999999999998,0.0,12.1,,0.0,1021.0708333333333,267.5,3.345833333333333,16.599999999999998,0.0,12.1,,0.0,1021.0708333333333,267.5,3.345833333333333
2017-05-24,24.004166666666666,7.0,22.05416666666667,3.625,43.0,1007.5,201.25,6.458333333333333,19.758333333333333,0.0,12.7125,,0.0,1025.3374999999999,204.16666666666666,2.2375000000000003,17.845833333333335,,10.924999999999999,,0.0,1007.0916666666667,85.41666666666667,2.5333333333333337,33.44583333333333,2.3157894736842106,-1.1,0.0,,1002.9652173913043,165.9090909090909,4.216666666666667,17.845833333333335,,10.924999999999999,,0.0,1007.0916666666667,85.41666666666667,2.5333333333333337,19.758333333333333,0.0,12.7125,,0.0,1025.3374999999999,204.16666666666666,2.2375000000000003,19.758333333333333,0.0,12.7125,,0.0,1025.3374999999999,204.16666666666666,2.2375000000000003
2017-05-25,23.933333333333334,2.875,16.370833333333334,-0.125,-1.0,1010.3375,257.0833333333333,5.066666666666666,20.341666666666665,0.0,12.545833333333334,,0.0,1023.5333333333333,126.66666666666667,3.204166666666667,15.508333333333333,,10.9625,17.333333333333332,25.0,1005.7791666666667,73.33333333333333,5.491666666666667,32.40833333333333,3.7777777777777777,-5.4875,0.0,,1001.4,202.08333333333334,4.541666666666667,15.508333333333333,,10.9625,17.333333333333332,25.0,1005.7791666666667,73.33333333333333,5.491666666666667,20.341666666666665,0.0,12.545833333333334,,0.0,1023.5333333333333,126.66666666666667,3.204166666666667,20.341666666666665,0.0,12.545833333333334,,0.0,1023.5333333333333,126.66666666666667,3.204166666666667
2017-05-26,22.9875,0.9166666666666666,14.383333333333333,0.0,,1016.7958333333332,225.0,2.4250000000000003,21.0625,0.0,11.766666666666666,,0.0,1017.625,91.66666666666667,4.8,13.126315789473685,,11.194736842105263,2.5714285714285716,6.5,1004.4736842105264,68.89473684210526,3.4368421052631577,29.337500000000002,0.4166666666666667,-2.5708333333333333,0.0,,1006.7541666666666,203.04347826086956,4.620833333333334,13.126315789473685,,11.194736842105263,2.5714285714285716,6.5,1004.4736842105264,68.89473684210526,3.4368421052631577,21.0625,0.0,11.766666666666666,,0.0,1017.625,91.66666666666667,4.8,21.0625,0.0,11.766666666666666,,0.0,1017.625,91.66666666666667,4.8
2017-05-27,24.608333333333334,0.5,12.733333333333334,0.0,,1017.35,166.8421052631579,2.1374999999999997,18.974999999999998,0.0,13.254166666666668,,-0.5,1014.0333333333333,166.25,4.908333333333333,17.12608695652174,,9.630434782608695,,0.0,1011.2173913043479,272.60869565217394,2.221739130434783,28.929166666666664,0.9166666666666666,-2.504166666666667,0.0,,1010.0500000000001,153.1818181818182,2.5375,17.12608695652174,,9.630434782608695,,0.0,1011.2173913043479,272.60869565217394,2.221739130434783,18.974999999999998,0.0,13.254166666666668,,-0.5,1014.0333333333333,166.25,4.908333333333333,18.974999999999998,0.0,13.254166666666668,,-0.5,1014.0333333333333,166.25,4.908333333333333
2017-05-28,25.929166666666664,1.75,19.025000000000002,0.0,,1015.975,252.08333333333334,3.358333333333333,17.291666666666668,0.0,12.733333333333334,,0.0,1017.5625,194.16666666666666,2.1791666666666667,19.337500000000002,,11.208333333333334,,0.0,1009.9333333333334,176.25,2.920833333333333,31.016666666666666,1.5833333333333333,-2.5,0.0,,1008.5708333333333,175.45454545454547,2.529166666666667,19.337500000000002,,11.208333333333334,,0.0,1009.9333333333334,176.25,2.920833333333333,17.291666666666668,0.0,12.733333333333334,,0.0,1017.5625,194.16666666666666,2.1791666666666667,17.291666666666668,0.0,12.733333333333334,,0.0,1017.5625,194.16666666666666,2.1791666666666667
2017-05-29,27.77916666666667,2.9523809523809526,21.395833333333332,0.0,,1017.1565217391304,240.45454545454547,3.095833333333333,17.375,,15.079166666666666,,1.5,1012.4333333333334,171.25,2.9625,15.958333333333334,,13.404166666666667,33.75,67.25,1008.6166666666667,126.25,3.7125,32.19583333333333,2.2666666666666666,-3.75,0.0,,1005.8416666666667,184.0909090909091,2.9,15.958333333333334,,13.404166666666667,33.75,67.25,1008.6166666666667,126.25,3.7125,17.375,,15.079166666666666,,1.5,1012.4333333333334,171.25,2.9625,17.375,,15.079166666666666,,1.5,1012.4333333333334,171.25,2.9625
2017-05-30,27.224999999999998,3.111111111111111,21.4375,0.8333333333333334,,1018.7208333333333,226.1904761904762,3.5,17.400000000000002,0.0,12.487499999999999,,0.0,1015.6,256.25,5.070833333333334,16.2,,13.058333333333332,20.5,10.0,1011.7791666666667,174.58333333333334,4.208333333333333,32.475,4.666666666666667,-0.09583333333333333,0.0,,1006.5166666666668,155.83333333333334,3.3666666666666667,16.2,,13.058333333333332,20.5,10.0,1011.7791666666667,174.58333333333334,4.208333333333333,17.400000000000002,0.0,12.487499999999999,,0.0,1015.6,256.25,5.070833333333334,17.400000000000002,0.0,12.487499999999999,,0.0,1015.6,256.25,5.070833333333334
2017-05-31,25.620833333333334,5.6,22.179166666666664,12.583333333333334,160.0,1018.6625,125.45454545454545,2.9,17.566666666666666,0.0,12.3125,,0.0,1022.1708333333332,228.75,2.2958333333333334,16.150000000000002,,10.570833333333333,6.0,2.25,1010.1333333333333,226.25,4.541666666666667,31.94583333333333,3.2,5.204166666666667,0.0,,1005.275,161.8181818181818,3.9250000000000003,16.150000000000002,,10.570833333333333,6.0,2.25,1010.1333333333333,226.25,4.541666666666667,17.566666666666666,0.0,12.3125,,0.0,1022.1708333333332,228.75,2.2958333333333334,17.566666666666666,0.0,12.3125,,0.0,1022.1708333333332,228.75,2.2958333333333334
2017-06-01,25.599999999999998,3.5555555555555554,22.425,2.4583333333333335,29.5,1018.0708333333333,120.45454545454545,2.470833333333333,19.041666666666668,0.0,11.862499999999999,,0.0,1020.6916666666666,206.66666666666666,3.0041666666666664,13.183333333333332,,6.4875,3.0,2.0,1010.3291666666668,254.16666666666666,4.95,31.229166666666668,2.3529411764705883,2.4458333333333333,0.0,,1005.2791666666667,202.27272727272728,3.5583333333333336,13.183333333333332,,6.4875,3.0,2.0,1010.3291666666668,254.16666666666666,4.95,19.041666666666668,0.0,11.862499999999999,,0.0,1020.6916666666666,206.66666666666666,3.0041666666666664,19.041666666666668,0.0,11.862499999999999,,0.0,1020.6916666666666,206.66666666666666,3.0041666666666664
2017-06-02,24.025000000000002,7.5,22.52916666666667,1.9166666666666667,11.75,1017.1869565217391,88.63636363636364,2.2708333333333335,19.4875,0.0,13.541666666666666,,0.0,1015.8874999999999,268.3333333333333,1.8333333333333333,11.783333333333333,,5.7749999999999995,,0.0,1012.8291666666668,285.8333333333333,4.6499999999999995,31.625,1.5833333333333333,4.520833333333333,0.0,,1006.1374999999999,222.38095238095238,2.9416666666666664,11.783333333333333,,5.7749999999999995,,0.0,1012.8291666666668,285.8333333333333,4.6499999999999995,19.4875,0.0,13.541666666666666,,0.0,1015.8874999999999,268.3333333333333,1.8333333333333333,19.4875,0.0,13.541666666666666,,0.0,1015.8874999999999,268.3333333333333,1.8333333333333333
2017-06-03,24.770833333333332,7.5,21.958333333333332,-0.08333333333333333,-1.0,1016.1782608695652,110.0,2.1041666666666665,17.316666666666666,0.0,9.566666666666666,,0.0,1014.5708333333333,275.4166666666667,4.641666666666667,13.775,,7.5874999999999995,,0.0,1014.2833333333333,292.5,3.0208333333333335,34.025,2.0,2.908333333333333,0.0,,1005.5916666666667,201.8181818181818,2.9583333333333335,13.775,,7.5874999999999995,,0.0,1014.2833333333333,292.5,3.0208333333333335,17.316666666666666,0.0,9.566666666666666,,0.0,1014.5708333333333,275.4166666666667,4.641666666666667,17.316666666666666,0.0,9.566666666666666,,0.0,1014.5708333333333,275.4166666666667,4.641666666666667
2017-06-04,24.070833333333336,8.0,22.629166666666666,0.3333333333333333,4.0,1014.8739130434782,115.21739130434783,2.025,14.870833333333332,0.0,8.475,,-0.5,1016.15,240.0,5.566666666666666,14.216666666666667,,10.637500000000001,4.0,1.0,1011.7791666666667,180.0,1.375,35.141666666666666,1.9166666666666667,2.7708333333333335,0.0,,1005.1208333333334,210.45454545454547,3.6124999999999994,14.216666666666667,,10.637500000000001,4.0,1.0,1011.7791666666667,180.0,1.375,14.870833333333332,0.0,8.475,,-0.5,1016.15,240.0,5.566666666666666,14.870833333333332,0.0,8.475,,-0.5,1016.15,240.0,5.566666666666666
2017-06-05,24.883333333333336,7.5,22.5,0.0,2.3333333333333335,1013.0791666666668,175.0,3.3541666666666665,14.516666666666666,0.0,10.383333333333333,,-0.5,1007.025,193.75,7.145833333333333,14.325000000000001,,11.395833333333334,8.75,0.5,1007.3583333333332,65.83333333333333,4.8875,35.670833333333334,1.8823529411764706,3.8125,0.0,,1004.8833333333333,216.8181818181818,3.404166666666667,14.325000000000001,,11.395833333333334,8.75,0.5,1007.3583333333332,65.83333333333333,4.8875,14.516666666666666,0.0,10.383333333333333,,-0.5,1007.025,193.75,7.145833333333333,14.516666666666666,0.0,10.383333333333333,,-0.5,1007.025,193.75,7.145833333333333
2017-06-06,24.116666666666664,6.666666666666667,23.15416666666667,9.125,55.5,1009.2869565217391,176.25,3.5625,12.979166666666666,0.0,9.141666666666667,,95.0,995.8333333333334,241.25,9.966666666666667,11.799999999999999,,9.9625,14.0625,67.5,1012.6208333333334,106.66666666666667,4.904166666666667,35.12083333333333,5.0,3.9875000000000003,0.0,,1006.6916666666666,207.3913043478261,3.6041666666666665,11.799999999999999,,9.9625,14.0625,67.5,1012.6208333333334,106.66666666666667,4.904166666666667,12.979166666666666,0.0,9.141666666666667,,95.0,995.8333333333334,241.25,9.966666666666667,12.979166666666666,0.0,9.141666666666667,,95.0,995.8333333333334,241.25,9.966666666666667
2017-06-07,22.895833333333332,8.0,22.40833333333333,5.791666666666667,46.333333333333336,1007.4363636363636,185.65217391304347,4.708333333333333,15.054166666666667,0.0,8.091666666666667,,1.0,1011.0916666666667,247.5,8.125,16.974999999999998,,8.65,,0.0,1015.8291666666668,258.75,2.5749999999999997,34.4125,4.0,2.283333333333333,0.0,,1007.7416666666667,236.08695652173913,3.2916666666666665,16.974999999999998,,8.65,,0.0,1015.8291666666668,258.75,2.5749999999999997,15.054166666666667,0.0,8.091666666666667,,1.0,1011.0916666666667,247.5,8.125,15.054166666666667,0.0,8.091666666666667,,1.0,1011.0916666666667,247.5,8.125
2017-06-08,23.7375,4.571428571428571,22.608333333333334,7.5,86.66666666666667,1008.0863636363637,148.33333333333334,3.829166666666666,15.612499999999999,,12.045833333333334,,3.5,1009.9958333333334,208.33333333333334,6.695833333333333,20.9375,,8.579166666666667,,0.0,1012.2708333333334,249.58333333333334,3.141666666666667,33.770833333333336,4.0,-0.5958333333333333,0.0,,1007.975,156.8181818181818,2.5333333333333337,20.9375,,8.579166666666667,,0.0,1012.2708333333334,249.58333333333334,3.141666666666667,15.612499999999999,,12.045833333333334,,3.5,1009.9958333333334,208.33333333333334,6.695833333333333,15.612499999999999,,12.045833333333334,,3.5,1009.9958333333334,208.33333333333334,6.695833333333333
2017-06-09,24.916666666666668,3.1,21.191666666666666,0.0,,1013.1,143.33333333333334,3.545833333333333,16.508333333333333,0.0,11.066666666666668,,3.5,1011.2833333333333,240.0,5.791666666666667,19.2,,9.095833333333333,,0.0,1005.5749999999999,268.75,3.85,34.37916666666667,2.25,2.783333333333333,0.0,,1005.1125000000001,165.45454545454547,3.141666666666667,19.2,,9.095833333333333,,0.0,1005.5749999999999,268.75,3.85,16.508333333333333,0.0,11.066666666666668,,3.5,1011.2833333333333,240.0,5.791666666666667,16.508333333333333,0.0,11.066666666666668,,3.5,1011.2833333333333,240.0,5.791666666666667
2017-06-10,24.795833333333334,4.0,22.983333333333334,1.1666666666666667,30.0,1017.05,106.81818181818181,2.6,18.466666666666665,0.0,12.358333333333334,,0.0,1016.35,201.25,5.9375,19.891666666666666,,10.3375,,0.0,1010.1083333333332,168.33333333333334,3.6791666666666667,32.6,2.8421052631578947,1.0791666666666668,0.0,,1003.9583333333334,198.63636363636363,2.9625,19.891666666666666,,10.3375,,0.0,1010.1083333333332,168.33333333333334,3.6791666666666667,18.466666666666665,0.0,12.358333333333334,,0.0,1016.35,201.25,5.9375,18.466666666666665,0.0,12.358333333333334,,0.0,1016.35,201.25,5.9375
2017-06-11,25.079166666666666,7.0,23.304166666666664,6.333333333333333,150.0,1020.1374999999999,128.69565217391303,2.3291666666666666,18.849999999999998,0.0,12.091666666666667,,0.0,1014.0541666666667,229.58333333333334,6.529166666666666,26.400000000000002,,15.145833333333334,,0.0,1008.2416666666667,231.25,6.079166666666667,31.25,0.9565217391304348,1.7625,0.0,,1004.625,179.16666666666666,4.870833333333334,26.400000000000002,,15.145833333333334,,0.0,1008.2416666666667,231.25,6.079166666666667,18.849999999999998,0.0,12.091666666666667,,0.0,1014.0541666666667,229.58333333333334,6.529166666666666,18.849999999999998,0.0,12.091666666666667,,0.0,1014.0541666666667,229.58333333333334,6.529166666666666
2017-06-12,24.754166666666666,8.0,23.579166666666666,0.08333333333333333,1.3333333333333333,1019.408695652174,81.66666666666667,2.6666666666666665,15.991666666666667,0.0,9.4375,,-0.5,1017.5500000000001,254.58333333333334,6.141666666666667,27.15833333333333,,17.508333333333333,,0.0,1009.4833333333332,228.75,4.283333333333333,28.97083333333333,0.25,0.5375,0.0,,1008.0083333333333,237.82608695652175,3.9875000000000003,27.15833333333333,,17.508333333333333,,0.0,1009.4833333333332,228.75,4.283333333333333,15.991666666666667,0.0,9.4375,,-0.5,1017.5500000000001,254.58333333333334,6.141666666666667,15.991666666666667,0.0,9.4375,,-0.5,1017.5500000000001,254.58333333333334,6.141666666666667
2017-06-13,23.97083333333333,5.333333333333333,23.34583333333333,1.9583333333333333,30.0,1017.9666666666667,122.91666666666667,1.9583333333333333,18.0125,0.0,10.654166666666667,,0.0,1019.5749999999999,250.0,2.1625,22.083333333333332,,10.65,,0.0,1013.0,302.9166666666667,4.108333333333333,28.633333333333336,0.08333333333333333,-9.237499999999999,0.0,,1007.9458333333333,193.0,2.341666666666667,22.083333333333332,,10.65,,0.0,1013.0,302.9166666666667,4.108333333333333,18.0125,0.0,10.654166666666667,,0.0,1019.5749999999999,250.0,2.1625,18.0125,0.0,10.654166666666667,,0.0,1019.5749999999999,250.0,2.1625
2017-06-14,23.208333333333332,5.0,22.770833333333332,1.7083333333333333,16.0,1017.9260869565217,84.28571428571429,1.4333333333333333,20.791666666666668,0.0,11.733333333333334,,0.0,1016.7291666666666,133.75,3.158333333333333,17.16521739130435,,3.691304347826087,,0.0,1018.5782608695652,246.08695652173913,3.039130434782609,30.920833333333334,0.2727272727272727,-8.200000000000001,0.0,,1007.025,169.52380952380952,2.4208333333333334,17.16521739130435,,3.691304347826087,,0.0,1018.5782608695652,246.08695652173913,3.039130434782609,20.791666666666668,0.0,11.733333333333334,,0.0,1016.7291666666666,133.75,3.158333333333333,20.791666666666668,0.0,11.733333333333334,,0.0,1016.7291666666666,133.75,3.158333333333333
2017-06-15,23.058333333333334,6.0,22.133333333333336,0.9583333333333334,30.0,1016.7333333333332,112.27272727272727,2.033333333333333,19.166666666666668,0.0,10.65,,0.0,1014.8874999999999,257.0833333333333,5.825,17.534782608695654,,6.534782608695653,23.0,0.0,1014.3913043478261,75.65217391304348,4.586956521739131,33.016666666666666,1.4166666666666667,-8.129166666666666,0.0,,1007.3291666666668,152.38095238095238,2.6,17.534782608695654,,6.534782608695653,23.0,0.0,1014.3913043478261,75.65217391304348,4.586956521739131,19.166666666666668,0.0,10.65,,0.0,1014.8874999999999,257.0833333333333,5.825,19.166666666666668,0.0,10.65,,0.0,1014.8874999999999,257.0833333333333,5.825
2017-06-16,22.995833333333334,4.166666666666667,21.933333333333334,4.208333333333333,49.5,1014.0749999999999,166.52173913043478,2.2624999999999997,18.195833333333333,0.0,11.4375,,0.0,1023.8666666666667,271.25,4.766666666666667,17.495833333333334,,15.362499999999999,20.0,40.0,1009.0208333333334,185.83333333333334,2.4166666666666665,34.020833333333336,1.1666666666666667,-6.766666666666667,0.0,,1006.7666666666668,179.54545454545453,3.1,17.495833333333334,,15.362499999999999,20.0,40.0,1009.0208333333334,185.83333333333334,2.4166666666666665,18.195833333333333,0.0,11.4375,,0.0,1023.8666666666667,271.25,4.766666666666667,18.195833333333333,0.0,11.4375,,0.0,1023.8666666666667,271.25,4.766666666666667
2017-06-17,25.070833333333336,3.4444444444444446,22.079166666666666,0.125,0.0,1013.5958333333333,118.75,2.0125,22.78333333333333,0.0,15.174999999999999,,0.0,1026.4291666666666,257.9166666666667,2.8166666666666664,20.73333333333333,,17.9375,,0.0,1008.2666666666668,135.0,2.216666666666667,35.1625,0.8333333333333334,-3.275,0.0,,1005.3249999999999,189.16666666666666,3.0208333333333335,20.73333333333333,,17.9375,,0.0,1008.2666666666668,135.0,2.216666666666667,22.78333333333333,0.0,15.174999999999999,,0.0,1026.4291666666666,257.9166666666667,2.8166666666666664,22.78333333333333,0.0,15.174999999999999,,0.0,1026.4291666666666,257.9166666666667,2.8166666666666664
2017-06-18,25.441666666666666,2.7142857142857144,23.083333333333332,0.08333333333333333,6.5,1014.6958333333333,117.27272727272727,2.779166666666667,24.7625,0.0,15.637500000000001,,0.0,1023.2666666666668,252.08333333333334,2.1666666666666665,24.954166666666666,,19.504166666666666,,0.0,1001.6041666666666,192.5,5.429166666666667,36.55,1.5454545454545454,-0.8416666666666667,0.0,,1003.2333333333332,213.8095238095238,2.983333333333333,24.954166666666666,,19.504166666666666,,0.0,1001.6041666666666,192.5,5.429166666666667,24.7625,0.0,15.637500000000001,,0.0,1023.2666666666668,252.08333333333334,2.1666666666666665,24.7625,0.0,15.637500000000001,,0.0,1023.2666666666668,252.08333333333334,2.1666666666666665
2017-06-19,24.474999999999998,6.8,23.195833333333336,0.8333333333333334,8.0,1016.2041666666668,101.66666666666667,2.966666666666667,26.02916666666667,0.0,15.745833333333332,,0.0,1018.9458333333333,100.0,2.2916666666666665,22.90833333333333,,15.304166666666667,,0.0,1003.7041666666668,222.5,4.429166666666666,38.708333333333336,3.727272727272727,2.0416666666666665,0.0,,1003.3166666666666,141.9047619047619,2.6791666666666667,22.90833333333333,,15.304166666666667,,0.0,1003.7041666666668,222.5,4.429166666666666,26.02916666666667,0.0,15.745833333333332,,0.0,1018.9458333333333,100.0,2.2916666666666665,26.02916666666667,0.0,15.745833333333332,,0.0,1018.9458333333333,100.0,2.2916666666666665
2017-06-20,26.829166666666666,6.5,23.674999999999997,0.041666666666666664,1.5,1016.0916666666667,112.08333333333333,4.55,24.537499999999998,0.0,14.729166666666666,,0.0,1017.6041666666666,98.75,3.3249999999999997,19.933333333333334,,12.741666666666667,13.0,7.5,1006.0041666666666,244.16666666666666,4.9125000000000005,40.1625,4.090909090909091,3.8333333333333335,0.0,,1003.275,174.7826086956522,2.25,19.933333333333334,,12.741666666666667,13.0,7.5,1006.0041666666666,244.16666666666666,4.9125000000000005,24.537499999999998,0.0,14.729166666666666,,0.0,1017.6041666666666,98.75,3.3249999999999997,24.537499999999998,0.0,14.729166666666666,,0.0,1017.6041666666666,98.75,3.3249999999999997
2017-06-21,27.179166666666664,5.2,24.495833333333334,4.0,90.0,1016.7624999999999,128.33333333333334,3.7916666666666665,25.1375,0.0,16.616666666666667,,0.0,1014.3249999999999,124.58333333333333,3.641666666666666,18.420833333333334,,10.700000000000001,5.0,4.0,1009.6875,257.0833333333333,4.779166666666667,40.262499999999996,2.5,5.533333333333334,0.0,,1001.2458333333334,210.0,3.6208333333333336,18.420833333333334,,10.700000000000001,5.0,4.0,1009.6875,257.0833333333333,4.779166666666667,25.1375,0.0,16.616666666666667,,0.0,1014.3249999999999,124.58333333333333,3.641666666666666,25.1375,0.0,16.616666666666667,,0.0,1014.3249999999999,124.58333333333333,3.641666666666666
2017-06-22,27.083333333333332,3.5,23.8125,0.0,3.0,1017.9375,116.25,3.4499999999999997,20.775000000000002,0.0,14.995833333333332,,0.0,1012.0833333333334,250.83333333333334,5.7875000000000005,19.599999999999998,,11.520833333333334,70.0,0.0,1011.0749999999999,229.58333333333334,3.591666666666667,38.44166666666667,1.5,9.725,0.0,,1002.5500000000001,199.16666666666666,3.8833333333333333,19.599999999999998,,11.520833333333334,70.0,0.0,1011.0749999999999,229.58333333333334,3.591666666666667,20.775000000000002,0.0,14.995833333333332,,0.0,1012.0833333333334,250.83333333333334,5.7875000000000005,20.775000000000002,0.0,14.995833333333332,,0.0,1012.0833333333334,250.83333333333334,5.7875000000000005
2017-06-23,26.691666666666666,3.4444444444444446,22.962500000000002,0.0,-0.5,1017.1416666666668,109.58333333333333,3.0666666666666664,18.841666666666665,0.0,11.745833333333332,,0.0,1016.0166666666668,248.75,6.791666666666667,20.283333333333335,,17.962500000000002,10.142857142857142,35.0,1000.9791666666666,179.16666666666666,3.029166666666667,37.800000000000004,1.6521739130434783,10.783333333333333,0.0,,1004.5500000000001,246.52173913043478,4.1125,20.283333333333335,,17.962500000000002,10.142857142857142,35.0,1000.9791666666666,179.16666666666666,3.029166666666667,18.841666666666665,0.0,11.745833333333332,,0.0,1016.0166666666668,248.75,6.791666666666667,18.841666666666665,0.0,11.745833333333332,,0.0,1016.0166666666668,248.75,6.791666666666667
2017-06-24,27.504166666666666,3.375,23.104166666666668,-0.08333333333333333,,1017.6791666666667,180.43478260869566,3.3125,19.3625,,14.549999999999999,,-0.5,1013.6041666666666,240.0,6.191666666666666,19.820833333333333,,13.533333333333333,,0.0,1003.0041666666666,287.0833333333333,3.8625000000000003,39.24583333333333,4.0,6.7124999999999995,0.0,,1003.7624999999999,157.3913043478261,2.529166666666667,19.820833333333333,,13.533333333333333,,0.0,1003.0041666666666,287.0833333333333,3.8625000000000003,19.3625,,14.549999999999999,,-0.5,1013.6041666666666,240.0,6.191666666666666,19.3625,,14.549999999999999,,-0.5,1013.6041666666666,240.0,6.191666666666666
2017-06-25,27.575,5.666666666666667,22.858333333333334,-0.08333333333333333,-1.0,1018.8666666666667,186.25,2.670833333333333,18.525000000000002,,12.245833333333332,,-0.5,1012.4666666666667,259.5833333333333,6.283333333333334,15.679166666666667,,12.783333333333333,61.42857142857143,107.5,1011.275,250.41666666666666,3.1750000000000003,40.15,3.0588235294117645,7.887499999999999,0.0,,1006.1625,173.04347826086956,4.2,15.679166666666667,,12.783333333333333,61.42857142857143,107.5,1011.275,250.41666666666666,3.1750000000000003,18.525000000000002,,12.245833333333332,,-0.5,1012.4666666666667,259.5833333333333,6.283333333333334,18.525000000000002,,12.245833333333332,,-0.5,1012.4666666666667,259.5833333333333,6.283333333333334
2017-06-26,26.287499999999998,6.5,23.754166666666666,0.7083333333333334,-0.5,1017.3666666666667,157.72727272727272,2.766666666666667,18.75,0.0,7.5125,,-0.5,1013.7958333333332,117.5,2.7416666666666667,16.6125,,9.525,8.0,0.5,1013.2375000000001,222.91666666666666,2.4458333333333333,38.108333333333334,1.5,9.720833333333333,0.0,,1007.7541666666666,209.1304347826087,3.4791666666666665,16.6125,,9.525,8.0,0.5,1013.2375000000001,222.91666666666666,2.4458333333333333,18.75,0.0,7.5125,,-0.5,1013.7958333333332,117.5,2.7416666666666667,18.75,0.0,7.5125,,-0.5,1013.7958333333332,117.5,2.7416666666666667
2017-06-27,24.854166666666668,5.333333333333333,22.579166666666666,2.1666666666666665,35.0,1015.9304347826088,156.66666666666666,2.0625,17.141666666666666,,12.616666666666667,,1.0,1006.6875,75.83333333333333,3.516666666666666,14.295833333333334,,11.520833333333334,12.0,4.5,1011.9208333333332,209.58333333333334,2.441666666666667,37.69583333333333,1.3043478260869565,0.1875,0.0,,1005.1833333333334,206.66666666666666,3.8625000000000003,14.295833333333334,,11.520833333333334,12.0,4.5,1011.9208333333332,209.58333333333334,2.441666666666667,17.141666666666666,,12.616666666666667,,1.0,1006.6875,75.83333333333333,3.516666666666666,17.141666666666666,,12.616666666666667,,1.0,1006.6875,75.83333333333333,3.516666666666666
2017-06-28,24.974999999999998,3.4,22.65833333333333,-0.20833333333333334,1.3333333333333333,1017.2958333333332,89.16666666666667,3.4166666666666665,15.25,,12.770833333333334,,45.0,997.85,143.33333333333334,2.8625000000000003,16.712500000000002,,12.0875,13.5,8.0,1014.5124999999999,235.0,3.170833333333333,36.30416666666667,0.75,6.158333333333334,0.0,,1004.8125,229.54545454545453,3.65,16.712500000000002,,12.0875,13.5,8.0,1014.5124999999999,235.0,3.170833333333333,15.25,,12.770833333333334,,45.0,997.85,143.33333333333334,2.8625000000000003,15.25,,12.770833333333334,,45.0,997.85,143.33333333333334,2.8625000000000003
2017-06-29,26.2,6.5,23.583333333333332,0.0,-1.0,1018.7541666666666,86.81818181818181,2.766666666666667,15.025,,10.1625,,-0.5,996.4499999999999,281.6666666666667,3.2583333333333333,16.013333333333332,,14.446666666666665,16.7,42.5,1013.2199999999999,126.0,2.3733333333333335,35.604166666666664,0.2727272727272727,5.008333333333334,0.0,,1005.8708333333334,187.3684210526316,2.920833333333333,16.013333333333332,,14.446666666666665,16.7,42.5,1013.2199999999999,126.0,2.3733333333333335,15.025,,10.1625,,-0.5,996.4499999999999,281.6666666666667,3.2583333333333333,15.025,,10.1625,,-0.5,996.4499999999999,281.6666666666667,3.2583333333333333
2017-06-30,26.104166666666668,5.0,23.412499999999998,-0.041666666666666664,-1.0,1019.1,110.8695652173913,1.8166666666666667,17.641666666666666,,11.799999999999999,,0.0,1004.6136363636364,291.7391304347826,2.6916666666666664,19.252380952380953,,17.96666666666667,7.75,10.0,1009.5285714285714,132.85714285714286,2.7666666666666666,35.69166666666667,1.0,0.20833333333333334,0.0,,1005.7041666666668,150.0,2.8166666666666664,19.252380952380953,,17.96666666666667,7.75,10.0,1009.5285714285714,132.85714285714286,2.7666666666666666,17.641666666666666,,11.799999999999999,,0.0,1004.6136363636364,291.7391304347826,2.6916666666666664,17.641666666666666,,11.799999999999999,,0.0,1004.6136363636364,291.7391304347826,2.6916666666666664
2017-07-01,25.208333333333332,4.75,23.59166666666667,1.5833333333333333,34.5,1020.2173913043479,143.04347826086956,2.595833333333333,18.058333333333334,,11.487499999999999,,2.0,1015.6916666666666,297.0833333333333,4.229166666666667,20.304166666666667,,18.616666666666667,41.625,65.0,1007.9958333333334,188.33333333333334,2.625,36.079166666666666,0.6666666666666666,-1.9666666666666668,0.0,,1005.6208333333334,173.0,3.7583333333333333,20.304166666666667,,18.616666666666667,41.625,65.0,1007.9958333333334,188.33333333333334,2.625,18.058333333333334,,11.487499999999999,,2.0,1015.6916666666666,297.0833333333333,4.229166666666667,18.058333333333334,,11.487499999999999,,2.0,1015.6916666666666,297.0833333333333,4.229166666666667
2017-07-02,26.808333333333334,4.888888888888889,23.104166666666668,0.041666666666666664,-1.0,1020.6708333333332,95.65217391304348,1.4583333333333333,19.133333333333333,0.0,9.775,,0.0,1020.6999999999999,296.6666666666667,3.808333333333333,18.916666666666668,,15.691666666666668,67.5,45.0,1010.2541666666666,251.66666666666666,2.7291666666666665,36.270833333333336,1.75,2.595833333333333,0.0,,1009.8041666666667,196.08695652173913,3.841666666666667,18.916666666666668,,15.691666666666668,67.5,45.0,1010.2541666666666,251.66666666666666,2.7291666666666665,19.133333333333333,0.0,9.775,,0.0,1020.6999999999999,296.6666666666667,3.808333333333333,19.133333333333333,0.0,9.775,,0.0,1020.6999999999999,296.6666666666667,3.808333333333333
2017-07-03,26.7,2.933333333333333,22.741666666666664,-0.125,1.0,1019.3791666666666,147.82608695652175,2.779166666666667,19.204166666666666,0.0,12.070833333333333,,-0.5,1020.5347826086957,258.3333333333333,4.945833333333334,18.916666666666668,,12.704166666666666,,42.5,1013.3833333333333,267.9166666666667,3.8791666666666664,36.324999999999996,2.111111111111111,11.983333333333334,0.0,,1010.8458333333333,226.1904761904762,3.6666666666666665,18.916666666666668,,12.704166666666666,,42.5,1013.3833333333333,267.9166666666667,3.8791666666666664,19.204166666666666,0.0,12.070833333333333,,-0.5,1020.5347826086957,258.3333333333333,4.945833333333334,19.204166666666666,0.0,12.070833333333333,,-0.5,1020.5347826086957,258.3333333333333,4.945833333333334
2017-07-04,26.458333333333332,1.3333333333333333,23.025000000000002,2.2916666666666665,200.0,1019.25,116.52173913043478,2.125,19.783333333333335,0.0,12.5875,,0.0,1019.8833333333333,251.25,3.091666666666667,19.783333333333335,,10.924999999999999,,0.0,1018.375,287.5,1.5625,37.78333333333333,1.6,9.0375,0.0,,1008.2375000000001,228.33333333333334,3.4333333333333336,19.783333333333335,,10.924999999999999,,0.0,1018.375,287.5,1.5625,19.783333333333335,0.0,12.5875,,0.0,1019.8833333333333,251.25,3.091666666666667,19.783333333333335,0.0,12.5875,,0.0,1019.8833333333333,251.25,3.091666666666667
2017-07-05,28.279166666666665,2.1818181818181817,23.462500000000002,0.0,,1020.3666666666667,79.5,2.2083333333333335,22.458333333333332,0.0,12.674999999999999,,0.0,1018.225,166.66666666666666,2.370833333333333,20.916666666666668,,10.833333333333334,,0.0,1019.9958333333334,217.08333333333334,1.8875,38.012499999999996,2.526315789473684,8.424999999999999,0.0,,1008.1041666666666,210.41666666666666,4.079166666666667,20.916666666666668,,10.833333333333334,,0.0,1019.9958333333334,217.08333333333334,1.8875,22.458333333333332,0.0,12.674999999999999,,0.0,1018.225,166.66666666666666,2.370833333333333,22.458333333333332,0.0,12.674999999999999,,0.0,1018.225,166.66666666666666,2.370833333333333
2017-07-06,28.212500000000002,2.111111111111111,23.34583333333333,0.0,,1020.375,124.34782608695652,2.470833333333333,25.150000000000002,0.0,14.5625,,0.0,1014.0791666666668,137.91666666666666,3.733333333333333,22.53333333333333,,14.908333333333333,,0.0,1012.7083333333334,223.33333333333334,3.6166666666666667,38.1875,2.3333333333333335,10.404166666666667,0.0,,1009.2291666666666,191.05263157894737,2.9166666666666665,22.53333333333333,,14.908333333333333,,0.0,1012.7083333333334,223.33333333333334,3.6166666666666667,25.150000000000002,0.0,14.5625,,0.0,1014.0791666666668,137.91666666666666,3.733333333333333,25.150000000000002,0.0,14.5625,,0.0,1014.0791666666668,137.91666666666666,3.733333333333333
2017-07-07,28.520833333333332,3.2,22.433333333333334,-0.125,,1019.1291666666666,112.85714285714286,1.866666666666667,23.183333333333334,0.0,13.4125,,0.0,1015.8791666666666,275.0,4.0249999999999995,21.645833333333332,,18.029166666666665,13.5,7.5,1005.9625,239.58333333333334,2.4499999999999997,40.50833333333333,3.5714285714285716,8.166666666666666,0.0,,1006.6166666666667,117.5,3.35,21.645833333333332,,18.029166666666665,13.5,7.5,1005.9625,239.58333333333334,2.4499999999999997,23.183333333333334,0.0,13.4125,,0.0,1015.8791666666666,275.0,4.0249999999999995,23.183333333333334,0.0,13.4125,,0.0,1015.8791666666666,275.0,4.0249999999999995
2017-07-08,25.895833333333332,3.857142857142857,23.366666666666664,7.333333333333333,76.33333333333333,1018.491304347826,119.58333333333333,1.6791666666666665,21.587500000000002,0.0,12.066666666666668,,0.0,1018.0583333333334,265.8333333333333,2.970833333333333,19.270833333333332,,14.929166666666667,60.0,45.0,1005.525,246.25,3.495833333333333,39.583333333333336,4.7272727272727275,10.941666666666668,0.0,,1007.3375,135.0,4.545833333333333,19.270833333333332,,14.929166666666667,60.0,45.0,1005.525,246.25,3.495833333333333,21.587500000000002,0.0,12.066666666666668,,0.0,1018.0583333333334,265.8333333333333,2.970833333333333,21.587500000000002,0.0,12.066666666666668,,0.0,1018.0583333333334,265.8333333333333,2.970833333333333
2017-07-09,26.829166666666666,3.8461538461538463,23.3,0.0,10.0,1018.0416666666666,117.72727272727273,2.0083333333333333,22.375,0.0,13.645833333333334,,0.0,1012.7416666666667,175.0,3.345833333333333,18.816666666666666,,13.424999999999999,22.0,15.0,1010.475,245.83333333333334,3.3000000000000003,36.579166666666666,4.5,15.237499999999999,0.0,,1009.3541666666666,243.0,4.120833333333334,18.816666666666666,,13.424999999999999,22.0,15.0,1010.475,245.83333333333334,3.3000000000000003,22.375,0.0,13.645833333333334,,0.0,1012.7416666666667,175.0,3.345833333333333,22.375,0.0,13.645833333333334,,0.0,1012.7416666666667,175.0,3.345833333333333
2017-07-10,27.03333333333333,2.7142857142857144,23.5125,3.125,40.0,1018.4291666666667,156.52173913043478,2.6833333333333336,20.845833333333335,0.0,12.5875,,0.0,1008.5083333333333,260.8333333333333,4.666666666666667,20.179166666666667,,16.479166666666668,4.4,8.75,1011.3166666666666,217.91666666666666,3.1833333333333336,37.18333333333333,4.333333333333333,14.366666666666667,0.0,,1007.3304347826087,218.63636363636363,4.808333333333334,20.179166666666667,,16.479166666666668,4.4,8.75,1011.3166666666666,217.91666666666666,3.1833333333333336,20.845833333333335,0.0,12.5875,,0.0,1008.5083333333333,260.8333333333333,4.666666666666667,20.845833333333335,0.0,12.5875,,0.0,1008.5083333333333,260.8333333333333,4.666666666666667
2017-07-11,27.683333333333334,3.466666666666667,22.8,0.0,0.0,1018.9166666666666,85.21739130434783,2.341666666666667,16.208333333333332,,12.933333333333332,,10.0,1009.2458333333334,203.33333333333334,4.4125,20.854166666666668,,17.741666666666667,46.0,35.0,1010.5124999999999,222.08333333333334,2.9125,33.72083333333333,5.2,16.520833333333332,0.3333333333333333,8.0,1008.3208333333333,154.34782608695653,4.308333333333334,20.854166666666668,,17.741666666666667,46.0,35.0,1010.5124999999999,222.08333333333334,2.9125,16.208333333333332,,12.933333333333332,,10.0,1009.2458333333334,203.33333333333334,4.4125,16.208333333333332,,12.933333333333332,,10.0,1009.2458333333334,203.33333333333334,4.4125
2017-07-12,26.7375,4.666666666666667,24.129166666666666,6.458333333333333,65.0,1019.6458333333334,89.1304347826087,3.204166666666667,17.2375,,10.908333333333333,,91.0,1015.0041666666666,170.0,3.7624999999999997,18.525000000000002,,13.083333333333334,2.0,0.0,1015.5166666666668,96.25,2.9958333333333336,36.2875,3.5833333333333335,14.816666666666668,0.0,,1007.4958333333334,184.54545454545453,3.3000000000000003,18.525000000000002,,13.083333333333334,2.0,0.0,1015.5166666666668,96.25,2.9958333333333336,17.2375,,10.908333333333333,,91.0,1015.0041666666666,170.0,3.7624999999999997,17.2375,,10.908333333333333,,91.0,1015.0041666666666,170.0,3.7624999999999997
2017-07-13,27.754166666666666,4.545454545454546,24.537499999999998,-0.125,9.333333333333334,1019.725,84.58333333333333,3.9791666666666665,18.45,,9.5875,,0.0,1021.6374999999999,207.5,3.3958333333333335,17.875,,12.125,14.8,21.0,1017.0749999999999,92.91666666666667,2.966666666666667,36.69583333333333,3.8333333333333335,15.595833333333333,0.0,,1008.8833333333333,213.33333333333334,3.6958333333333333,17.875,,12.125,14.8,21.0,1017.0749999999999,92.91666666666667,2.966666666666667,18.45,,9.5875,,0.0,1021.6374999999999,207.5,3.3958333333333335,18.45,,9.5875,,0.0,1021.6374999999999,207.5,3.3958333333333335
2017-07-14,27.458333333333332,5.428571428571429,24.579166666666666,0.6666666666666666,9.5,1019.6541666666667,105.41666666666667,3.4583333333333335,17.9375,,10.079166666666667,,-1.0,1019.9416666666666,288.75,3.745833333333333,18.195833333333333,,15.295833333333334,40.0,0.0,1014.3375,80.0,3.6333333333333333,35.270833333333336,3.3333333333333335,15.799999999999999,0.0,,1010.025,170.0,4.533333333333333,18.195833333333333,,15.295833333333334,40.0,0.0,1014.3375,80.0,3.6333333333333333,17.9375,,10.079166666666667,,-1.0,1019.9416666666666,288.75,3.745833333333333,17.9375,,10.079166666666667,,-1.0,1019.9416666666666,288.75,3.745833333333333
2017-07-15,28.329166666666666,3.263157894736842,23.537499999999998,0.0,,1017.7708333333334,79.54545454545455,2.6875,18.141666666666666,,14.0,,1.0,1021.9458333333333,245.0,4.470833333333333,21.929166666666664,,16.041666666666668,5.4,37.5,1011.025,266.6666666666667,2.8208333333333333,35.645833333333336,4.0,16.729166666666668,-0.125,-1.0,1009.6041666666666,160.9090909090909,3.404347826086956,21.929166666666664,,16.041666666666668,5.4,37.5,1011.025,266.6666666666667,2.8208333333333333,18.141666666666666,,14.0,,1.0,1021.9458333333333,245.0,4.470833333333333,18.141666666666666,,14.0,,1.0,1021.9458333333333,245.0,4.470833333333333
2017-07-16,28.241666666666664,2.9523809523809526,23.212500000000002,0.0,,1015.6291666666666,68.26086956521739,2.1374999999999997,21.241666666666667,,16.6375,,0.0,1022.6291666666666,257.9166666666667,4.35,21.662499999999998,,15.0875,2.0,0.0,1012.5333333333333,259.1666666666667,2.7750000000000004,33.62083333333333,4.545454545454546,18.875,0.4166666666666667,70.0,1008.9875000000001,184.28571428571428,3.8208333333333333,21.662499999999998,,15.0875,2.0,0.0,1012.5333333333333,259.1666666666667,2.7750000000000004,21.241666666666667,,16.6375,,0.0,1022.6291666666666,257.9166666666667,4.35,21.241666666666667,,16.6375,,0.0,1022.6291666666666,257.9166666666667,4.35
2017-07-17,26.462500000000002,3.125,23.554166666666664,32.5,770.0,1016.1217391304348,125.65217391304348,2.3583333333333334,20.808333333333334,0.0,9.283333333333333,,1.0,1023.0166666666668,67.91666666666667,3.225,21.675,,17.495833333333334,4.0,1.5,1015.475,84.58333333333333,1.6666666666666667,30.720833333333335,4.5,19.858333333333334,1.2083333333333333,40.0,1008.7041666666668,166.8181818181818,3.6166666666666667,21.675,,17.495833333333334,4.0,1.5,1015.475,84.58333333333333,1.6666666666666667,20.808333333333334,0.0,9.283333333333333,,1.0,1023.0166666666668,67.91666666666667,3.225,20.808333333333334,0.0,9.283333333333333,,1.0,1023.0166666666668,67.91666666666667,3.225
2017-07-18,26.287499999999998,4.545454545454546,23.516666666666666,7.375,95.0,1018.3565217391305,119.5,2.454166666666667,21.4875,0.0,13.200000000000001,,0.0,1016.2041666666668,87.5,5.0625,23.27916666666667,,17.787499999999998,,0.0,1015.8791666666666,193.33333333333334,2.6083333333333334,31.695833333333336,4.5,19.504166666666666,-0.08333333333333333,-1.0,1010.1166666666667,125.0,3.8000000000000003,23.27916666666667,,17.787499999999998,,0.0,1015.8791666666666,193.33333333333334,2.6083333333333334,21.4875,0.0,13.200000000000001,,0.0,1016.2041666666668,87.5,5.0625,21.4875,0.0,13.200000000000001,,0.0,1016.2041666666668,87.5,5.0625
2017-07-19,25.95,4.444444444444445,23.737499999999997,0.4166666666666667,11.5,1019.1,84.28571428571429,1.8,19.920833333333334,,16.783333333333335,,3.5,1006.125,149.16666666666666,4.404166666666667,22.6375,,17.995833333333334,,0.0,1013.6583333333333,275.4166666666667,2.095833333333333,33.425000000000004,4.75,18.958333333333332,0.0,,1010.6583333333333,191.30434782608697,3.591666666666667,22.6375,,17.995833333333334,,0.0,1013.6583333333333,275.4166666666667,2.095833333333333,19.920833333333334,,16.783333333333335,,3.5,1006.125,149.16666666666666,4.404166666666667,19.920833333333334,,16.783333333333335,,3.5,1006.125,149.16666666666666,4.404166666666667
2017-07-20,25.34166666666667,4.142857142857143,23.2,4.916666666666667,204.5,1018.304347826087,87.91666666666667,1.6333333333333335,17.837500000000002,0.0,11.8125,,-0.5,1007.85,230.41666666666666,5.445833333333333,23.425,,17.529166666666665,,0.0,1010.975,258.75,2.3291666666666666,33.65833333333333,4.545454545454546,17.26666666666667,-0.041666666666666664,,1010.6208333333334,188.2608695652174,3.5625,23.425,,17.529166666666665,,0.0,1010.975,258.75,2.3291666666666666,17.837500000000002,0.0,11.8125,,-0.5,1007.85,230.41666666666666,5.445833333333333,17.837500000000002,0.0,11.8125,,-0.5,1007.85,230.41666666666666,5.445833333333333
2017-07-21,24.879166666666666,4.0,23.5125,0.5,14.0,1017.6347826086956,129.16666666666666,1.8541666666666667,17.57916666666667,0.0,11.154166666666667,,0.0,1008.4333333333334,165.41666666666666,6.137499999999999,22.425,,15.799999999999999,,0.0,1009.225,256.6666666666667,3.6791666666666667,33.137499999999996,4.235294117647059,18.7375,0.20833333333333334,3.0,1009.15,157.0,3.745833333333333,22.425,,15.799999999999999,,0.0,1009.225,256.6666666666667,3.6791666666666667,17.57916666666667,0.0,11.154166666666667,,0.0,1008.4333333333334,165.41666666666666,6.137499999999999,17.57916666666667,0.0,11.154166666666667,,0.0,1008.4333333333334,165.41666666666666,6.137499999999999
2017-07-22,24.833333333333332,4.5,23.47083333333333,3.625,45.0,1018.0041666666666,149.1304347826087,2.4458333333333333,14.5625,,12.466666666666667,,65.0,1008.0375,185.0,3.545833333333333,20.900000000000002,,13.3375,,0.0,1010.2916666666666,147.08333333333334,1.9166666666666667,34.050000000000004,4.125,17.791666666666668,0.0,,1007.8666666666667,158.0,3.1291666666666664,20.900000000000002,,13.3375,,0.0,1010.2916666666666,147.08333333333334,1.9166666666666667,14.5625,,12.466666666666667,,65.0,1008.0375,185.0,3.545833333333333,14.5625,,12.466666666666667,,65.0,1008.0375,185.0,3.545833333333333
2017-07-23,25.90833333333333,6.8,23.3875,-0.2916666666666667,0.0,1017.1208333333334,159.58333333333334,2.2583333333333333,15.404166666666667,0.0,11.9625,,-0.5,1011.4083333333333,251.25,4.016666666666667,19.150000000000002,,9.108333333333333,,0.0,1011.0166666666668,72.08333333333333,2.9250000000000003,32.52916666666667,5.0,19.025000000000002,2.125,50.0,1007.8125,152.0,3.345833333333333,19.150000000000002,,9.108333333333333,,0.0,1011.0166666666668,72.08333333333333,2.9250000000000003,15.404166666666667,0.0,11.9625,,-0.5,1011.4083333333333,251.25,4.016666666666667,15.404166666666667,0.0,11.9625,,-0.5,1011.4083333333333,251.25,4.016666666666667
2017-07-24,27.383333333333336,7.5,24.520833333333332,-0.16666666666666666,-1.0,1017.65,171.30434782608697,2.375,16.349999999999998,,12.825000000000001,,-1.0,1014.0708333333333,283.75,3.4458333333333333,15.069565217391306,,12.356521739130434,31.77777777777778,116.66666666666667,1010.9782608695652,68.26086956521739,5.030434782608696,27.991666666666664,6.5,21.945833333333336,1.9583333333333333,17.333333333333332,1009.9666666666667,109.52380952380952,2.6374999999999997,15.069565217391306,,12.356521739130434,31.77777777777778,116.66666666666667,1010.9782608695652,68.26086956521739,5.030434782608696,16.349999999999998,,12.825000000000001,,-1.0,1014.0708333333333,283.75,3.4458333333333333,16.349999999999998,,12.825000000000001,,-1.0,1014.0708333333333,283.75,3.4458333333333333
2017-07-25,28.854166666666668,3.466666666666667,23.6375,0.0,,1019.4125,167.5,1.741666666666667,18.10833333333333,0.0,12.429166666666667,,0.0,1015.6958333333333,259.5833333333333,2.779166666666667,17.529166666666665,,12.641666666666666,8.0,25.0,1020.1374999999999,92.5,3.4749999999999996,32.949999999999996,3.3333333333333335,19.974999999999998,-0.041666666666666664,-1.0,1010.5375,149.52380952380952,2.9125,17.529166666666665,,12.641666666666666,8.0,25.0,1020.1374999999999,92.5,3.4749999999999996,18.10833333333333,0.0,12.429166666666667,,0.0,1015.6958333333333,259.5833333333333,2.779166666666667,18.10833333333333,0.0,12.429166666666667,,0.0,1015.6958333333333,259.5833333333333,2.779166666666667
2017-07-26,28.925,4.0,24.116666666666664,-0.08333333333333333,0.0,1018.0916666666667,103.63636363636364,1.5125,17.6375,0.0,15.079166666666666,,10.0,1007.75,202.91666666666666,5.075,17.845833333333335,,14.233333333333334,,0.0,1019.4291666666667,226.66666666666666,2.375,35.045833333333334,2.761904761904762,17.054166666666667,0.0,,1010.4833333333332,175.71428571428572,2.8125,17.845833333333335,,14.233333333333334,,0.0,1019.4291666666667,226.66666666666666,2.375,17.6375,0.0,15.079166666666666,,10.0,1007.75,202.91666666666666,5.075,17.6375,0.0,15.079166666666666,,10.0,1007.75,202.91666666666666,5.075
2017-07-27,27.320833333333336,5.5,24.004166666666666,0.4583333333333333,1.0,1016.1700000000001,150.8695652173913,2.4458333333333333,16.7,,12.575000000000001,,10.0,1006.7458333333334,237.08333333333334,5.233333333333333,20.429166666666667,,15.725,,0.0,1010.8625000000001,275.8333333333333,3.65,36.7875,4.133333333333334,14.1875,0.0,,1007.7666666666668,215.71428571428572,3.454166666666667,20.429166666666667,,15.725,,0.0,1010.8625000000001,275.8333333333333,3.65,16.7,,12.575000000000001,,10.0,1006.7458333333334,237.08333333333334,5.233333333333333,16.7,,12.575000000000001,,10.0,1006.7458333333334,237.08333333333334,5.233333333333333
2017-07-28,27.795833333333334,4.222222222222222,23.654166666666665,1.8333333333333333,50.0,1013.7652173913043,182.5,2.4125,16.954166666666666,,13.0625,,24.5,1008.275,219.16666666666666,6.6625000000000005,18.229166666666668,,9.987499999999999,,0.0,1013.4958333333334,285.0,3.0416666666666665,33.237500000000004,5.6,17.154166666666665,-0.08333333333333333,0.0,1009.6958333333333,206.66666666666666,5.041666666666667,18.229166666666668,,9.987499999999999,,0.0,1013.4958333333334,285.0,3.0416666666666665,16.954166666666666,,13.0625,,24.5,1008.275,219.16666666666666,6.6625000000000005,16.954166666666666,,13.0625,,24.5,1008.275,219.16666666666666,6.6625000000000005
2017-07-29,27.6125,3.8333333333333335,24.150000000000002,0.041666666666666664,1.5,1012.0916666666667,225.41666666666666,3.775,16.958333333333332,0.0,14.083333333333334,,0.5,1007.6166666666667,221.66666666666666,4.145833333333333,18.945833333333333,,7.658333333333334,,0.0,1014.5208333333334,193.33333333333334,2.954166666666667,32.40416666666667,6.0,17.829166666666666,0.08333333333333333,3.0,1010.6086956521739,194.34782608695653,2.8625000000000003,18.945833333333333,,7.658333333333334,,0.0,1014.5208333333334,193.33333333333334,2.954166666666667,16.958333333333332,0.0,14.083333333333334,,0.5,1007.6166666666667,221.66666666666666,4.145833333333333,16.958333333333332,0.0,14.083333333333334,,0.5,1007.6166666666667,221.66666666666666,4.145833333333333
2017-07-30,25.7,6.5,24.97083333333333,3.3333333333333335,74.0,1012.1826086956522,150.83333333333334,2.4499999999999997,17.212500000000002,,12.591666666666667,,5.0,1005.8708333333334,235.41666666666666,5.6875,20.283333333333335,,12.816666666666668,,0.0,1015.7416666666667,243.75,1.4083333333333332,31.90416666666667,6.5,19.233333333333334,0.125,3.0,1011.4875000000001,168.57142857142858,2.25,20.283333333333335,,12.816666666666668,,0.0,1015.7416666666667,243.75,1.4083333333333332,17.212500000000002,,12.591666666666667,,5.0,1005.8708333333334,235.41666666666666,5.6875,17.212500000000002,,12.591666666666667,,5.0,1005.8708333333334,235.41666666666666,5.6875
2017-07-31,24.229166666666668,6.5,23.804166666666664,5.375,32.25,1013.6869565217391,108.75,3.1125000000000003,17.366666666666667,0.0,11.066666666666668,,0.0,1011.3708333333334,222.08333333333334,4.841666666666667,21.46666666666667,,16.366666666666667,,0.0,1016.0375,298.75,1.75,36.025,4.222222222222222,17.595833333333335,0.0,,1008.8208333333333,119.5,2.8666666666666667,21.46666666666667,,16.366666666666667,,0.0,1016.0375,298.75,1.75,17.366666666666667,0.0,11.066666666666668,,0.0,1011.3708333333334,222.08333333333334,4.841666666666667,17.366666666666667,0.0,11.066666666666668,,0.0,1011.3708333333334,222.08333333333334,4.841666666666667
2017-08-01,27.295833333333334,6.0,23.375,8.375,3.3333333333333335,1015.2565217391304,214.28571428571428,2.8041666666666667,17.0625,0.0,11.9125,,0.0,1014.5666666666666,219.58333333333334,4.741666666666666,22.108333333333334,,14.008333333333333,,0.0,1016.25,240.83333333333334,1.6458333333333333,33.80833333333333,6.0,17.408333333333335,0.0,,1009.95,130.8695652173913,4.7,22.108333333333334,,14.008333333333333,,0.0,1016.25,240.83333333333334,1.6458333333333333,17.0625,0.0,11.9125,,0.0,1014.5666666666666,219.58333333333334,4.741666666666666,17.0625,0.0,11.9125,,0.0,1014.5666666666666,219.58333333333334,4.741666666666666
2017-08-02,25.183333333333334,6.0,23.712500000000002,0.6666666666666666,110.0,1018.4041666666667,148.75,2.5833333333333335,16.845833333333335,,14.679166666666667,,1.0,1011.8791666666666,185.0,5.570833333333333,23.025000000000002,,17.658333333333335,,0.0,1014.6583333333333,202.08333333333334,2.6374999999999997,31.791666666666668,7.0,19.320833333333333,0.08333333333333333,3.0,1011.0541666666667,112.5,3.9625,23.025000000000002,,17.658333333333335,,0.0,1014.6583333333333,202.08333333333334,2.6374999999999997,16.845833333333335,,14.679166666666667,,1.0,1011.8791666666666,185.0,5.570833333333333,16.845833333333335,,14.679166666666667,,1.0,1011.8791666666666,185.0,5.570833333333333
2017-08-03,26.445833333333336,5.111111111111111,23.695833333333336,5.583333333333333,64.5,1020.0391304347827,161.66666666666666,3.454166666666667,18.420833333333334,,13.85,,4.5,1007.0875,223.75,8.116666666666667,21.316666666666666,,17.3625,,0.0,1016.9791666666666,214.58333333333334,1.5083333333333335,31.84583333333333,5.0,20.283333333333335,9.583333333333334,115.0,1011.4125,105.9090909090909,2.904166666666667,21.316666666666666,,17.3625,,0.0,1016.9791666666666,214.58333333333334,1.5083333333333335,18.420833333333334,,13.85,,4.5,1007.0875,223.75,8.116666666666667,18.420833333333334,,13.85,,4.5,1007.0875,223.75,8.116666666666667
2017-08-04,27.804166666666664,5.6,23.90833333333333,0.0,0.0,1019.4250000000001,147.08333333333334,2.2333333333333334,18.408333333333335,0.0,12.041666666666666,,-1.0,1011.3249999999999,242.91666666666666,5.879166666666666,22.083333333333332,,18.595833333333335,11.4,12.5,1010.1416666666668,149.58333333333334,3.404166666666667,32.17916666666667,2.869565217391304,19.5625,0.0,,1010.1166666666667,136.0,2.3249999999999997,22.083333333333332,,18.595833333333335,11.4,12.5,1010.1416666666668,149.58333333333334,3.404166666666667,18.408333333333335,0.0,12.041666666666666,,-1.0,1011.3249999999999,242.91666666666666,5.879166666666666,18.408333333333335,0.0,12.041666666666666,,-1.0,1011.3249999999999,242.91666666666666,5.879166666666666
2017-08-05,27.52916666666667,5.666666666666667,24.05,11.208333333333334,270.0,1018.4083333333333,130.45454545454547,2.125,17.091666666666665,0.0,10.475,,1.0,1016.8625000000001,285.8333333333333,3.3625000000000003,19.3125,,14.566666666666668,6.5,5.5,1006.8458333333333,213.75,5.6499999999999995,34.44166666666667,3.652173913043478,16.008333333333333,0.0,,1008.0541666666667,163.91304347826087,2.9166666666666665,19.3125,,14.566666666666668,6.5,5.5,1006.8458333333333,213.75,5.6499999999999995,17.091666666666665,0.0,10.475,,1.0,1016.8625000000001,285.8333333333333,3.3625000000000003,17.091666666666665,0.0,10.475,,1.0,1016.8625000000001,285.8333333333333,3.3625000000000003
2017-08-06,28.141666666666666,3.5294117647058822,23.912499999999998,0.0,-1.0,1018.4,127.27272727272727,2.7416666666666667,16.3,0.0,10.258333333333333,,0.0,1021.8958333333334,232.08333333333334,4.279166666666667,16.7375,,10.166666666666666,,0.0,1014.6166666666667,264.1666666666667,4.241666666666666,34.8125,3.3684210526315788,11.320833333333333,0.0,,1007.5,137.5,2.733333333333333,16.7375,,10.166666666666666,,0.0,1014.6166666666667,264.1666666666667,4.241666666666666,16.3,0.0,10.258333333333333,,0.0,1021.8958333333334,232.08333333333334,4.279166666666667,16.3,0.0,10.258333333333333,,0.0,1021.8958333333334,232.08333333333334,4.279166666666667
2017-08-07,28.708333333333332,2.4285714285714284,24.349999999999998,0.0,1.5,1017.4250000000001,125.41666666666667,3.8333333333333335,16.587500000000002,,13.404166666666667,,0.0,1017.3166666666666,231.66666666666666,3.6125000000000003,16.759090909090908,,9.936363636363636,,0.0,1015.8090909090909,126.81818181818181,1.9909090909090912,35.78333333333333,1.7894736842105263,8.833333333333334,0.0,,1007.8000000000001,176.8421052631579,2.5833333333333335,16.759090909090908,,9.936363636363636,,0.0,1015.8090909090909,126.81818181818181,1.9909090909090912,16.587500000000002,,13.404166666666667,,0.0,1017.3166666666666,231.66666666666666,3.6125000000000003,16.587500000000002,,13.404166666666667,,0.0,1017.3166666666666,231.66666666666666,3.6125000000000003
2017-08-08,28.962500000000002,3.8461538461538463,24.170833333333334,-0.041666666666666664,,1016.4208333333332,116.66666666666667,2.670833333333333,15.247826086956522,,12.299999999999999,,0.0,1011.3772727272727,302.72727272727275,2.9956521739130437,19.083333333333332,,11.641666666666666,,0.0,1014.0666666666666,281.25,2.5625,35.829166666666666,1.0,7.2250000000000005,0.0,,1007.7624999999999,128.0952380952381,2.279166666666667,19.083333333333332,,11.641666666666666,,0.0,1014.0666666666666,281.25,2.5625,15.247826086956522,,12.299999999999999,,0.0,1011.3772727272727,302.72727272727275,2.9956521739130437,15.247826086956522,,12.299999999999999,,0.0,1011.3772727272727,302.72727272727275,2.9956521739130437
2017-08-09,28.8,4.4,23.837500000000002,0.4166666666666667,10.0,1017.9041666666667,102.6086956521739,2.5708333333333333,13.9,,12.558333333333332,,55.0,1015.8833333333333,311.6666666666667,3.7291666666666665,19.08695652173913,,13.0,,0.0,1018.6086956521739,276.0869565217391,2.9434782608695653,36.9,1.8333333333333333,8.175,0.0,,1007.0208333333334,144.54545454545453,2.4791666666666665,19.08695652173913,,13.0,,0.0,1018.6086956521739,276.0869565217391,2.9434782608695653,13.9,,12.558333333333332,,55.0,1015.8833333333333,311.6666666666667,3.7291666666666665,13.9,,12.558333333333332,,55.0,1015.8833333333333,311.6666666666667,3.7291666666666665
2017-08-10,28.941666666666666,4.266666666666667,23.995833333333334,0.0,,1018.2041666666668,148.33333333333334,4.1625000000000005,16.245833333333334,0.0,9.616666666666667,,5.0,1023.1875,149.16666666666666,3.1458333333333335,19.254166666666666,,14.8375,,0.0,1020.6583333333333,164.16666666666666,1.25,35.8375,4.0,15.049999999999999,0.0,,1008.2624999999999,176.08695652173913,3.125,19.254166666666666,,14.8375,,0.0,1020.6583333333333,164.16666666666666,1.25,16.245833333333334,0.0,9.616666666666667,,5.0,1023.1875,149.16666666666666,3.1458333333333335,16.245833333333334,0.0,9.616666666666667,,5.0,1023.1875,149.16666666666666,3.1458333333333335
2017-08-11,27.162499999999998,5.0,24.3125,-0.125,0.0,1016.7916666666666,230.0,3.1875,16.175,0.0,11.283333333333333,,0.0,1018.9875000000001,245.83333333333334,4.208333333333333,21.233333333333334,,15.954166666666666,,0.0,1015.4291666666667,144.58333333333334,2.716666666666667,35.07083333333333,3.375,17.070833333333333,0.0,,1007.0500000000001,200.0,2.8375,21.233333333333334,,15.954166666666666,,0.0,1015.4291666666667,144.58333333333334,2.716666666666667,16.175,0.0,11.283333333333333,,0.0,1018.9875000000001,245.83333333333334,4.208333333333333,16.175,0.0,11.283333333333333,,0.0,1018.9875000000001,245.83333333333334,4.208333333333333
2017-08-12,26.433333333333334,6.0,24.129166666666666,7.958333333333333,100.0,1015.795652173913,153.04347826086956,2.279166666666667,18.875,,12.762500000000001,,-0.5,1015.8666666666667,264.5833333333333,4.7124999999999995,19.641666666666666,,17.695652173913043,37.8,45.0,1008.5375,235.83333333333334,2.25,34.67916666666667,4.0,18.3625,0.6666666666666666,6.0,1007.7208333333333,170.83333333333334,3.3125,19.641666666666666,,17.695652173913043,37.8,45.0,1008.5375,235.83333333333334,2.25,18.875,,12.762500000000001,,-0.5,1015.8666666666667,264.5833333333333,4.7124999999999995,18.875,,12.762500000000001,,-0.5,1015.8666666666667,264.5833333333333,4.7124999999999995
2017-08-13,26.34166666666667,3.142857142857143,24.287499999999998,2.4583333333333335,19.333333333333332,1015.4666666666667,150.83333333333334,1.6541666666666668,17.474999999999998,0.0,8.075000000000001,,0.0,1021.0208333333334,243.75,2.4,20.191666666666666,,13.695833333333333,2.0,0.5,1012.7166666666667,255.0,3.0041666666666664,30.629166666666666,3.0,20.033333333333335,3.8333333333333335,90.0,1009.5500000000001,157.0,2.9499999999999997,20.191666666666666,,13.695833333333333,2.0,0.5,1012.7166666666667,255.0,3.0041666666666664,17.474999999999998,0.0,8.075000000000001,,0.0,1021.0208333333334,243.75,2.4,17.474999999999998,0.0,8.075000000000001,,0.0,1021.0208333333334,243.75,2.4
2017-08-14,28.058333333333334,3.2222222222222223,23.858333333333334,-0.16666666666666666,-1.0,1014.9541666666668,197.72727272727272,2.495833333333333,17.695833333333333,0.0,11.033333333333333,,0.0,1017.2416666666667,171.25,2.954166666666667,20.429166666666667,,13.366666666666667,,0.0,1013.3333333333334,217.08333333333334,2.4583333333333335,33.8125,2.0,16.733333333333334,-0.041666666666666664,-1.0,1006.0583333333334,174.7826086956522,3.595833333333333,20.429166666666667,,13.366666666666667,,0.0,1013.3333333333334,217.08333333333334,2.4583333333333335,17.695833333333333,0.0,11.033333333333333,,0.0,1017.2416666666667,171.25,2.954166666666667,17.695833333333333,0.0,11.033333333333333,,0.0,1017.2416666666667,171.25,2.954166666666667
2017-08-15,28.77916666666667,2.8,24.208333333333332,-0.041666666666666664,-1.0,1015.6041666666666,230.0,2.683333333333333,18.561904761904763,0.0,12.114285714285714,,-0.5,1015.104761904762,258.0952380952381,3.033333333333333,20.14761904761905,,15.99047619047619,,0.0,1009.8857142857142,215.23809523809524,2.0333333333333337,33.766666666666666,1.2380952380952381,8.725,0.0,,1005.3833333333333,205.2173913043478,3.0083333333333333,20.14761904761905,,15.99047619047619,,0.0,1009.8857142857142,215.23809523809524,2.0333333333333337,18.561904761904763,0.0,12.114285714285714,,-0.5,1015.104761904762,258.0952380952381,3.033333333333333,18.561904761904763,0.0,12.114285714285714,,-0.5,1015.104761904762,258.0952380952381,3.033333333333333
2017-08-16,27.108333333333334,4.166666666666667,24.4375,-0.16666666666666666,-1.0,1017.9583333333334,103.04347826086956,1.5999999999999999,17.033333333333335,0.0,10.854166666666666,,0.0,1018.775,217.91666666666666,3.595833333333333,17.837500000000002,,9.545833333333333,,0.0,1016.3666666666667,292.0833333333333,2.795833333333333,32.949999999999996,0.4166666666666667,6.370833333333334,0.0,,1008.0708333333333,172.6086956521739,3.295833333333333,17.837500000000002,,9.545833333333333,,0.0,1016.3666666666667,292.0833333333333,2.795833333333333,17.033333333333335,0.0,10.854166666666666,,0.0,1018.775,217.91666666666666,3.595833333333333,17.033333333333335,0.0,10.854166666666666,,0.0,1018.775,217.91666666666666,3.595833333333333
2017-08-17,26.545833333333334,2.6315789473684212,23.791666666666668,10.75,154.5,1017.9652173913043,97.91666666666667,1.3083333333333333,19.408333333333335,0.0,15.125,,4.5,1011.3166666666666,212.91666666666666,5.720833333333334,19.620833333333334,,11.358333333333334,2.0,0.5,1014.8375,205.0,2.0791666666666666,33.22083333333333,1.0,4.191666666666666,0.0,,1010.0375,83.5,2.5208333333333335,19.620833333333334,,11.358333333333334,2.0,0.5,1014.8375,205.0,2.0791666666666666,19.408333333333335,0.0,15.125,,4.5,1011.3166666666666,212.91666666666666,5.720833333333334,19.408333333333335,0.0,15.125,,4.5,1011.3166666666666,212.91666666666666,5.720833333333334
2017-08-18,26.650000000000002,3.764705882352941,23.474999999999998,-0.08333333333333333,-1.0,1016.3041666666667,113.91304347826087,1.9708333333333332,15.979166666666666,0.0,11.791666666666666,,-0.5,1011.1083333333332,233.33333333333334,5.979166666666667,19.016666666666666,,17.808695652173913,29.444444444444443,68.0,1005.4125,102.08333333333333,2.75,33.8375,1.9166666666666667,3.8000000000000003,0.0,,1009.7833333333333,129.04761904761904,1.9541666666666666,19.016666666666666,,17.808695652173913,29.444444444444443,68.0,1005.4125,102.08333333333333,2.75,15.979166666666666,0.0,11.791666666666666,,-0.5,1011.1083333333332,233.33333333333334,5.979166666666667,15.979166666666666,0.0,11.791666666666666,,-0.5,1011.1083333333332,233.33333333333334,5.979166666666667
2017-08-19,27.875,3.5555555555555554,22.629166666666666,0.0,,1015.3217391304348,90.0,1.7166666666666668,16.004166666666666,0.0,9.674999999999999,,0.0,1017.1999999999999,260.4166666666667,6.3374999999999995,21.0,,16.875,2.0,0.5,1006.3208333333333,236.25,3.404166666666667,34.4375,3.217391304347826,9.233333333333333,0.0,,1008.2833333333333,178.2608695652174,2.5749999999999997,21.0,,16.875,2.0,0.5,1006.3208333333333,236.25,3.404166666666667,16.004166666666666,0.0,9.674999999999999,,0.0,1017.1999999999999,260.4166666666667,6.3374999999999995,16.004166666666666,0.0,9.674999999999999,,0.0,1017.1999999999999,260.4166666666667,6.3374999999999995
2017-08-20,27.045833333333334,4.8,25.166666666666668,-0.041666666666666664,3.0,1017.1833333333334,78.18181818181819,1.8875,15.012500000000001,0.0,10.204166666666667,,0.0,1023.2375000000001,233.75,3.7708333333333335,20.495652173913044,,16.02173913043478,,0.0,1014.2608695652174,259.5652173913044,3.2217391304347824,34.170833333333334,3.5,10.645833333333334,0.0,,1008.2291666666666,175.45454545454547,3.0749999999999997,20.495652173913044,,16.02173913043478,,0.0,1014.2608695652174,259.5652173913044,3.2217391304347824,15.012500000000001,0.0,10.204166666666667,,0.0,1023.2375000000001,233.75,3.7708333333333335,15.012500000000001,0.0,10.204166666666667,,0.0,1023.2375000000001,233.75,3.7708333333333335
2017-08-21,27.833333333333332,2.4761904761904763,24.304166666666664,-0.041666666666666664,0.0,1019.3874999999999,75.0,3.408333333333333,16.7,,15.370833333333332,,2.0,1021.2391304347826,113.75,2.6166666666666667,22.883333333333336,,17.943478260869565,,0.0,1015.7791666666667,213.75,3.6458333333333335,34.35,2.6315789473684212,11.658333333333333,0.0,,1009.6208333333334,188.2608695652174,3.5,22.883333333333336,,17.943478260869565,,0.0,1015.7791666666667,213.75,3.6458333333333335,16.7,,15.370833333333332,,2.0,1021.2391304347826,113.75,2.6166666666666667,16.7,,15.370833333333332,,2.0,1021.2391304347826,113.75,2.6166666666666667
2017-08-22,28.375,2.0869565217391304,23.579166666666666,0.0,0.0,1017.5500000000001,63.04347826086956,3.5083333333333333,19.341666666666665,,16.587500000000002,,0.0,1018.6125000000001,119.58333333333333,2.920833333333333,21.420833333333334,,19.495833333333334,83.25,82.5,1004.6666666666666,198.33333333333334,3.983333333333333,35.324999999999996,2.0952380952380953,11.154166666666667,0.0,,1009.8625000000001,215.0,2.408333333333333,21.420833333333334,,19.495833333333334,83.25,82.5,1004.6666666666666,198.33333333333334,3.983333333333333,19.341666666666665,,16.587500000000002,,0.0,1018.6125000000001,119.58333333333333,2.920833333333333,19.341666666666665,,16.587500000000002,,0.0,1018.6125000000001,119.58333333333333,2.920833333333333
2017-08-23,28.254166666666666,2.9473684210526314,24.458333333333332,-0.041666666666666664,0.0,1013.4666666666667,90.0,2.6999999999999997,18.558333333333334,0.0,14.608333333333334,,1.0,1013.6291666666666,202.08333333333334,4.070833333333334,18.075,,11.929166666666667,,0.0,1005.9499999999999,262.0833333333333,4.179166666666666,34.81666666666667,4.285714285714286,14.541666666666666,0.5833333333333334,20.0,1008.4875000000001,140.5,3.795833333333334,18.075,,11.929166666666667,,0.0,1005.9499999999999,262.0833333333333,4.179166666666666,18.558333333333334,0.0,14.608333333333334,,1.0,1013.6291666666666,202.08333333333334,4.070833333333334,18.558333333333334,0.0,14.608333333333334,,1.0,1013.6291666666666,202.08333333333334,4.070833333333334
2017-08-24,27.445833333333336,4.5,24.03333333333333,-0.125,0.0,1011.7875,105.21739130434783,2.795833333333333,17.141666666666666,0.0,12.145833333333334,,0.0,1017.0041666666666,243.75,3.5999999999999996,16.216666666666665,,9.4375,,0.0,1013.6750000000001,300.0,3.329166666666667,32.9,1.9,14.6875,-0.08333333333333333,-1.0,1006.8708333333334,131.42857142857142,2.75,16.216666666666665,,9.4375,,0.0,1013.6750000000001,300.0,3.329166666666667,17.141666666666666,0.0,12.145833333333334,,0.0,1017.0041666666666,243.75,3.5999999999999996,17.141666666666666,0.0,12.145833333333334,,0.0,1017.0041666666666,243.75,3.5999999999999996
2017-08-25,26.358333333333334,6.5,24.333333333333332,-0.16666666666666666,0.0,1013.0956521739131,143.33333333333334,3.533333333333333,18.241666666666667,0.0,11.941666666666668,,0.0,1017.1999999999999,255.0,1.7166666666666668,14.987499999999999,,8.845833333333333,,0.0,1020.3625000000001,299.1666666666667,2.2416666666666667,35.92916666666667,2.25,12.266666666666666,0.0,,1004.7958333333332,131.0,2.2708333333333335,14.987499999999999,,8.845833333333333,,0.0,1020.3625000000001,299.1666666666667,2.2416666666666667,18.241666666666667,0.0,11.941666666666668,,0.0,1017.1999999999999,255.0,1.7166666666666668,18.241666666666667,0.0,11.941666666666668,,0.0,1017.1999999999999,255.0,1.7166666666666668
2017-08-26,26.108333333333334,7.5,24.4375,2.0416666666666665,26.0,1013.4130434782609,163.63636363636363,4.029166666666667,19.474999999999998,0.0,12.833333333333334,,,1016.2416666666667,281.25,1.575,15.554166666666667,,8.604166666666666,,0.0,1024.5083333333334,257.9166666666667,1.45,36.37916666666667,3.6666666666666665,12.829166666666667,0.0,,1007.4291666666667,98.0952380952381,2.7583333333333333,15.554166666666667,,8.604166666666666,,0.0,1024.5083333333334,257.9166666666667,1.45,19.474999999999998,0.0,12.833333333333334,,,1016.2416666666667,281.25,1.575,19.474999999999998,0.0,12.833333333333334,,,1016.2416666666667,281.25,1.575
2017-08-27,25.733333333333334,8.0,24.662499999999998,2.0833333333333335,11.25,1010.9272727272728,191.25,3.4791666666666665,20.708333333333332,0.0,12.041666666666666,,0.0,1018.3375,142.08333333333334,2.0166666666666666,16.391666666666666,,10.029166666666667,,0.0,1025.3625,149.16666666666666,1.5583333333333333,36.97083333333333,4.285714285714286,13.0375,-0.041666666666666664,0.0,1008.5625,130.95238095238096,3.275,16.391666666666666,,10.029166666666667,,0.0,1025.3625,149.16666666666666,1.5583333333333333,20.708333333333332,0.0,12.041666666666666,,0.0,1018.3375,142.08333333333334,2.0166666666666666,20.708333333333332,0.0,12.041666666666666,,0.0,1018.3375,142.08333333333334,2.0166666666666666
2017-08-28,25.520833333333332,7.5,24.404166666666665,4.458333333333333,43.0,1010.525,200.0,4.879166666666666,21.358333333333334,0.0,14.766666666666666,,0.0,1017.4250000000001,186.25,2.5625,16.916666666666668,,10.283333333333333,,0.0,1024.925,97.5,2.095833333333333,37.56666666666667,3.25,10.762500000000001,0.0,,1008.0041666666666,84.58333333333333,3.6999999999999997,16.916666666666668,,10.283333333333333,,0.0,1024.925,97.5,2.095833333333333,21.358333333333334,0.0,14.766666666666666,,0.0,1017.4250000000001,186.25,2.5625,21.358333333333334,0.0,14.766666666666666,,0.0,1017.4250000000001,186.25,2.5625
2017-08-29,26.508333333333336,6.5,23.72083333333333,-0.08333333333333333,1.0,1014.025,235.41666666666666,3.579166666666667,20.029166666666665,0.0,14.779166666666667,,0.0,1013.3666666666667,273.75,2.5416666666666665,14.658333333333333,,11.408333333333333,,0.0,1022.9444444444445,91.66666666666667,1.1916666666666667,37.083333333333336,2.3636363636363638,11.033333333333333,0.0,,1007.6541666666667,118.0952380952381,2.6374999999999997,14.658333333333333,,11.408333333333333,,0.0,1022.9444444444445,91.66666666666667,1.1916666666666667,20.029166666666665,0.0,14.779166666666667,,0.0,1013.3666666666667,273.75,2.5416666666666665,20.029166666666665,0.0,14.779166666666667,,0.0,1013.3666666666667,273.75,2.5416666666666665
2017-08-30,27.67916666666667,2.5,23.0,0.0,,1016.1083333333332,56.81818181818182,1.0250000000000001,13.929166666666667,,10.604166666666666,,10.0,1013.3833333333333,269.1666666666667,2.5208333333333335,17.04285714285714,,10.895238095238096,,0.0,1012.92,265.23809523809524,1.6904761904761905,37.012499999999996,1.3333333333333333,11.266666666666666,0.0,,1006.3249999999999,126.66666666666667,3.091666666666667,17.04285714285714,,10.895238095238096,,0.0,1012.92,265.23809523809524,1.6904761904761905,13.929166666666667,,10.604166666666666,,10.0,1013.3833333333333,269.1666666666667,2.5208333333333335,13.929166666666667,,10.604166666666666,,10.0,1013.3833333333333,269.1666666666667,2.5208333333333335
2017-08-31,28.641666666666666,2.375,24.3875,0.5833333333333334,,1016.7913043478261,115.0,2.920833333333333,14.466666666666667,0.0,9.933333333333334,,-1.0,1017.1750000000001,227.91666666666666,2.2333333333333334,13.1,,7.504166666666666,3.0,0.75,1015.8130434782609,302.5,4.6125,36.512499999999996,2.0,5.595833333333334,0.0,,1006.4916666666667,114.0909090909091,3.4625,13.1,,7.504166666666666,3.0,0.75,1015.8130434782609,302.5,4.6125,14.466666666666667,0.0,9.933333333333334,,-1.0,1017.1750000000001,227.91666666666666,2.2333333333333334,14.466666666666667,0.0,9.933333333333334,,-1.0,1017.1750000000001,227.91666666666666,2.2333333333333334
2017-09-01,27.22083333333333,3.8461538461538463,23.816666666666666,5.041666666666667,12.666666666666666,1016.6833333333334,155.41666666666666,3.216666666666667,16.025000000000002,0.0,8.995833333333334,,0.0,1021.4875000000001,225.83333333333334,1.9041666666666668,11.174999999999999,,4.058333333333334,,0.0,1020.8291666666668,304.1666666666667,3.5416666666666665,36.37083333333333,2.3333333333333335,7.487500000000001,0.0,,1006.3541666666666,130.52631578947367,2.3291666666666666,11.174999999999999,,4.058333333333334,,0.0,1020.8291666666668,304.1666666666667,3.5416666666666665,16.025000000000002,0.0,8.995833333333334,,0.0,1021.4875000000001,225.83333333333334,1.9041666666666668,16.025000000000002,0.0,8.995833333333334,,0.0,1021.4875000000001,225.83333333333334,1.9041666666666668
2017-09-02,25.46666666666667,7.0,22.945833333333336,0.20833333333333334,52.5,1017.5708333333333,162.5,1.8166666666666667,15.658333333333333,0.0,9.179166666666667,,0.0,1021.8166666666666,243.75,2.004166666666667,12.841666666666667,,5.675,2.0,0.5,1021.2875,202.5,1.5,33.5625,4.545454545454546,18.5,0.0,,1009.9499999999999,156.0,3.5375,12.841666666666667,,5.675,2.0,0.5,1021.2875,202.5,1.5,15.658333333333333,0.0,9.179166666666667,,0.0,1021.8166666666666,243.75,2.004166666666667,15.658333333333333,0.0,9.179166666666667,,0.0,1021.8166666666666,243.75,2.004166666666667
2017-09-03,25.820833333333336,6.8,23.75,2.8333333333333335,50.666666666666664,1018.4956521739131,123.33333333333333,1.5708333333333335,13.8375,0.0,11.358333333333334,,0.0,1013.2624999999999,147.08333333333334,4.691666666666666,12.245833333333332,,10.862499999999999,6.153846153846154,17.5,1011.0208333333334,122.5,2.325,33.28333333333333,4.615384615384615,18.408333333333335,0.0,,1011.8333333333334,248.0952380952381,4.295833333333333,12.245833333333332,,10.862499999999999,6.153846153846154,17.5,1011.0208333333334,122.5,2.325,13.8375,0.0,11.358333333333334,,0.0,1013.2624999999999,147.08333333333334,4.691666666666666,13.8375,0.0,11.358333333333334,,0.0,1013.2624999999999,147.08333333333334,4.691666666666666
2017-09-04,26.77916666666667,5.0,23.558333333333334,-0.041666666666666664,0.0,1017.5916666666667,69.16666666666667,1.4958333333333333,17.779166666666665,,16.087500000000002,,16.0,1011.7791666666667,176.66666666666666,3.745833333333333,16.058333333333334,,14.450000000000001,18.77777777777778,32.25,1003.5749999999999,205.83333333333334,3.3791666666666664,33.487500000000004,3.142857142857143,17.775000000000002,0.0,,1009.0375,286.0,4.204166666666667,16.058333333333334,,14.450000000000001,18.77777777777778,32.25,1003.5749999999999,205.83333333333334,3.3791666666666664,17.779166666666665,,16.087500000000002,,16.0,1011.7791666666667,176.66666666666666,3.745833333333333,17.779166666666665,,16.087500000000002,,16.0,1011.7791666666667,176.66666666666666,3.745833333333333
2017-09-05,26.816666666666666,5.5,23.75,6.375,150.0,1015.4083333333333,70.43478260869566,1.0958333333333334,17.583333333333332,0.0,15.366666666666667,,1.0,1013.7666666666668,223.33333333333334,4.7875,16.995833333333334,,13.387500000000001,32.0,25.0,1004.2041666666668,252.91666666666666,2.466666666666667,35.275,2.857142857142857,14.308333333333332,0.0,,1008.2416666666667,120.0,2.404347826086956,16.995833333333334,,13.387500000000001,32.0,25.0,1004.2041666666668,252.91666666666666,2.466666666666667,17.583333333333332,0.0,15.366666666666667,,1.0,1013.7666666666668,223.33333333333334,4.7875,17.583333333333332,0.0,15.366666666666667,,1.0,1013.7666666666668,223.33333333333334,4.7875
2017-09-06,25.8625,4.666666666666667,24.454166666666666,3.4583333333333335,165.0,1013.9434782608696,117.08333333333333,1.2,15.791666666666666,0.0,9.616666666666665,,1.0,1018.9083333333333,274.5833333333333,4.304166666666666,15.424999999999999,,13.43913043478261,,0.0,1010.6958333333333,158.33333333333334,1.1791666666666667,36.275,1.9,9.8125,0.0,,1008.5749999999999,156.36363636363637,3.1125000000000003,15.424999999999999,,13.43913043478261,,0.0,1010.6958333333333,158.33333333333334,1.1791666666666667,15.791666666666666,0.0,9.616666666666665,,1.0,1018.9083333333333,274.5833333333333,4.304166666666666,15.791666666666666,0.0,9.616666666666665,,1.0,1018.9083333333333,274.5833333333333,4.304166666666666
2017-09-07,27.400000000000002,3.411764705882353,24.495833333333334,0.0,,1014.9227272727272,71.73913043478261,2.6416666666666666,15.85,,11.383333333333333,,-0.5,1013.9499999999999,240.0,4.604166666666667,14.845833333333333,,12.795652173913044,10.375,17.5,1007.9791666666666,178.33333333333334,1.5708333333333335,34.199999999999996,2.736842105263158,13.5625,-0.09523809523809523,-1.0,1007.9166666666666,170.0,3.2291666666666665,14.845833333333333,,12.795652173913044,10.375,17.5,1007.9791666666666,178.33333333333334,1.5708333333333335,15.85,,11.383333333333333,,-0.5,1013.9499999999999,240.0,4.604166666666667,15.85,,11.383333333333333,,-0.5,1013.9499999999999,240.0,4.604166666666667
2017-09-08,26.133333333333336,7.0,24.78333333333333,5.416666666666667,43.0,1014.5347826086957,104.16666666666667,4.6375,15.670833333333334,0.0,12.883333333333333,,24.5,999.9291666666667,240.83333333333334,5.375,12.558333333333332,,9.6,3.0,4.75,1016.6083333333332,293.3333333333333,3.7083333333333335,32.025,5.6,14.625,0.0,,1008.8874999999999,175.41666666666666,3.1958333333333333,12.558333333333332,,9.6,3.0,4.75,1016.6083333333332,293.3333333333333,3.7083333333333335,15.670833333333334,0.0,12.883333333333333,,24.5,999.9291666666667,240.83333333333334,5.375,15.670833333333334,0.0,12.883333333333333,,24.5,999.9291666666667,240.83333333333334,5.375
2017-09-09,25.849999999999998,5.6,24.216666666666665,-0.4583333333333333,-1.0,1011.4125,80.41666666666667,6.795833333333333,13.191666666666668,0.0,10.137500000000001,,5.0,997.9416666666666,269.1666666666667,4.054166666666666,13.5625,,6.729166666666667,,0.0,1026.9333333333334,330.4166666666667,3.4499999999999997,30.84583333333333,5.6,16.941666666666666,0.0,,1011.1041666666666,162.5,3.3791666666666664,13.5625,,6.729166666666667,,0.0,1026.9333333333334,330.4166666666667,3.4499999999999997,13.191666666666668,0.0,10.137500000000001,,5.0,997.9416666666666,269.1666666666667,4.054166666666666,13.191666666666668,0.0,10.137500000000001,,5.0,997.9416666666666,269.1666666666667,4.054166666666666
2017-09-10,24.491666666666664,8.2,24.370833333333334,51.625,257.25,1003.0619047619048,61.666666666666664,9.995833333333334,13.345833333333333,0.0,10.825000000000001,,-0.5,998.5416666666666,228.75,5.391666666666667,13.270833333333334,,6.945833333333333,,0.0,1029.7666666666667,308.75,1.7458333333333333,33.9125,1.9090909090909092,16.279166666666665,0.0,,1009.3041666666667,205.9090909090909,2.0791666666666666,13.270833333333334,,6.945833333333333,,0.0,1029.7666666666667,308.75,1.7458333333333333,13.345833333333333,0.0,10.825000000000001,,-0.5,998.5416666666666,228.75,5.391666666666667,13.345833333333333,0.0,10.825000000000001,,-0.5,998.5416666666666,228.75,5.391666666666667
2017-09-11,25.275000000000002,3.75,22.491666666666664,4.916666666666667,199.5,997.5190476190477,186.66666666666666,12.112499999999999,14.325000000000001,0.0,10.254166666666666,,2.0,994.2624999999999,248.33333333333334,7.566666666666666,15.258333333333333,,10.15,,0.0,1024.4333333333334,262.5,1.6291666666666667,36.15416666666667,1.75,12.779166666666667,0.0,,1008.3874999999999,136.36363636363637,2.6791666666666667,15.258333333333333,,10.15,,0.0,1024.4333333333334,262.5,1.6291666666666667,14.325000000000001,0.0,10.254166666666666,,2.0,994.2624999999999,248.33333333333334,7.566666666666666,14.325000000000001,0.0,10.254166666666666,,2.0,994.2624999999999,248.33333333333334,7.566666666666666
2017-09-12,26.020833333333332,2.857142857142857,20.941666666666666,0.0,,1010.475,244.16666666666666,3.6333333333333333,13.9375,0.0,9.654166666666667,,2.0,1004.0041666666666,237.5,6.154166666666666,17.120833333333334,,11.18695652173913,,0.0,1013.9,225.41666666666666,2.4083333333333337,36.55416666666667,2.8,12.091666666666667,0.0,,1006.6125000000001,206.66666666666666,3.1125000000000003,17.120833333333334,,11.18695652173913,,0.0,1013.9,225.41666666666666,2.4083333333333337,13.9375,0.0,9.654166666666667,,2.0,1004.0041666666666,237.5,6.154166666666666,13.9375,0.0,9.654166666666667,,2.0,1004.0041666666666,237.5,6.154166666666666
2017-09-13,26.683333333333334,2.1818181818181817,21.641666666666666,0.0,,1013.5375,104.34782608695652,2.0625,14.470833333333333,0.0,8.395833333333334,,9.5,999.025,253.33333333333334,9.354166666666666,18.829166666666666,,14.191666666666668,,0.0,1009.1416666666668,237.08333333333334,1.75,35.975,2.6,12.15,0.0,,1004.4583333333334,212.08333333333334,3.404166666666667,18.829166666666666,,14.191666666666668,,0.0,1009.1416666666668,237.08333333333334,1.75,14.470833333333333,0.0,8.395833333333334,,9.5,999.025,253.33333333333334,9.354166666666666,14.470833333333333,0.0,8.395833333333334,,9.5,999.025,253.33333333333334,9.354166666666666
2017-09-14,27.03333333333333,3.7142857142857144,23.46666666666667,26.875,130.0,1014.7608695652174,94.76190476190476,1.6708333333333334,12.083333333333334,0.0,7.541666666666667,,-1.0,1008.125,279.1666666666667,4.816666666666666,19.483333333333334,,14.495833333333332,,0.0,1009.7208333333333,282.0833333333333,1.1041666666666667,33.612500000000004,2.5833333333333335,13.262500000000001,0.0,,1004.2125,199.58333333333334,4.991666666666666,19.483333333333334,,14.495833333333332,,0.0,1009.7208333333333,282.0833333333333,1.1041666666666667,12.083333333333334,0.0,7.541666666666667,,-1.0,1008.125,279.1666666666667,4.816666666666666,12.083333333333334,0.0,7.541666666666667,,-1.0,1008.125,279.1666666666667,4.816666666666666
2017-09-15,26.666666666666668,3.5555555555555554,23.5125,0.08333333333333333,261.5,1015.8458333333333,75.9090909090909,2.6333333333333333,11.25,0.0,7.8125,,0.0,1013.1374999999999,292.5,2.725,19.454166666666666,,15.556521739130435,,0.0,1016.6875,177.5,0.9916666666666667,30.633333333333336,1.3333333333333333,9.008333333333333,0.0,,1005.8041666666667,207.61904761904762,3.470833333333333,19.454166666666666,,15.556521739130435,,0.0,1016.6875,177.5,0.9916666666666667,11.25,0.0,7.8125,,0.0,1013.1374999999999,292.5,2.725,11.25,0.0,7.8125,,0.0,1013.1374999999999,292.5,2.725
2017-09-16,27.34166666666667,3.411764705882353,23.2625,0.0,,1016.0541666666667,50.833333333333336,4.120833333333334,11.35,0.0,8.595833333333333,,1.0,1011.8458333333333,285.8333333333333,2.0833333333333335,20.895833333333332,,16.650000000000002,,0.0,1019.9666666666667,256.25,1.8416666666666668,29.995833333333334,1.0833333333333333,7.983333333333333,0.0,,1007.6291666666666,160.47619047619048,2.65,20.895833333333332,,16.650000000000002,,0.0,1019.9666666666667,256.25,1.8416666666666668,11.35,0.0,8.595833333333333,,1.0,1011.8458333333333,285.8333333333333,2.0833333333333335,11.35,0.0,8.595833333333333,,1.0,1011.8458333333333,285.8333333333333,2.0833333333333335
2017-09-17,26.45,2.4545454545454546,21.445833333333336,0.0,,1015.1708333333332,278.3333333333333,4.083333333333333,12.391666666666666,,9.366666666666667,,-0.5,1013.8083333333334,225.83333333333334,2.0375,21.46666666666667,,16.474999999999998,,0.0,1018.6958333333333,218.33333333333334,1.8,30.883333333333336,2.608695652173913,6.245833333333334,0.0,,1008.375,196.66666666666666,2.6416666666666666,21.46666666666667,,16.474999999999998,,0.0,1018.6958333333333,218.33333333333334,1.8,12.391666666666666,,9.366666666666667,,-0.5,1013.8083333333334,225.83333333333334,2.0375,12.391666666666666,,9.366666666666667,,-0.5,1013.8083333333334,225.83333333333334,2.0375
2017-09-18,25.412499999999998,2.4,22.358333333333334,0.20833333333333334,5.0,1014.1916666666666,199.58333333333334,4.475,12.92608695652174,,9.6,,1.5,1017.6173913043478,301.30434782608694,2.5695652173913044,20.431818181818183,,16.413636363636364,,0.0,1017.5227272727273,167.72727272727272,1.2363636363636363,30.354166666666668,0.08333333333333333,3.9291666666666667,0.0,,1009.0041666666666,161.8181818181818,3.033333333333333,20.431818181818183,,16.413636363636364,,0.0,1017.5227272727273,167.72727272727272,1.2363636363636363,12.92608695652174,,9.6,,1.5,1017.6173913043478,301.30434782608694,2.5695652173913044,12.92608695652174,,9.6,,1.5,1017.6173913043478,301.30434782608694,2.5695652173913044
2017-09-19,26.041666666666668,6.0,22.766666666666666,0.5833333333333334,20.0,1014.5347826086957,160.0,3.329166666666667,12.1,0.0,8.299999999999999,,15.0,1021.4,260.8333333333333,2.216666666666667,21.59583333333333,,18.039130434782606,,0.0,1016.4333333333334,178.33333333333334,1.575,29.837500000000002,1.3043478260869565,5.2250000000000005,0.0,,1006.9666666666667,170.41666666666666,3.85,21.59583333333333,,18.039130434782606,,0.0,1016.4333333333334,178.33333333333334,1.575,12.1,0.0,8.299999999999999,,15.0,1021.4,260.8333333333333,2.216666666666667,12.1,0.0,8.299999999999999,,15.0,1021.4,260.8333333333333,2.216666666666667
2017-09-20,26.691666666666666,2.1904761904761907,21.920833333333334,0.0,,1015.5916666666667,88.33333333333333,2.829166666666667,13.9375,0.0,10.954166666666666,,0.0,1018.8208333333333,197.91666666666666,3.3833333333333333,21.441666666666666,,17.733333333333334,,0.0,1016.4541666666668,179.16666666666666,2.1,29.791666666666668,0.9166666666666666,5.620833333333334,0.0,,1006.4208333333332,162.5,3.733333333333333,21.441666666666666,,17.733333333333334,,0.0,1016.4541666666668,179.16666666666666,2.1,13.9375,0.0,10.954166666666666,,0.0,1018.8208333333333,197.91666666666666,3.3833333333333333,13.9375,0.0,10.954166666666666,,0.0,1018.8208333333333,197.91666666666666,3.3833333333333333
2017-09-21,26.366666666666664,2.5,21.458333333333332,0.0,,1015.0416666666666,91.66666666666667,3.279166666666667,15.087499999999999,,12.208333333333334,,0.0,1015.6833333333334,201.25,4.2625,20.091666666666665,,13.883333333333333,,0.0,1019.4833333333332,89.58333333333333,1.7375,29.587500000000002,1.5833333333333333,3.2875,0.0,,1004.4666666666667,175.2173913043478,4.458333333333333,20.091666666666665,,13.883333333333333,,0.0,1019.4833333333332,89.58333333333333,1.7375,15.087499999999999,,12.208333333333334,,0.0,1015.6833333333334,201.25,4.2625,15.087499999999999,,12.208333333333334,,0.0,1015.6833333333334,201.25,4.2625
2017-09-22,25.620833333333334,2.933333333333333,22.95,2.25,60.0,1013.2416666666667,147.08333333333334,4.1875,12.6875,0.0,8.637500000000001,,1.0,1021.4083333333333,232.08333333333334,2.8333333333333335,19.383333333333333,,12.454166666666666,,0.0,1019.4375,201.25,0.9541666666666666,27.108333333333334,2.6956521739130435,6.0,0.0,,1003.7541666666666,223.91304347826087,3.6625,19.383333333333333,,12.454166666666666,,0.0,1019.4375,201.25,0.9541666666666666,12.6875,0.0,8.637500000000001,,1.0,1021.4083333333333,232.08333333333334,2.8333333333333335,12.6875,0.0,8.637500000000001,,1.0,1021.4083333333333,232.08333333333334,2.8333333333333335
2017-09-23,25.804166666666664,3.6923076923076925,23.454166666666666,1.1666666666666667,20.0,1012.1166666666667,120.83333333333333,4.095833333333333,15.512500000000001,0.0,10.1625,,-0.5,1021.6416666666668,150.83333333333334,3.608333333333333,21.47083333333333,,16.2625,,0.0,1016.5291666666667,252.5,1.7791666666666668,24.670833333333334,1.5833333333333333,-2.4041666666666663,0.0,,1004.525,170.95238095238096,2.7083333333333335,21.47083333333333,,16.2625,,0.0,1016.5291666666667,252.5,1.7791666666666668,15.512500000000001,0.0,10.1625,,-0.5,1021.6416666666668,150.83333333333334,3.608333333333333,15.512500000000001,0.0,10.1625,,-0.5,1021.6416666666668,150.83333333333334,3.608333333333333
2017-09-24,26.849999999999998,3.272727272727273,22.8,0.0,8.0,1011.8666666666667,131.25,3.8666666666666667,16.445833333333333,0.0,11.279166666666667,,0.0,1019.2541666666666,109.16666666666667,3.5833333333333335,24.349999999999998,,19.575,,0.0,1016.8041666666667,247.5,2.2583333333333333,23.679166666666664,0.0,-3.725,0.0,,1006.8041666666667,201.36363636363637,2.2375000000000003,24.349999999999998,,19.575,,0.0,1016.8041666666667,247.5,2.2583333333333333,16.445833333333333,0.0,11.279166666666667,,0.0,1019.2541666666666,109.16666666666667,3.5833333333333335,16.445833333333333,0.0,11.279166666666667,,0.0,1019.2541666666666,109.16666666666667,3.5833333333333335
2017-09-25,27.120833333333334,2.5714285714285716,22.566666666666666,0.0,,1011.5666666666666,243.63636363636363,2.6166666666666667,16.204166666666666,,14.016666666666666,,6.0,1019.6416666666668,62.916666666666664,2.1458333333333335,24.583333333333332,,17.770833333333332,,0.0,1016.275,250.0,1.2791666666666666,24.400000000000002,1.4,-5.8125,0.0,,1006.2916666666666,185.0,1.8916666666666666,24.583333333333332,,17.770833333333332,,0.0,1016.275,250.0,1.2791666666666666,16.204166666666666,,14.016666666666666,,6.0,1019.6416666666668,62.916666666666664,2.1458333333333335,16.204166666666666,,14.016666666666666,,6.0,1019.6416666666668,62.916666666666664,2.1458333333333335
2017-09-26,27.479166666666668,4.5,22.325,0.0,,1012.0875,143.63636363636363,2.158333333333333,16.383333333333333,0.0,12.804166666666667,,0.0,1022.1166666666667,80.41666666666667,2.183333333333333,23.77916666666667,,18.4875,,0.0,1013.5208333333334,218.75,1.5666666666666667,24.675,2.5,-3.8541666666666665,0.0,,1006.35,172.17391304347825,2.5749999999999997,23.77916666666667,,18.4875,,0.0,1013.5208333333334,218.75,1.5666666666666667,16.383333333333333,0.0,12.804166666666667,,0.0,1022.1166666666667,80.41666666666667,2.183333333333333,16.383333333333333,0.0,12.804166666666667,,0.0,1022.1166666666667,80.41666666666667,2.183333333333333
2017-09-27,27.662499999999998,2.857142857142857,22.462500000000002,0.0,,1011.9666666666667,77.72727272727273,2.0,15.870833333333332,0.0,13.554166666666667,,0.0,1019.375,126.25,3.5416666666666665,22.295833333333334,,17.4375,105.0,27.5,1007.6750000000001,224.16666666666666,3.8791666666666664,26.4875,1.8888888888888888,-2.4833333333333334,0.0,,1008.3458333333333,146.1904761904762,1.9708333333333332,22.295833333333334,,17.4375,105.0,27.5,1007.6750000000001,224.16666666666666,3.8791666666666664,15.870833333333332,0.0,13.554166666666667,,0.0,1019.375,126.25,3.5416666666666665,15.870833333333332,0.0,13.554166666666667,,0.0,1019.375,126.25,3.5416666666666665
2017-09-28,27.454166666666666,2.1,22.583333333333332,0.0,,1012.6541666666667,87.72727272727273,2.0458333333333334,16.441666666666666,,13.433333333333332,,62.0,1018.0708333333333,204.16666666666666,3.5583333333333336,12.479999999999999,,5.826666666666667,,0.0,1013.2933333333333,308.6666666666667,3.8666666666666667,27.245833333333334,1.1666666666666667,3.3708333333333336,0.0,,1009.4666666666667,155.83333333333334,1.6958333333333335,12.479999999999999,,5.826666666666667,,0.0,1013.2933333333333,308.6666666666667,3.8666666666666667,16.441666666666666,,13.433333333333332,,62.0,1018.0708333333333,204.16666666666666,3.5583333333333336,16.441666666666666,,13.433333333333332,,62.0,1018.0708333333333,204.16666666666666,3.5583333333333336
2017-09-29,26.3625,5.142857142857143,23.72083333333333,0.041666666666666664,3.0,1013.4125,80.8695652173913,2.3874999999999997,16.220833333333335,,13.674999999999999,,2.0,1016.0500000000001,212.91666666666666,4.129166666666666,10.686666666666667,,5.073333333333333,,0.0,1017.9666666666667,243.33333333333334,3.0466666666666664,28.599999999999998,1.5833333333333333,5.125,0.0,,1008.3791666666666,142.85714285714286,2.0,10.686666666666667,,5.073333333333333,,0.0,1017.9666666666667,243.33333333333334,3.0466666666666664,16.220833333333335,,13.674999999999999,,2.0,1016.0500000000001,212.91666666666666,4.129166666666666,16.220833333333335,,13.674999999999999,,2.0,1016.0500000000001,212.91666666666666,4.129166666666666
2017-09-30,25.779166666666665,6.8,23.870833333333334,4.5,26.333333333333332,1012.8652173913044,216.25,3.1166666666666667,13.908333333333333,0.0,10.370833333333334,,-1.0,1016.4416666666666,205.0,4.008333333333334,10.424999999999999,,3.654166666666667,,0.0,1025.6916666666666,257.0833333333333,2.9250000000000003,29.141666666666666,1.5833333333333333,3.525,0.0,,1007.2583333333333,125.45454545454545,2.3833333333333333,10.424999999999999,,3.654166666666667,,0.0,1025.6916666666666,257.0833333333333,2.9250000000000003,13.908333333333333,0.0,10.370833333333334,,-1.0,1016.4416666666666,205.0,4.008333333333334,13.908333333333333,0.0,10.370833333333334,,-1.0,1016.4416666666666,205.0,4.008333333333334
2017-10-01,25.008333333333336,5.111111111111111,23.433333333333334,0.2727272727272727,70.0,1014.9869565217392,85.41666666666667,4.429166666666666,16.3125,,14.525,,11.0,1010.8958333333334,196.25,5.891666666666667,9.958333333333334,,4.733333333333333,,0.0,1027.0041666666668,270.4166666666667,2.1,28.537499999999998,0.6666666666666666,2.4291666666666667,0.0,,1004.0416666666666,131.30434782608697,3.0833333333333335,9.958333333333334,,4.733333333333333,,0.0,1027.0041666666668,270.4166666666667,2.1,16.3125,,14.525,,11.0,1010.8958333333334,196.25,5.891666666666667,16.3125,,14.525,,11.0,1010.8958333333334,196.25,5.891666666666667
2017-10-02,25.34583333333333,4.4,20.525,0.75,7.5,1018.6875,60.833333333333336,5.883333333333333,14.783333333333333,,9.495833333333334,,0.0,1013.3166666666666,258.75,7.300000000000001,12.112499999999999,,5.970833333333334,,0.0,1029.4750000000001,194.58333333333334,0.9541666666666666,27.3125,0.0,4.5249999999999995,0.0,,1002.5041666666666,155.0,3.0500000000000003,12.112499999999999,,5.970833333333334,,0.0,1029.4750000000001,194.58333333333334,0.9541666666666666,14.783333333333333,,9.495833333333334,,0.0,1013.3166666666666,258.75,7.300000000000001,14.783333333333333,,9.495833333333334,,0.0,1013.3166666666666,258.75,7.300000000000001
2017-10-03,25.337500000000002,4.444444444444445,21.420833333333334,-0.3333333333333333,-1.0,1020.7666666666668,55.416666666666664,7.75,12.237499999999999,0.0,6.5625,,0.0,1022.6833333333334,277.0833333333333,3.845833333333333,14.220833333333333,,8.170833333333333,,0.0,1029.7666666666667,133.75,2.6416666666666666,27.90416666666667,0.0,4.641666666666667,0.0,,1006.8000000000001,146.08695652173913,3.1291666666666664,14.220833333333333,,8.170833333333333,,0.0,1029.7666666666667,133.75,2.6416666666666666,12.237499999999999,0.0,6.5625,,0.0,1022.6833333333334,277.0833333333333,3.845833333333333,12.237499999999999,0.0,6.5625,,0.0,1022.6833333333334,277.0833333333333,3.845833333333333
2017-10-04,24.554166666666664,2.5454545454545454,20.333333333333332,0.5,6.333333333333333,1019.6083333333332,51.666666666666664,7.120833333333334,12.475,,7.55,,0.0,1021.9541666666668,247.08333333333334,5.904166666666666,17.8875,,14.512500000000001,19.75,20.0,1018.1750000000001,211.25,3.7583333333333333,29.208333333333332,0.6666666666666666,5.845833333333334,0.0,,1009.8625000000001,159.0,2.058333333333333,17.8875,,14.512500000000001,19.75,20.0,1018.1750000000001,211.25,3.7583333333333333,12.475,,7.55,,0.0,1021.9541666666668,247.08333333333334,5.904166666666666,12.475,,7.55,,0.0,1021.9541666666668,247.08333333333334,5.904166666666666
2017-10-05,23.491666666666664,6.4,22.77916666666667,9.416666666666666,79.33333333333333,1014.7739130434783,63.333333333333336,5.283333333333333,14.083333333333334,0.0,7.620833333333334,,3.0,1017.5583333333334,288.3333333333333,6.254166666666666,14.537500000000001,,9.820833333333333,,0.0,1016.0208333333334,267.0833333333333,2.983333333333333,30.183333333333334,2.210526315789474,4.0874999999999995,0.0,,1008.1083333333332,196.52173913043478,2.3375,14.537500000000001,,9.820833333333333,,0.0,1016.0208333333334,267.0833333333333,2.983333333333333,14.083333333333334,0.0,7.620833333333334,,3.0,1017.5583333333334,288.3333333333333,6.254166666666666,14.083333333333334,0.0,7.620833333333334,,3.0,1017.5583333333334,288.3333333333333,6.254166666666666
2017-10-06,25.679166666666664,6.5,24.233333333333334,0.9166666666666666,10.0,1014.0708333333333,88.33333333333333,3.3333333333333335,11.691666666666668,0.0,5.8999999999999995,,0.0,1025.7041666666667,289.5833333333333,3.5416666666666665,13.950000000000001,,8.966666666666667,,0.0,1016.5875,240.0,2.504166666666667,28.34166666666667,0.3333333333333333,-2.1374999999999997,0.0,,1008.7041666666668,199.1304347826087,2.4833333333333334,13.950000000000001,,8.966666666666667,,0.0,1016.5875,240.0,2.504166666666667,11.691666666666668,0.0,5.8999999999999995,,0.0,1025.7041666666667,289.5833333333333,3.5416666666666665,11.691666666666668,0.0,5.8999999999999995,,0.0,1025.7041666666667,289.5833333333333,3.5416666666666665
2017-10-07,27.395833333333332,4.857142857142857,25.175,1.875,50.0,1014.2125,125.83333333333333,3.733333333333333,14.091666666666667,0.0,10.508333333333333,,-0.5,1018.2458333333334,257.0833333333333,5.2749999999999995,14.941666666666668,,13.643478260869566,9.333333333333334,7.5,1012.0333333333333,143.75,2.025,27.2375,0.4166666666666667,-5.316666666666666,0.0,,1006.6875,123.0,1.4124999999999999,14.941666666666668,,13.643478260869566,9.333333333333334,7.5,1012.0333333333333,143.75,2.025,14.091666666666667,0.0,10.508333333333333,,-0.5,1018.2458333333334,257.0833333333333,5.2749999999999995,14.091666666666667,0.0,10.508333333333333,,-0.5,1018.2458333333334,257.0833333333333,5.2749999999999995
2017-10-08,27.175,4.666666666666667,24.84166666666667,6.875,170.0,1013.8166666666666,151.66666666666666,3.7291666666666665,13.633333333333333,0.0,9.679166666666667,,2.0,1020.0416666666666,292.9166666666667,2.620833333333333,19.766666666666666,,15.470833333333333,15.5,15.0,1006.1541666666667,210.0,5.141666666666667,26.458333333333332,0.3333333333333333,-3.9916666666666667,0.0,,1003.2416666666667,138.1818181818182,2.9375,19.766666666666666,,15.470833333333333,15.5,15.0,1006.1541666666667,210.0,5.141666666666667,13.633333333333333,0.0,9.679166666666667,,2.0,1020.0416666666666,292.9166666666667,2.620833333333333,13.633333333333333,0.0,9.679166666666667,,2.0,1020.0416666666666,292.9166666666667,2.620833333333333
2017-10-09,27.291666666666668,5.333333333333333,24.295833333333334,-0.125,-0.3333333333333333,1015.2708333333334,116.52173913043478,3.158333333333333,13.637500000000001,0.0,10.483333333333333,,0.0,1018.9166666666666,236.25,2.783333333333333,14.954166666666666,,14.137500000000001,11.166666666666666,17.5,1011.5041666666666,161.25,1.8875000000000002,25.2625,0.0,-3.225,0.0,,1008.4083333333333,141.0,2.9458333333333333,14.954166666666666,,14.137500000000001,11.166666666666666,17.5,1011.5041666666666,161.25,1.8875000000000002,13.637500000000001,0.0,10.483333333333333,,0.0,1018.9166666666666,236.25,2.783333333333333,13.637500000000001,0.0,10.483333333333333,,0.0,1018.9166666666666,236.25,2.783333333333333
2017-10-10,27.2,3.4444444444444446,23.829166666666666,0.0,,1016.9958333333334,85.41666666666667,3.7624999999999997,14.262500000000001,0.0,11.879166666666668,,0.0,1015.1833333333334,225.0,5.345833333333334,14.620833333333332,,11.987499999999999,2.0,0.5,1017.2875,260.0,2.779166666666667,25.645833333333332,1.8333333333333333,-3.983333333333333,0.0,,1012.1541666666667,112.27272727272727,2.5375,14.620833333333332,,11.987499999999999,2.0,0.5,1017.2875,260.0,2.779166666666667,14.262500000000001,0.0,11.879166666666668,,0.0,1015.1833333333334,225.0,5.345833333333334,14.262500000000001,0.0,11.879166666666668,,0.0,1015.1833333333334,225.0,5.345833333333334
2017-10-11,26.245833333333334,2.1739130434782608,22.46666666666667,0.0,,1016.1958333333333,65.83333333333333,3.908333333333333,15.100000000000001,0.0,11.975,,0.5,1011.3916666666668,219.58333333333334,7.254166666666666,8.983333333333333,,2.658333333333333,,0.0,1026.4958333333334,127.5,2.6875,28.337500000000002,1.25,3.3708333333333336,0.0,,1008.4,136.66666666666666,2.4291666666666667,8.983333333333333,,2.658333333333333,,0.0,1026.4958333333334,127.5,2.6875,15.100000000000001,0.0,11.975,,0.5,1011.3916666666668,219.58333333333334,7.254166666666666,15.100000000000001,0.0,11.975,,0.5,1011.3916666666668,219.58333333333334,7.254166666666666
2017-10-12,25.320833333333336,2.8421052631578947,21.233333333333334,0.0,,1014.9833333333332,64.16666666666667,4.825,13.108333333333334,0.0,9.270833333333334,,8.0,1019.8833333333333,227.5,4.445833333333334,9.095833333333333,,1.9958333333333333,,0.0,1029.6416666666667,65.83333333333333,2.8874999999999997,26.979166666666668,1.0,1.55,0.0,,1009.2875,130.95238095238096,2.3875,9.095833333333333,,1.9958333333333333,,0.0,1029.6416666666667,65.83333333333333,2.8874999999999997,13.108333333333334,0.0,9.270833333333334,,8.0,1019.8833333333333,227.5,4.445833333333334,13.108333333333334,0.0,9.270833333333334,,8.0,1019.8833333333333,227.5,4.445833333333334
2017-10-13,25.770833333333332,2.727272727272727,23.483333333333334,-0.3333333333333333,0.6666666666666666,1016.3583333333332,91.73913043478261,5.308333333333334,16.2375,0.0,13.895833333333334,,0.0,1022.1166666666667,212.5,5.366666666666667,11.1875,,6.108333333333333,,0.0,1024.5291666666667,137.08333333333334,2.9916666666666667,27.316666666666666,1.0,1.5916666666666668,0.0,,1010.9499999999999,145.23809523809524,2.0375,11.1875,,6.108333333333333,,0.0,1024.5291666666667,137.08333333333334,2.9916666666666667,16.2375,0.0,13.895833333333334,,0.0,1022.1166666666667,212.5,5.366666666666667,16.2375,0.0,13.895833333333334,,0.0,1022.1166666666667,212.5,5.366666666666667
2017-10-14,25.895833333333332,3.111111111111111,22.337500000000002,0.5833333333333334,9.5,1018.5500000000001,62.5,4.7375,16.941666666666666,0.0,13.958333333333334,,0.0,1023.7708333333334,200.41666666666666,4.258333333333334,14.7875,,13.56086956521739,2.0,0.5,1020.5583333333334,239.16666666666666,1.7916666666666667,26.679166666666664,0.75,3.1666666666666665,0.0,,1012.5875,138.69565217391303,1.8958333333333333,14.7875,,13.56086956521739,2.0,0.5,1020.5583333333334,239.16666666666666,1.7916666666666667,16.941666666666666,0.0,13.958333333333334,,0.0,1023.7708333333334,200.41666666666666,4.258333333333334,16.941666666666666,0.0,13.958333333333334,,0.0,1023.7708333333334,200.41666666666666,4.258333333333334
2017-10-15,26.608333333333334,2.5714285714285716,23.104166666666668,-0.041666666666666664,0.0,1017.2083333333334,71.25,3.8375,15.004166666666668,0.0,12.770833333333334,,0.0,1018.2125,165.83333333333334,3.3166666666666664,15.525,,13.795833333333334,17.363636363636363,50.0,1004.4291666666667,193.75,5.416666666666667,27.020833333333332,1.1666666666666667,-3.9125,0.0,,1015.8625000000001,125.9090909090909,1.5666666666666667,15.525,,13.795833333333334,17.363636363636363,50.0,1004.4291666666667,193.75,5.416666666666667,15.004166666666668,0.0,12.770833333333334,,0.0,1018.2125,165.83333333333334,3.3166666666666664,15.004166666666668,0.0,12.770833333333334,,0.0,1018.2125,165.83333333333334,3.3166666666666664
2017-10-16,26.058333333333334,3.111111111111111,23.28333333333333,3.2916666666666665,80.0,1015.0347826086957,114.0909090909091,1.4708333333333332,16.395833333333332,0.0,12.25,,0.0,1015.9583333333334,159.16666666666666,5.345833333333334,5.320833333333334,,0.0,,0.0,1019.3333333333334,291.6666666666667,3.6166666666666667,28.858333333333334,1.2380952380952381,1.3125,0.0,,1015.3291666666668,121.81818181818181,2.466666666666667,5.320833333333334,,0.0,,0.0,1019.3333333333334,291.6666666666667,3.6166666666666667,16.395833333333332,0.0,12.25,,0.0,1015.9583333333334,159.16666666666666,5.345833333333334,16.395833333333332,0.0,12.25,,0.0,1015.9583333333334,159.16666666666666,5.345833333333334
2017-10-17,23.666666666666668,6.4,21.75,1.7083333333333333,24.5,1017.0041666666666,131.66666666666666,5.2875000000000005,12.629166666666668,0.0,7.75,,0.0,1018.8000000000001,201.25,4.016666666666667,8.475,,3.6,,0.0,1019.1291666666666,201.66666666666666,4.945833333333334,29.329166666666666,2.1818181818181817,7.5625,0.0,,1012.4875000000001,112.0,1.325,8.475,,3.6,,0.0,1019.1291666666666,201.66666666666666,4.945833333333334,12.629166666666668,0.0,7.75,,0.0,1018.8000000000001,201.25,4.016666666666667,12.629166666666668,0.0,7.75,,0.0,1018.8000000000001,201.25,4.016666666666667
2017-10-18,23.1375,5.0,20.983333333333334,2.7916666666666665,25.0,1018.8782608695652,70.41666666666667,5.179166666666666,13.229166666666666,,11.645833333333334,,1.0,1011.7791666666667,77.91666666666667,2.2666666666666666,13.345833333333333,,8.154166666666667,,0.0,1019.7624999999999,208.33333333333334,3.216666666666667,28.90833333333333,4.4,6.329166666666667,0.0,,1010.125,120.45454545454545,1.9583333333333333,13.345833333333333,,8.154166666666667,,0.0,1019.7624999999999,208.33333333333334,3.216666666666667,13.229166666666666,,11.645833333333334,,1.0,1011.7791666666667,77.91666666666667,2.2666666666666666,13.229166666666666,,11.645833333333334,,1.0,1011.7791666666667,77.91666666666667,2.2666666666666666
2017-10-19,24.370833333333334,2.3076923076923075,21.40833333333333,0.08333333333333333,3.0,1018.5166666666668,158.75,5.354166666666667,15.4,,14.233333333333334,,5.0,1003.7875,140.0,4.133333333333334,14.120833333333332,,7.4125000000000005,,0.0,1012.9833333333332,208.75,5.1000000000000005,29.02916666666667,4.285714285714286,4.816666666666666,0.0,,1006.4791666666666,147.14285714285714,2.920833333333333,14.120833333333332,,7.4125000000000005,,0.0,1012.9833333333332,208.75,5.1000000000000005,15.4,,14.233333333333334,,5.0,1003.7875,140.0,4.133333333333334,15.4,,14.233333333333334,,5.0,1003.7875,140.0,4.133333333333334
2017-10-20,24.65833333333333,3.125,20.295833333333334,-0.08333333333333333,1.5,1019.3833333333333,46.666666666666664,4.933333333333334,13.275,,9.508333333333333,,4.5,1004.0124999999999,212.08333333333334,6.866666666666667,12.416666666666666,,3.6916666666666664,,0.0,1018.4625,243.33333333333334,3.420833333333333,25.6875,2.4,6.495833333333334,0.0,,1006.0791666666668,165.65217391304347,4.220833333333333,12.416666666666666,,3.6916666666666664,,0.0,1018.4625,243.33333333333334,3.420833333333333,13.275,,9.508333333333333,,4.5,1004.0124999999999,212.08333333333334,6.866666666666667,13.275,,9.508333333333333,,4.5,1004.0124999999999,212.08333333333334,6.866666666666667
2017-10-21,24.633333333333336,4.0,20.558333333333334,-0.041666666666666664,-1.0,1020.1083333333332,65.41666666666667,4.691666666666666,13.604166666666666,,9.85,,4.0,1002.3291666666668,210.83333333333334,8.200000000000001,14.2125,,8.25,,0.0,1022.4041666666667,204.16666666666666,2.4458333333333333,23.6125,2.25,6.754166666666666,0.0,,1012.2416666666667,238.2608695652174,2.1750000000000003,14.2125,,8.25,,0.0,1022.4041666666667,204.16666666666666,2.4458333333333333,13.604166666666666,,9.85,,4.0,1002.3291666666668,210.83333333333334,8.200000000000001,13.604166666666666,,9.85,,4.0,1002.3291666666668,210.83333333333334,8.200000000000001
2017-10-22,25.875,4.25,22.666666666666668,-0.041666666666666664,0.0,1019.4125,98.33333333333333,3.9250000000000003,11.391666666666666,0.0,6.216666666666666,,-0.5,1013.0208333333334,264.5833333333333,6.9624999999999995,13.920833333333334,,8.325000000000001,,0.0,1023.9375,94.58333333333333,1.575,24.541666666666668,0.16666666666666666,-1.9958333333333333,0.0,,1017.9291666666667,149.04761904761904,1.5583333333333333,13.920833333333334,,8.325000000000001,,0.0,1023.9375,94.58333333333333,1.575,11.391666666666666,0.0,6.216666666666666,,-0.5,1013.0208333333334,264.5833333333333,6.9624999999999995,11.391666666666666,0.0,6.216666666666666,,-0.5,1013.0208333333334,264.5833333333333,6.9624999999999995
2017-10-23,25.179166666666664,7.0,23.141666666666666,1.4166666666666667,10.0,1016.0458333333332,173.33333333333334,4.041666666666667,13.5875,,12.0625,,0.5,1017.7333333333332,208.75,3.8125,15.216666666666667,,10.141666666666667,,0.0,1016.7083333333334,106.25,2.8833333333333333,26.283333333333335,0.4166666666666667,-0.7708333333333334,0.0,,1016.5458333333332,139.54545454545453,1.6916666666666667,15.216666666666667,,10.141666666666667,,0.0,1016.7083333333334,106.25,2.8833333333333333,13.5875,,12.0625,,0.5,1017.7333333333332,208.75,3.8125,13.5875,,12.0625,,0.5,1017.7333333333332,208.75,3.8125
2017-10-24,23.025000000000002,3.7142857142857144,20.158333333333335,-0.08333333333333333,14.5,1012.9291666666667,190.0,1.6958333333333335,16.383333333333333,,14.237499999999999,,-0.5,1017.9499999999999,216.66666666666666,5.825,15.816666666666668,,12.883333333333333,15.875,30.0,1003.7875,155.0,3.341666666666667,28.95,0.3333333333333333,-0.5583333333333332,0.0,,1015.3000000000001,85.83333333333333,3.3541666666666665,15.816666666666668,,12.883333333333333,15.875,30.0,1003.7875,155.0,3.341666666666667,16.383333333333333,,14.237499999999999,,-0.5,1017.9499999999999,216.66666666666666,5.825,16.383333333333333,,14.237499999999999,,-0.5,1017.9499999999999,216.66666666666666,5.825
2017-10-25,17.804166666666667,2.0,8.095833333333333,0.0,,1013.8208333333333,298.3333333333333,4.683333333333334,15.283333333333333,0.0,10.950000000000001,,0.5,1020.3583333333332,244.16666666666666,4.158333333333333,10.891666666666666,,5.375,,1.5,1005.0166666666668,199.58333333333334,3.5124999999999997,28.358333333333334,0.0,1.6083333333333334,0.0,,1012.1875,87.91666666666667,3.15,10.891666666666666,,5.375,,1.5,1005.0166666666668,199.58333333333334,3.5124999999999997,15.283333333333333,0.0,10.950000000000001,,0.5,1020.3583333333332,244.16666666666666,4.158333333333333,15.283333333333333,0.0,10.950000000000001,,0.5,1020.3583333333332,244.16666666666666,4.158333333333333
2017-10-26,16.370833333333334,0.0,6.6875,0.0,,1016.85,162.08333333333334,3.5374999999999996,12.770833333333334,0.0,12.15,,-0.5,1024.8625,241.66666666666666,1.5666666666666667,7.558333333333334,,3.1958333333333333,,0.0,1008.8625000000001,281.25,2.8041666666666667,25.924999999999997,0.8333333333333334,1.5791666666666666,0.0,,1009.0791666666668,139.56521739130434,2.404166666666667,7.558333333333334,,3.1958333333333333,,0.0,1008.8625000000001,281.25,2.8041666666666667,12.770833333333334,0.0,12.15,,-0.5,1024.8625,241.66666666666666,1.5666666666666667,12.770833333333334,0.0,12.15,,-0.5,1024.8625,241.66666666666666,1.5666666666666667
2017-10-27,18.808333333333334,1.7272727272727273,12.362499999999999,0.0,,1017.2541666666666,145.41666666666666,3.275,11.504166666666668,0.0,7.279166666666666,,0.0,1032.7041666666667,283.3333333333333,2.25,6.966666666666666,,2.7291666666666665,,0.0,1013.0041666666666,199.16666666666666,3.0500000000000003,25.3125,0.5,-0.3875,0.0,,1009.5333333333333,96.66666666666667,1.675,6.966666666666666,,2.7291666666666665,,0.0,1013.0041666666666,199.16666666666666,3.0500000000000003,11.504166666666668,0.0,7.279166666666666,,0.0,1032.7041666666667,283.3333333333333,2.25,11.504166666666668,0.0,7.279166666666666,,0.0,1032.7041666666667,283.3333333333333,2.25
2017-10-28,21.041666666666668,3.1666666666666665,17.912499999999998,1.3333333333333333,0.0,1011.5666666666666,93.33333333333333,2.158333333333333,10.825000000000001,0.0,8.370833333333334,,0.0,1026.3374999999999,262.9166666666667,5.125,10.070833333333333,,6.6625000000000005,7.857142857142857,5.0,1008.9125,135.0,3.2916666666666665,25.325000000000003,1.5833333333333333,-0.5,0.0,,1009.0708333333333,88.75,2.275,10.070833333333333,,6.6625000000000005,7.857142857142857,5.0,1008.9125,135.0,3.2916666666666665,10.825000000000001,0.0,8.370833333333334,,0.0,1026.3374999999999,262.9166666666667,5.125,10.825000000000001,0.0,8.370833333333334,,0.0,1026.3374999999999,262.9166666666667,5.125
2017-10-29,17.3625,1.3333333333333333,10.4,0.08333333333333333,19.5,1008.0541666666667,238.33333333333334,5.495833333333334,12.1,0.0,6.55,,-0.5,1023.1541666666667,238.75,4.133333333333334,7.75,,6.921739130434782,14.227272727272727,62.5,1005.9,234.58333333333334,2.8541666666666665,25.516666666666666,0.4166666666666667,0.2916666666666667,0.0,,1008.4833333333332,98.57142857142857,1.9749999999999999,7.75,,6.921739130434782,14.227272727272727,62.5,1005.9,234.58333333333334,2.8541666666666665,12.1,0.0,6.55,,-0.5,1023.1541666666667,238.75,4.133333333333334,12.1,0.0,6.55,,-0.5,1023.1541666666667,238.75,4.133333333333334
2017-10-30,13.2875,0.0,2.2666666666666666,0.0,,1017.975,285.0,3.6791666666666667,7.383333333333333,0.0,3.0833333333333335,,0.0,1030.7666666666667,275.4166666666667,1.3916666666666666,7.995833333333334,,4.425,58.15384615384615,212.5,989.0428571428572,260.4166666666667,7.6499999999999995,23.19583333333333,2.7777777777777777,3.35,0.0,,1006.6666666666666,103.80952380952381,2.5749999999999997,7.995833333333334,,4.425,58.15384615384615,212.5,989.0428571428572,260.4166666666667,7.6499999999999995,7.383333333333333,0.0,3.0833333333333335,,0.0,1030.7666666666667,275.4166666666667,1.3916666666666666,7.383333333333333,0.0,3.0833333333333335,,0.0,1030.7666666666667,275.4166666666667,1.3916666666666666
2017-10-31,16.366666666666667,1.1666666666666667,8.799999999999999,0.0,,1020.8208333333333,135.65217391304347,1.7791666666666668,9.991666666666667,0.0,6.516666666666667,,0.0,1026.1791666666666,231.66666666666666,3.7249999999999996,6.054166666666667,,0.3208333333333333,,0.0,1009.2208333333333,225.41666666666666,5.6000000000000005,22.358333333333334,4.545454545454546,8.8125,0.0,,1009.2041666666668,129.16666666666666,2.3125,6.054166666666667,,0.3208333333333333,,0.0,1009.2208333333333,225.41666666666666,5.6000000000000005,9.991666666666667,0.0,6.516666666666667,,0.0,1026.1791666666666,231.66666666666666,3.7249999999999996,9.991666666666667,0.0,6.516666666666667,,0.0,1026.1791666666666,231.66666666666666,3.7249999999999996
2017-11-01,20.099999999999998,3.125,14.216666666666667,0.0,,1020.0708333333333,187.27272727272728,3.0500000000000003,11.108333333333334,0.0,7.983333333333333,,0.0,1019.2916666666666,205.0,2.466666666666667,3.470833333333333,,2.2416666666666667,5.636363636363637,9.5,1023.5083333333333,124.16666666666667,2.0208333333333335,22.825,3.111111111111111,8.525,0.0,,1010.3583333333332,166.66666666666666,3.0041666666666664,3.470833333333333,,2.2416666666666667,5.636363636363637,9.5,1023.5083333333333,124.16666666666667,2.0208333333333335,11.108333333333334,0.0,7.983333333333333,,0.0,1019.2916666666666,205.0,2.466666666666667,11.108333333333334,0.0,7.983333333333333,,0.0,1019.2916666666666,205.0,2.466666666666667
2017-11-02,21.545833333333334,2.6,16.841666666666665,0.0,,1020.525,115.41666666666667,3.5500000000000003,8.529166666666667,0.0,7.104166666666667,,1.0,1015.9541666666668,231.25,1.2625,8.6875,,8.070833333333333,12.3,45.0,1016.3708333333334,108.75,3.470833333333333,22.52916666666667,2.210526315789474,11.8375,0.0,,1013.5208333333334,145.5,2.1708333333333334,8.6875,,8.070833333333333,12.3,45.0,1016.3708333333334,108.75,3.470833333333333,8.529166666666667,0.0,7.104166666666667,,1.0,1015.9541666666668,231.25,1.2625,8.529166666666667,0.0,7.104166666666667,,1.0,1015.9541666666668,231.25,1.2625
2017-11-03,22.079166666666666,2.769230769230769,18.708333333333332,-0.041666666666666664,0.0,1019.1833333333334,217.08333333333334,4.808333333333334,10.708333333333334,6.0,8.85,,0.0,1013.6416666666668,201.66666666666666,1.3166666666666667,8.808333333333334,,4.716666666666667,23.2,52.5,1017.2166666666667,282.9166666666667,4.554166666666666,22.224999999999998,1.8333333333333333,11.054166666666667,0.0,,1014.975,133.33333333333334,2.433333333333333,8.808333333333334,,4.716666666666667,23.2,52.5,1017.2166666666667,282.9166666666667,4.554166666666666,10.708333333333334,6.0,8.85,,0.0,1013.6416666666668,201.66666666666666,1.3166666666666667,10.708333333333334,6.0,8.85,,0.0,1013.6416666666668,201.66666666666666,1.3166666666666667
2017-11-04,22.125,1.391304347826087,18.733333333333334,0.0,,1017.1999999999999,203.33333333333334,4.266666666666667,11.112499999999999,0.0,9.254166666666666,,6.0,1005.0041666666666,216.25,3.5124999999999997,2.2624999999999997,,-1.2958333333333334,,0.0,1028.5291666666667,170.0,2.658333333333333,23.087500000000002,6.0,11.108333333333333,-0.041666666666666664,0.0,1011.6916666666666,177.91666666666666,2.341666666666667,2.2624999999999997,,-1.2958333333333334,,0.0,1028.5291666666667,170.0,2.658333333333333,11.112499999999999,0.0,9.254166666666666,,6.0,1005.0041666666666,216.25,3.5124999999999997,11.112499999999999,0.0,9.254166666666666,,6.0,1005.0041666666666,216.25,3.5124999999999997
2017-11-05,22.75,2.388888888888889,19.958333333333332,0.0,,1016.9916666666667,186.08695652173913,4.116666666666666,6.3625,0.0,3.233333333333333,,0.0,1014.7958333333332,287.5,3.720833333333333,6.575,,5.545833333333333,7.555555555555555,26.75,1014.5375,100.41666666666667,4.175,22.133333333333336,3.25,10.395833333333334,0.0,,1013.4125,184.54545454545453,1.9958333333333333,6.575,,5.545833333333333,7.555555555555555,26.75,1014.5375,100.41666666666667,4.175,6.3625,0.0,3.233333333333333,,0.0,1014.7958333333332,287.5,3.720833333333333,6.3625,0.0,3.233333333333333,,0.0,1014.7958333333332,287.5,3.720833333333333
2017-11-06,23.412499999999998,3.0,20.658333333333335,0.0,,1017.8375,188.69565217391303,3.1166666666666667,6.129166666666666,0.0,3.2375000000000003,,1.0,1025.0416666666667,220.0,2.3625000000000003,8.116666666666667,,3.4869565217391307,5.0,13.75,1013.0749999999999,287.5,5.141666666666667,21.4875,3.142857142857143,7.595833333333334,0.0,,1015.15,99.0,2.1374999999999997,8.116666666666667,,3.4869565217391307,5.0,13.75,1013.0749999999999,287.5,5.141666666666667,6.129166666666666,0.0,3.2375000000000003,,1.0,1025.0416666666667,220.0,2.3625000000000003,6.129166666666666,0.0,3.2375000000000003,,1.0,1025.0416666666667,220.0,2.3625000000000003
2017-11-07,22.866666666666664,2.0,18.608333333333334,0.0,,1017.375,151.8181818181818,2.0208333333333335,9.670833333333333,,7.379166666666666,,-0.5,1017.9,199.16666666666666,4.779166666666667,1.6041666666666667,,-4.883333333333334,,0.0,1024.9291666666666,238.75,2.3958333333333335,22.695833333333336,7.0,7.729166666666667,0.0,,1015.3000000000001,148.33333333333334,1.7583333333333335,1.6041666666666667,,-4.883333333333334,,0.0,1024.9291666666666,238.75,2.3958333333333335,9.670833333333333,,7.379166666666666,,-0.5,1017.9,199.16666666666666,4.779166666666667,9.670833333333333,,7.379166666666666,,-0.5,1017.9,199.16666666666666,4.779166666666667
2017-11-08,22.8,2.5,18.3,0.0,,1016.2695652173913,156.36363636363637,1.625,6.575,0.0,3.3874999999999997,,25.0,1022.6291666666666,324.1666666666667,2.5875,3.733333333333334,,-2.245833333333333,,0.0,1023.5041666666666,193.33333333333334,3.470833333333333,23.083333333333332,3.076923076923077,10.125,0.0,,1014.5458333333332,159.58333333333334,1.8708333333333333,3.733333333333334,,-2.245833333333333,,0.0,1023.5041666666666,193.33333333333334,3.470833333333333,6.575,0.0,3.3874999999999997,,25.0,1022.6291666666666,324.1666666666667,2.5875,6.575,0.0,3.3874999999999997,,25.0,1022.6291666666666,324.1666666666667,2.5875
2017-11-09,22.90833333333333,4.857142857142857,19.425,0.0,,1015.9250000000001,108.69565217391305,0.9874999999999999,8.379166666666666,0.0,6.320833333333333,,0.0,1023.6583333333333,252.5,2.4458333333333333,2.954166666666667,,-1.0208333333333333,10.0,0.0,1014.1,191.25,4.908333333333333,23.724999999999998,2.2,8.966666666666667,0.0,,1012.2666666666668,110.0,1.4333333333333333,2.954166666666667,,-1.0208333333333333,10.0,0.0,1014.1,191.25,4.908333333333333,8.379166666666666,0.0,6.320833333333333,,0.0,1023.6583333333333,252.5,2.4458333333333333,8.379166666666666,0.0,6.320833333333333,,0.0,1023.6583333333333,252.5,2.4458333333333333
2017-11-10,20.095833333333335,4.0,17.429166666666667,0.0,,1018.2833333333333,158.33333333333334,4.758333333333334,9.908333333333333,,4.441666666666666,,-0.5,1019.975,272.5,5.004166666666666,-7.372727272727272,,-13.836363636363636,,7.5,1026.5454545454545,288.6363636363636,7.413636363636363,22.425,2.5217391304347827,6.995833333333334,0.0,,1011.0625,111.30434782608695,1.55,-7.372727272727272,,-13.836363636363636,,7.5,1026.5454545454545,288.6363636363636,7.413636363636363,9.908333333333333,,4.441666666666666,,-0.5,1019.975,272.5,5.004166666666666,9.908333333333333,,4.441666666666666,,-0.5,1019.975,272.5,5.004166666666666
2017-11-11,21.087500000000002,2.6666666666666665,18.258333333333333,0.2916666666666667,4.5,1020.3375,123.33333333333333,5.191666666666666,8.620833333333334,,7.545833333333333,,4.5,1011.9625,204.16666666666666,2.125,-5.708333333333333,,-11.441666666666668,,0.0,1035.4624999999999,225.83333333333334,2.3125,22.179166666666664,2.8181818181818183,4.1875,0.0,,1012.3291666666668,97.27272727272727,1.8499999999999999,-5.708333333333333,,-11.441666666666668,,0.0,1035.4624999999999,225.83333333333334,2.3125,8.620833333333334,,7.545833333333333,,4.5,1011.9625,204.16666666666666,2.125,8.620833333333334,,7.545833333333333,,4.5,1011.9625,204.16666666666666,2.125
2017-11-12,22.633333333333336,6.0,19.270833333333332,-0.25,1.0,1021.1916666666666,55.0,5.391666666666667,6.8625,0.0,2.829166666666667,,0.5,1012.4625,300.4166666666667,4.433333333333334,-1.075,,-7.516666666666667,,0.0,1030.2541666666666,105.83333333333333,1.5,21.833333333333332,3.2,1.0833333333333333,0.0,,1014.6166666666667,110.9090909090909,1.2666666666666668,-1.075,,-7.516666666666667,,0.0,1030.2541666666666,105.83333333333333,1.5,6.8625,0.0,2.829166666666667,,0.5,1012.4625,300.4166666666667,4.433333333333334,6.8625,0.0,2.829166666666667,,0.5,1012.4625,300.4166666666667,4.433333333333334
2017-11-13,22.275000000000002,3.8461538461538463,18.758333333333333,0.0,,1019.7666666666668,81.66666666666667,5.320833333333334,4.958333333333333,0.0,0.27499999999999997,,0.0,1025.7291666666667,297.0833333333333,2.8208333333333333,-0.07083333333333332,,-6.425,,0.0,1029.4166666666667,65.0,1.9083333333333334,23.4375,6.0,1.9666666666666668,0.0,,1015.3625000000001,124.34782608695652,1.929166666666667,-0.07083333333333332,,-6.425,,0.0,1029.4166666666667,65.0,1.9083333333333334,4.958333333333333,0.0,0.27499999999999997,,0.0,1025.7291666666667,297.0833333333333,2.8208333333333333,4.958333333333333,0.0,0.27499999999999997,,0.0,1025.7291666666667,297.0833333333333,2.8208333333333333
2017-11-14,20.545833333333334,2.3529411764705883,17.479166666666668,0.0,,1017.0458333333332,185.83333333333334,6.570833333333333,9.041666666666666,,6.683333333333334,,1.0,1024.0125,236.66666666666666,3.8125,0.6166666666666667,,-5.5874999999999995,,0.0,1028.4583333333333,137.08333333333334,0.7958333333333334,22.212500000000002,3.3846153846153846,0.13749999999999998,0.0,,1014.0333333333333,121.81818181818181,1.7333333333333334,0.6166666666666667,,-5.5874999999999995,,0.0,1028.4583333333333,137.08333333333334,0.7958333333333334,9.041666666666666,,6.683333333333334,,1.0,1024.0125,236.66666666666666,3.8125,9.041666666666666,,6.683333333333334,,1.0,1024.0125,236.66666666666666,3.8125
2017-11-15,18.704166666666666,1.6842105263157894,15.420833333333334,0.0,,1015.7166666666667,195.83333333333334,5.675,10.304166666666667,,9.637500000000001,,-0.5,1024.2,232.5,1.8708333333333333,1.3291666666666668,,-3.3125,,0.0,1020.7083333333334,129.58333333333334,2.6875,21.483333333333334,3.6666666666666665,-0.625,0.0,,1013.1958333333333,129.16666666666666,1.6333333333333335,1.3291666666666668,,-3.3125,,0.0,1020.7083333333334,129.58333333333334,2.6875,10.304166666666667,,9.637500000000001,,-0.5,1024.2,232.5,1.8708333333333333,10.304166666666667,,9.637500000000001,,-0.5,1024.2,232.5,1.8708333333333333
2017-11-16,18.3125,3.230769230769231,14.170833333333334,0.0,,1016.9958333333334,259.5833333333333,4.475,10.5875,0.0,7.866666666666667,,0.0,1023.4708333333333,263.3333333333333,3.0625,4.220833333333333,,1.570833333333333,2.857142857142857,5.0,1005.25,207.91666666666666,5.983333333333333,22.037499999999998,3.0526315789473686,-0.16666666666666666,0.0,,1012.5416666666666,116.25,2.0458333333333334,4.220833333333333,,1.570833333333333,2.857142857142857,5.0,1005.25,207.91666666666666,5.983333333333333,10.5875,0.0,7.866666666666667,,0.0,1023.4708333333333,263.3333333333333,3.0625,10.5875,0.0,7.866666666666667,,0.0,1023.4708333333333,263.3333333333333,3.0625
2017-11-17,18.233333333333334,1.1666666666666667,13.020833333333334,0.0,,1018.2166666666667,173.91304347826087,3.279166666666667,5.154166666666667,0.0,1.3041666666666667,,1.0,1029.175,295.8333333333333,1.7,-3.0708333333333333,,-9.229166666666666,,0.0,1019.4166666666666,269.5833333333333,4.879166666666666,21.2,5.333333333333333,1.9541666666666666,0.0,,1012.8874999999999,150.8695652173913,2.629166666666667,-3.0708333333333333,,-9.229166666666666,,0.0,1019.4166666666666,269.5833333333333,4.879166666666666,5.154166666666667,0.0,1.3041666666666667,,1.0,1029.175,295.8333333333333,1.7,5.154166666666667,0.0,1.3041666666666667,,1.0,1029.175,295.8333333333333,1.7
2017-11-18,19.266666666666666,1.3333333333333333,14.016666666666667,0.0,,1015.7541666666666,155.45454545454547,1.7375,6.945833333333333,,4.875,,-0.5,1023.0958333333333,264.5833333333333,3.4375,-2.379166666666667,,-6.2375,2.5,0.75,1004.1750000000001,71.25,3.8499999999999996,19.425,1.7142857142857142,2.4833333333333334,0.0,,1016.9958333333334,157.91666666666666,1.8291666666666666,-2.379166666666667,,-6.2375,2.5,0.75,1004.1750000000001,71.25,3.8499999999999996,6.945833333333333,,4.875,,-0.5,1023.0958333333333,264.5833333333333,3.4375,6.945833333333333,,4.875,,-0.5,1023.0958333333333,264.5833333333333,3.4375
2017-11-19,19.016666666666666,1.5555555555555556,15.933333333333332,-0.08333333333333333,-1.0,1013.7041666666668,219.58333333333334,3.8666666666666667,5.495833333333334,0.0,2.5791666666666666,,0.5,1023.4583333333334,274.1666666666667,2.341666666666667,-1.4333333333333333,,-4.116666666666666,4.1,10.75,995.7875,265.8333333333333,2.5791666666666666,18.958333333333332,0.46153846153846156,-4.879166666666666,0.0,,1014.975,135.0,1.8583333333333334,-1.4333333333333333,,-4.116666666666666,4.1,10.75,995.7875,265.8333333333333,2.5791666666666666,5.495833333333334,0.0,2.5791666666666666,,0.5,1023.4583333333334,274.1666666666667,2.341666666666667,5.495833333333334,0.0,2.5791666666666666,,0.5,1023.4583333333334,274.1666666666667,2.341666666666667
2017-11-20,17.45,2.1052631578947367,10.695833333333333,0.0,,1019.1333333333333,187.91666666666666,4.754166666666666,10.279166666666667,,8.700000000000001,,2.0,1015.9416666666666,229.16666666666666,5.020833333333333,-5.566666666666666,,-10.233333333333333,,0.0,1012.3208333333333,245.83333333333334,4.029166666666667,18.629166666666666,3.8181818181818183,-3.154166666666667,0.0,,1014.7458333333334,78.69565217391305,1.3458333333333332,-5.566666666666666,,-10.233333333333333,,0.0,1012.3208333333333,245.83333333333334,4.029166666666667,10.279166666666667,,8.700000000000001,,2.0,1015.9416666666666,229.16666666666666,5.020833333333333,10.279166666666667,,8.700000000000001,,2.0,1015.9416666666666,229.16666666666666,5.020833333333333
2017-11-21,19.516666666666666,4.857142857142857,17.495833333333334,0.3333333333333333,5.0,1016.0521739130435,81.66666666666667,2.8125,12.858333333333334,,10.116666666666667,,-0.5,1010.0124999999999,230.83333333333334,6.179166666666667,1.7333333333333334,,-2.6041666666666665,7.0,2.5,1007.6,146.66666666666666,3.5999999999999996,18.841666666666665,4.8,-1.1333333333333333,0.0,,1016.875,133.04347826086956,1.7208333333333334,1.7333333333333334,,-2.6041666666666665,7.0,2.5,1007.6,146.66666666666666,3.5999999999999996,12.858333333333334,,10.116666666666667,,-0.5,1010.0124999999999,230.83333333333334,6.179166666666667,12.858333333333334,,10.116666666666667,,-0.5,1010.0124999999999,230.83333333333334,6.179166666666667
2017-11-22,20.558333333333334,5.454545454545454,18.191666666666666,-0.041666666666666664,,1014.3181818181819,112.5,3.1958333333333333,14.345833333333333,0.0,9.4375,,0.0,997.875,204.16666666666666,8.4625,-0.8416666666666667,,-4.729166666666667,4.5,7.5,1016.7791666666667,292.9166666666667,3.904166666666667,22.0625,1.6666666666666667,-0.5375,0.0,,1017.7166666666667,113.18181818181819,2.129166666666667,-0.8416666666666667,,-4.729166666666667,4.5,7.5,1016.7791666666667,292.9166666666667,3.904166666666667,14.345833333333333,0.0,9.4375,,0.0,997.875,204.16666666666666,8.4625,14.345833333333333,0.0,9.4375,,0.0,997.875,204.16666666666666,8.4625
2017-11-23,21.537499999999998,7.5,20.070833333333333,0.5,6.333333333333333,1011.0208333333334,131.7391304347826,3.1458333333333335,11.112499999999999,0.0,5.5874999999999995,,3.5,997.4958333333334,232.08333333333334,7.741666666666667,-3.3874999999999997,,-7.075,,0.0,1016.2583333333333,208.33333333333334,3.1458333333333335,22.354166666666668,1.8333333333333333,2.2291666666666665,0.0,,1015.0166666666668,70.8695652173913,0.9916666666666667,-3.3874999999999997,,-7.075,,0.0,1016.2583333333333,208.33333333333334,3.1458333333333335,11.112499999999999,0.0,5.5874999999999995,,3.5,997.4958333333334,232.08333333333334,7.741666666666667,11.112499999999999,0.0,5.5874999999999995,,3.5,997.4958333333334,232.08333333333334,7.741666666666667
2017-11-24,17.404166666666665,5.428571428571429,16.599999999999998,-0.3333333333333333,-0.5,1012.1666666666666,234.16666666666666,3.0833333333333335,5.658333333333334,0.0,2.5875,,-0.5,1010.5708333333333,281.6666666666667,1.675,4.341666666666667,,-1.3791666666666667,,0.0,1007.4208333333332,207.5,4.420833333333333,21.462500000000002,1.5,2.566666666666667,0.0,,1011.6166666666667,94.28571428571429,2.0958333333333337,4.341666666666667,,-1.3791666666666667,,0.0,1007.4208333333332,207.5,4.420833333333333,5.658333333333334,0.0,2.5875,,-0.5,1010.5708333333333,281.6666666666667,1.675,5.658333333333334,0.0,2.5875,,-0.5,1010.5708333333333,281.6666666666667,1.675
2017-11-25,15.9125,3.0588235294117645,13.0,0.0,,1016.5208333333334,108.69565217391305,0.8583333333333334,3.016666666666667,0.0,0.10416666666666667,,1.0,1016.4958333333334,271.6666666666667,3.808333333333333,5.495833333333334,,1.2916666666666667,7.0,12.5,1001.0333333333333,251.25,3.9499999999999997,21.704166666666666,1.75,2.9625,0.0,,1015.1166666666667,109.0909090909091,1.8916666666666666,5.495833333333334,,1.2916666666666667,7.0,12.5,1001.0333333333333,251.25,3.9499999999999997,3.016666666666667,0.0,0.10416666666666667,,1.0,1016.4958333333334,271.6666666666667,3.808333333333333,3.016666666666667,0.0,0.10416666666666667,,1.0,1016.4958333333334,271.6666666666667,3.808333333333333
2017-11-26,17.308333333333334,3.0,11.799999999999999,0.0,,1018.0124999999999,218.69565217391303,1.6458333333333333,4.216666666666667,0.0,1.0916666666666668,,0.0,1023.9416666666666,256.25,4.725,-2.3,,-5.43125,6.0,13.0,1011.14375,245.0,3.79375,21.620833333333334,1.3333333333333333,1.4375,0.0,,1015.1666666666666,83.63636363636364,1.5875000000000001,-2.3,,-5.43125,6.0,13.0,1011.14375,245.0,3.79375,4.216666666666667,0.0,1.0916666666666668,,0.0,1023.9416666666666,256.25,4.725,4.216666666666667,0.0,1.0916666666666668,,0.0,1023.9416666666666,256.25,4.725
2017-11-27,17.6375,2.7,14.020833333333334,0.0,,1019.0208333333334,100.83333333333333,2.720833333333333,8.333333333333334,,5.766666666666667,,6.0,1013.6750000000001,250.0,6.516666666666667,-6.3625,,-11.954166666666666,,2.25,1019.4583333333334,280.4166666666667,4.320833333333334,20.158333333333335,2.4615384615384617,1.3208333333333335,0.0,,1009.7958333333332,174.58333333333334,3.5625,-6.3625,,-11.954166666666666,,2.25,1019.4583333333334,280.4166666666667,4.320833333333334,8.333333333333334,,5.766666666666667,,6.0,1013.6750000000001,250.0,6.516666666666667,8.333333333333334,,5.766666666666667,,6.0,1013.6750000000001,250.0,6.516666666666667
2017-11-28,21.075,2.3333333333333335,17.808333333333334,0.0,,1021.0291666666667,82.08333333333333,3.9291666666666667,4.420833333333333,0.0,1.2791666666666666,,-1.0,1008.75,291.25,3.5416666666666665,-2.1416666666666666,,-7.845833333333332,,0.0,1018.3375,116.25,4.1375,17.662499999999998,3.8,0.4375,0.0,,1013.75,156.08695652173913,1.7666666666666666,-2.1416666666666666,,-7.845833333333332,,0.0,1018.3375,116.25,4.1375,4.420833333333333,0.0,1.2791666666666666,,-1.0,1008.75,291.25,3.5416666666666665,4.420833333333333,0.0,1.2791666666666666,,-1.0,1008.75,291.25,3.5416666666666665
2017-11-29,22.333333333333332,2.347826086956522,18.479166666666668,0.0,,1021.0434782608696,49.166666666666664,4.529166666666667,3.8874999999999997,0.0,0.6083333333333333,,-0.5,1010.7291666666666,326.25,3.9166666666666665,2.316666666666667,,-2.920833333333333,2.5,1.25,1019.3375000000001,258.75,3.3874999999999997,19.1875,7.5,1.6666666666666667,0.0,,1015.9041666666667,139.04761904761904,1.7916666666666667,2.316666666666667,,-2.920833333333333,2.5,1.25,1019.3375000000001,258.75,3.3874999999999997,3.8874999999999997,0.0,0.6083333333333333,,-0.5,1010.7291666666666,326.25,3.9166666666666665,3.8874999999999997,0.0,0.6083333333333333,,-0.5,1010.7291666666666,326.25,3.9166666666666665
2017-11-30,21.175,2.2,17.479166666666668,0.0,,1019.3818181818183,178.75,3.745833333333333,2.058333333333333,0.0,-2.75,,0.0,1012.4125,310.0,4.254166666666666,-1.4625000000000001,,-4.545833333333333,9.2,7.5,1017.0,128.33333333333334,2.0166666666666666,20.333333333333332,8.0,2.6333333333333333,0.0,,1015.7125,132.17391304347825,1.5208333333333333,-1.4625000000000001,,-4.545833333333333,9.2,7.5,1017.0,128.33333333333334,2.0166666666666666,2.058333333333333,0.0,-2.75,,0.0,1012.4125,310.0,4.254166666666666,2.058333333333333,0.0,-2.75,,0.0,1012.4125,310.0,4.254166666666666
2017-12-01,20.470833333333335,1.0833333333333333,15.612499999999999,0.0,,1019.3708333333334,134.16666666666666,2.6625,4.3500000000000005,0.0,0.46249999999999997,,-0.5,1020.9375,291.25,4.3125,2.5708333333333333,,-1.0166666666666668,,5.0,1020.975,240.41666666666666,2.5166666666666666,19.616666666666667,6.5,4.379166666666666,0.0,,1013.8125,104.58333333333333,1.7541666666666667,2.5708333333333333,,-1.0166666666666668,,5.0,1020.975,240.41666666666666,2.5166666666666666,4.3500000000000005,0.0,0.46249999999999997,,-0.5,1020.9375,291.25,4.3125,4.3500000000000005,0.0,0.46249999999999997,,-0.5,1020.9375,291.25,4.3125
2017-12-02,21.091666666666665,2.4761904761904763,16.608333333333334,0.0,,1020.2875,79.04761904761905,1.225,4.516666666666667,,2.2041666666666666,,-0.5,1027.0666666666666,271.25,2.2708333333333335,1.2375,,-1.4124999999999999,,0.0,1023.9,67.08333333333333,1.7458333333333333,21.079166666666666,4.0,4.2749999999999995,0.0,,1013.8583333333332,81.73913043478261,1.7166666666666668,1.2375,,-1.4124999999999999,,0.0,1023.9,67.08333333333333,1.7458333333333333,4.516666666666667,,2.2041666666666666,,-0.5,1027.0666666666666,271.25,2.2708333333333335,4.516666666666667,,2.2041666666666666,,-0.5,1027.0666666666666,271.25,2.2708333333333335
2017-12-03,20.216666666666665,2.2666666666666666,15.8125,0.0,,1019.9375,142.08333333333334,1.8833333333333335,8.200000000000001,,6.875,,2.0,1026.9833333333333,294.1666666666667,2.725,0.9583333333333334,,-1.7083333333333333,,0.0,1023.3041666666667,67.5,2.3375,20.183333333333334,2.2857142857142856,4.9375,0.0,,1011.7791666666667,100.0,2.3625000000000003,0.9583333333333334,,-1.7083333333333333,,0.0,1023.3041666666667,67.5,2.3375,8.200000000000001,,6.875,,2.0,1026.9833333333333,294.1666666666667,2.725,8.200000000000001,,6.875,,2.0,1026.9833333333333,294.1666666666667,2.725
2017-12-04,20.270833333333332,2.923076923076923,16.908333333333335,0.0,,1021.5958333333333,147.91666666666666,3.5208333333333335,7.616666666666667,,5.0125,,0.0,1033.3458333333333,282.9166666666667,2.766666666666667,1.0458333333333334,,-1.4708333333333334,,0.0,1026.0916666666667,79.16666666666667,3.75,16.7375,5.2,0.8666666666666666,0.0,,1011.5875,188.75,2.9375,1.0458333333333334,,-1.4708333333333334,,0.0,1026.0916666666667,79.16666666666667,3.75,7.616666666666667,,5.0125,,0.0,1033.3458333333333,282.9166666666667,2.766666666666667,7.616666666666667,,5.0125,,0.0,1033.3458333333333,282.9166666666667,2.766666666666667
2017-12-05,21.53333333333333,2.869565217391304,17.433333333333334,0.0,,1021.6750000000001,131.7391304347826,2.3541666666666665,7.970833333333332,,4.358333333333333,,0.0,1035.4083333333333,255.41666666666666,3.8499999999999996,7.220833333333334,,4.1125,5.625,9.5,1008.0708333333333,161.25,6.120833333333334,13.745833333333332,6.5,-5.716666666666668,0.7083333333333334,20.0,1016.775,223.33333333333334,2.154166666666667,7.220833333333334,,4.1125,5.625,9.5,1008.0708333333333,161.25,6.120833333333334,7.970833333333332,,4.358333333333333,,0.0,1035.4083333333333,255.41666666666666,3.8499999999999996,7.970833333333332,,4.358333333333333,,0.0,1035.4083333333333,255.41666666666666,3.8499999999999996
2017-12-06,21.849999999999998,2.4761904761904763,17.870833333333334,0.0,,1018.65,151.66666666666666,1.95,9.504166666666666,,4.629166666666666,,0.0,1027.3458333333335,212.5,5.304166666666666,1.440909090909091,,-8.549999999999999,,1.0,1006.8227272727272,223.1818181818182,6.490909090909091,16.3125,1.7272727272727273,0.07083333333333336,-0.041666666666666664,0.0,1018.3874999999999,128.33333333333334,1.1583333333333334,1.440909090909091,,-8.549999999999999,,1.0,1006.8227272727272,223.1818181818182,6.490909090909091,9.504166666666666,,4.629166666666666,,0.0,1027.3458333333335,212.5,5.304166666666666,9.504166666666666,,4.629166666666666,,0.0,1027.3458333333335,212.5,5.304166666666666
2017-12-07,19.0125,7.0,17.866666666666667,-0.16666666666666666,-1.0,1016.1304347826087,83.75,2.858333333333333,8.916666666666666,0.0,6.079166666666667,,9.5,1010.5416666666666,238.33333333333334,6.516666666666667,-0.5285714285714286,,-5.578571428571428,,0.0,1009.4,234.28571428571428,3.85,15.079166666666666,0.25,-16.204166666666666,0.0,,1024.5166666666667,81.73913043478261,3.6875,-0.5285714285714286,,-5.578571428571428,,0.0,1009.4,234.28571428571428,3.85,8.916666666666666,0.0,6.079166666666667,,9.5,1010.5416666666666,238.33333333333334,6.516666666666667,8.916666666666666,0.0,6.079166666666667,,9.5,1010.5416666666666,238.33333333333334,6.516666666666667
2017-12-08,21.875,6.5,18.825,-0.3333333333333333,-0.5,1010.6173913043478,156.08695652173913,4.204166666666667,2.829166666666667,0.0,-1.3708333333333333,,0.0,1015.7583333333333,277.9166666666667,5.804166666666667,-1.0,,-6.5,,,1010.1,211.0,6.2,12.245833333333332,0.4166666666666667,-8.208333333333334,0.0,,1025.9583333333333,68.26086956521739,1.4166666666666667,-1.0,,-6.5,,,1010.1,211.0,6.2,2.829166666666667,0.0,-1.3708333333333333,,0.0,1015.7583333333333,277.9166666666667,5.804166666666667,2.829166666666667,0.0,-1.3708333333333333,,0.0,1015.7583333333333,277.9166666666667,5.804166666666667
2017-12-09,14.258333333333333,3.4,10.545833333333333,3.5416666666666665,29.333333333333332,1012.3125,280.0,6.5249999999999995,1.3541666666666667,0.0,-1.8666666666666665,,0.0,1015.1,250.83333333333334,3.9749999999999996,-2.0625,,-5.00625,3.0,0.0,1010.0,99.3125,2.325,15.112499999999999,2.1176470588235294,-7.375,0.0,,1024.2208333333333,77.91666666666667,3.329166666666667,-2.0625,,-5.00625,3.0,0.0,1010.0,99.3125,2.325,1.3541666666666667,0.0,-1.8666666666666665,,0.0,1015.1,250.83333333333334,3.9749999999999996,1.3541666666666667,0.0,-1.8666666666666665,,0.0,1015.1,250.83333333333334,3.9749999999999996
2017-12-10,9.75,0.0,-3.625,0.0,,,325.4166666666667,5.2,1.2625,,0.4041666666666666,,50.0,982.5208333333334,134.16666666666666,3.0625,-3.025,,-4.075,4.25,12.5,1005.25,235.0,1.7874999999999999,20.004166666666666,5.333333333333333,-11.120833333333332,0.0,,1021.8041666666667,71.25,5.791666666666667,-3.025,,-4.075,4.25,12.5,1005.25,235.0,1.7874999999999999,1.2625,,0.4041666666666666,,50.0,982.5208333333334,134.16666666666666,3.0625,1.2625,,0.4041666666666666,,50.0,982.5208333333334,134.16666666666666,3.0625
2017-12-11,10.291666666666666,0.5,-0.2583333333333333,0.0,,1025.5,296.25,3.0583333333333336,1.6875,0.0,0.008333333333333378,,32.0,985.275,168.75,4.7124999999999995,,,,,,,,,17.933333333333334,5.0,-9.654166666666667,0.0,,1021.5749999999999,90.0,1.7333333333333334,,,,,,,,,1.6875,0.0,0.008333333333333378,,32.0,985.275,168.75,4.7124999999999995,1.6875,0.0,0.008333333333333378,,32.0,985.275,168.75,4.7124999999999995
2017-12-12,13.929166666666667,1.826086956521739,7.420833333333333,0.0,,1014.6733333333334,251.25,5.704166666666667,1.2666666666666666,0.0,-0.9625,,0.0,1007.1583333333333,230.41666666666666,3.016666666666667,,,,,,,,,16.275000000000002,4.4,-10.858333333333334,0.0,,1020.4166666666666,82.5,2.404166666666667,,,,,,,,,1.2666666666666666,0.0,-0.9625,,0.0,1007.1583333333333,230.41666666666666,3.016666666666667,1.2666666666666666,0.0,-0.9625,,0.0,1007.1583333333333,230.41666666666666,3.016666666666667
2017-12-13,11.645833333333334,0.782608695652174,-0.5958333333333333,0.0,,1018.0625,296.95652173913044,4.133333333333334,6.375,0.0,4.704166666666667,,8.0,996.625,235.0,5.825,,,,,,,,,16.9875,1.5238095238095237,-9.770833333333334,0.0,,1014.4125,119.16666666666667,2.25,,,,,,,,,6.375,0.0,4.704166666666667,,8.0,996.625,235.0,5.825,6.375,0.0,4.704166666666667,,8.0,996.625,235.0,5.825
2017-12-14,13.633333333333333,2.4444444444444446,8.3125,0.0,,1017.275,188.75,2.5541666666666667,4.029166666666667,0.0,1.1083333333333334,,15.0,991.2666666666668,247.5,6.729166666666667,,,,,,,,,15.279166666666667,0.6666666666666666,-6.8,0.0,,1013.6666666666666,109.58333333333333,2.795833333333334,,,,,,,,,4.029166666666667,0.0,1.1083333333333334,,15.0,991.2666666666668,247.5,6.729166666666667,4.029166666666667,0.0,1.1083333333333334,,15.0,991.2666666666668,247.5,6.729166666666667
2017-12-15,18.279166666666665,3.5,12.291666666666666,0.0,,1018.6333333333333,211.25,3.6333333333333333,3.6791666666666667,0.0,1.3375000000000001,,5.0,998.7166666666667,306.25,4.254166666666666,,,,,,,,,16.766666666666666,0.25,-7.6499999999999995,0.0,,1018.4166666666666,99.52380952380952,2.3208333333333333,,,,,,,,,3.6791666666666667,0.0,1.3375000000000001,,5.0,998.7166666666667,306.25,4.254166666666666,3.6791666666666667,0.0,1.3375000000000001,,5.0,998.7166666666667,306.25,4.254166666666666
2017-12-16,16.6,2.3,11.1875,0.0,,1023.1666666666666,95.21739130434783,2.8083333333333336,2.920833333333333,0.0,0.43333333333333335,,0.0,1017.8083333333334,288.3333333333333,2.9250000000000003,,,,,,,,,13.5,4.0,-5.5625,0.0,,1008.2458333333334,102.5,2.8249999999999997,,,,,,,,,2.920833333333333,0.0,0.43333333333333335,,0.0,1017.8083333333334,288.3333333333333,2.9250000000000003,2.920833333333333,0.0,0.43333333333333335,,0.0,1017.8083333333334,288.3333333333333,2.9250000000000003
2017-12-17,18.404166666666665,3.4444444444444446,14.7125,0.0,,1023.7833333333333,150.43478260869566,2.3041666666666667,4.2250000000000005,0.0,3.6666666666666665,,1.0,1022.7624999999999,228.33333333333334,3.3249999999999997,,,,,,,,,13.299999999999999,5.0,5.233333333333333,1.625,19.0,1011.4333333333334,85.65217391304348,3.7541666666666664,,,,,,,,,4.2250000000000005,0.0,3.6666666666666665,,1.0,1022.7624999999999,228.33333333333334,3.3249999999999997,4.2250000000000005,0.0,3.6666666666666665,,1.0,1022.7624999999999,228.33333333333334,3.3249999999999997
2017-12-18,21.316666666666666,3.9285714285714284,17.666666666666668,0.0,,1023.4166666666666,149.58333333333334,1.3499999999999999,4.391666666666667,0.0,2.2708333333333335,,-0.5,1029.05,312.9166666666667,1.6208333333333333,-9.616666666666665,,-11.616666666666667,4.0,,1011.3,73.33333333333333,2.1833333333333336,13.404166666666667,1.7391304347826086,5.458333333333333,0.0,,1018.1,108.18181818181819,1.175,-9.616666666666665,,-11.616666666666667,4.0,,1011.3,73.33333333333333,2.1833333333333336,4.391666666666667,0.0,2.2708333333333335,,-0.5,1029.05,312.9166666666667,1.6208333333333333,4.391666666666667,0.0,2.2708333333333335,,-0.5,1029.05,312.9166666666667,1.6208333333333333
2017-12-19,21.945833333333336,2.75,18.400000000000002,0.0,,1022.7875,123.33333333333333,1.1625,3.525,1.8,2.35,,1.0,1035.1083333333333,249.16666666666666,2.025,-3.1458333333333335,,-5.5125,8.375,33.5,1001.7950000000001,147.5,3.0875,12.516666666666666,0.6666666666666666,5.008333333333334,0.0,,1021.0208333333334,90.45454545454545,1.9833333333333334,-3.1458333333333335,,-5.5125,8.375,33.5,1001.7950000000001,147.5,3.0875,3.525,1.8,2.35,,1.0,1035.1083333333333,249.16666666666666,2.025,3.525,1.8,2.35,,1.0,1035.1083333333333,249.16666666666666,2.025
2017-12-20,21.108333333333334,3.3333333333333335,17.329166666666666,0.0,,1018.6086956521739,154.58333333333334,3.1125000000000003,9.170833333333333,,8.612499999999999,,0.5,1035.2083333333333,248.33333333333334,2.8666666666666667,-4.629166666666667,,-10.258333333333333,3.0,0.75,1011.8083333333334,285.8333333333333,5.270833333333333,13.2125,2.727272727272727,3.0208333333333335,0.0,,1016.6583333333333,114.78260869565217,2.75,-4.629166666666667,,-10.258333333333333,3.0,0.75,1011.8083333333334,285.8333333333333,5.270833333333333,9.170833333333333,,8.612499999999999,,0.5,1035.2083333333333,248.33333333333334,2.8666666666666667,9.170833333333333,,8.612499999999999,,0.5,1035.2083333333333,248.33333333333334,2.8666666666666667
2017-12-21,22.179166666666664,3.076923076923077,19.320833333333333,0.0,,1017.8583333333332,215.41666666666666,3.1791666666666667,10.654166666666667,,9.487499999999999,,-0.5,1035.5208333333333,253.33333333333334,3.8958333333333335,-12.808333333333332,,-18.170833333333334,,0.0,1026.0125,265.0,2.75,10.924999999999999,1.8333333333333333,-5.2,0.0,,1014.1583333333333,259.5833333333333,5.283333333333333,-12.808333333333332,,-18.170833333333334,,0.0,1026.0125,265.0,2.75,10.654166666666667,,9.487499999999999,,-0.5,1035.5208333333333,253.33333333333334,3.8958333333333335,10.654166666666667,,9.487499999999999,,-0.5,1035.5208333333333,253.33333333333334,3.8958333333333335
2017-12-22,19.287499999999998,4.7894736842105265,17.25,0.0,,1021.6739130434783,161.7391304347826,2.5875,10.362499999999999,,8.908333333333333,,1.0,1035.8333333333333,251.66666666666666,2.2916666666666665,-12.891666666666666,,-16.616666666666667,2.0,1.0,1025.9791666666667,61.25,4.504166666666666,8.424999999999999,0.6956521739130435,-6.7875000000000005,0.0,,1023.7083333333334,150.9090909090909,1.5291666666666668,-12.891666666666666,,-16.616666666666667,2.0,1.0,1025.9791666666667,61.25,4.504166666666666,10.362499999999999,,8.908333333333333,,1.0,1035.8333333333333,251.66666666666666,2.2916666666666665,10.362499999999999,,8.908333333333333,,1.0,1035.8333333333333,251.66666666666666,2.2916666666666665
2017-12-23,19.7,2.7058823529411766,17.033333333333335,0.0,,1021.5749999999999,121.66666666666667,2.025,9.254166666666666,,7.879166666666666,,-0.5,1033.7291666666667,245.83333333333334,5.104166666666667,-8.7125,,-10.795833333333334,10.0,15.5,1014.6916666666666,160.0,2.970833333333333,9.445833333333333,2.0,-3.8000000000000003,0.0,,1022.7624999999999,106.25,1.4416666666666667,-8.7125,,-10.795833333333334,10.0,15.5,1014.6916666666666,160.0,2.970833333333333,9.254166666666666,,7.879166666666666,,-0.5,1033.7291666666667,245.83333333333334,5.104166666666667,9.254166666666666,,7.879166666666666,,-0.5,1033.7291666666667,245.83333333333334,5.104166666666667
2017-12-24,20.579166666666666,4.444444444444445,16.8125,0.0,,1020.6041666666666,214.58333333333334,2.9583333333333335,9.333333333333334,,7.479166666666667,,0.0,1024.7083333333333,234.58333333333334,5.954166666666667,-9.169565217391305,,-13.121739130434783,2.0,0.5,1022.6652173913043,177.3913043478261,2.3782608695652177,12.245833333333332,4.25,-2.5833333333333335,0.0,,1020.4250000000001,92.17391304347827,1.6583333333333334,-9.169565217391305,,-13.121739130434783,2.0,0.5,1022.6652173913043,177.3913043478261,2.3782608695652177,9.333333333333334,,7.479166666666667,,0.0,1024.7083333333333,234.58333333333334,5.954166666666667,9.333333333333334,,7.479166666666667,,0.0,1024.7083333333333,234.58333333333334,5.954166666666667
2017-12-25,17.779166666666665,2.2222222222222223,11.941666666666668,0.0,,1022.9041666666667,197.82608695652175,3.9,9.908333333333333,,7.808333333333334,,0.5,1007.65,201.66666666666666,7.441666666666666,-7.317391304347827,,-10.847826086956522,4.25,9.25,1007.6782608695652,180.43478260869566,5.591304347826087,12.125,3.7777777777777777,-2.129166666666667,0.0,,1018.0791666666668,86.81818181818181,1.6125,-7.317391304347827,,-10.847826086956522,4.25,9.25,1007.6782608695652,180.43478260869566,5.591304347826087,9.908333333333333,,7.808333333333334,,0.5,1007.65,201.66666666666666,7.441666666666666,9.908333333333333,,7.808333333333334,,0.5,1007.65,201.66666666666666,7.441666666666666
2017-12-26,16.829166666666666,1.1764705882352942,12.25,0.0,,1024.9958333333334,150.43478260869566,3.1,5.716666666666666,0.0,3.6625,,20.0,993.65,202.08333333333334,5.7749999999999995,-13.924999999999999,,-22.40833333333333,,0.0,1024.3208333333334,269.5833333333333,3.8499999999999996,12.775,3.25,-3.1208333333333336,0.0,,1018.625,112.17391304347827,1.7166666666666668,-13.924999999999999,,-22.40833333333333,,0.0,1024.3208333333334,269.5833333333333,3.8499999999999996,5.716666666666666,0.0,3.6625,,20.0,993.65,202.08333333333334,5.7749999999999995,5.716666666666666,0.0,3.6625,,20.0,993.65,202.08333333333334,5.7749999999999995
2017-12-27,17.891666666666666,2.533333333333333,14.716666666666667,0.0,,1024.2291666666667,220.45454545454547,3.0875,3.358333333333333,0.0,1.2833333333333334,,55.0,987.7666666666668,271.6666666666667,5.1625000000000005,-22.241666666666664,,-27.879166666666666,,0.0,1033.6416666666667,279.5833333333333,3.3375,14.0375,3.066666666666667,-3.329166666666667,0.0,,1019.6125000000001,127.3913043478261,1.5875000000000001,-22.241666666666664,,-27.879166666666666,,0.0,1033.6416666666667,279.5833333333333,3.3375,3.358333333333333,0.0,1.2833333333333334,,55.0,987.7666666666668,271.6666666666667,5.1625000000000005,3.358333333333333,0.0,1.2833333333333334,,55.0,987.7666666666668,271.6666666666667,5.1625000000000005
2017-12-28,16.837500000000002,6.0,15.012500000000001,0.0,,1023.8083333333333,268.3333333333333,4.508333333333333,1.6500000000000001,0.0,-0.8583333333333334,,0.0,1003.5083333333333,254.58333333333334,3.6166666666666667,-23.683333333333334,,-28.891666666666666,,0.0,1035.8666666666666,272.9166666666667,4.0125,14.491666666666667,0.75,-3.4,0.0,,1019.4583333333334,131.7391304347826,1.8416666666666668,-23.683333333333334,,-28.891666666666666,,0.0,1035.8666666666666,272.9166666666667,4.0125,1.6500000000000001,0.0,-0.8583333333333334,,0.0,1003.5083333333333,254.58333333333334,3.6166666666666667,1.6500000000000001,0.0,-0.8583333333333334,,0.0,1003.5083333333333,254.58333333333334,3.6166666666666667
2017-12-29,12.479166666666666,8.0,11.591666666666667,-0.3333333333333333,-1.0,1023.1,341.6666666666667,4.583333333333333,4.595833333333333,0.0,1.9833333333333334,,25.0,997.9166666666666,198.75,5.783333333333332,-20.904166666666665,,-25.104166666666668,,0.0,1027.8666666666666,267.0833333333333,2.4083333333333337,15.445833333333333,0.5833333333333334,-5.045833333333333,0.0,,1019.0916666666667,94.34782608695652,1.4875,-20.904166666666665,,-25.104166666666668,,0.0,1027.8666666666666,267.0833333333333,2.4083333333333337,4.595833333333333,0.0,1.9833333333333334,,25.0,997.9166666666666,198.75,5.783333333333332,4.595833333333333,0.0,1.9833333333333334,,25.0,997.9166666666666,198.75,5.783333333333332
2017-12-30,12.7875,1.375,9.179166666666667,0.0,,1021.0083333333333,300.0,3.7708333333333335,10.85,,7.670833333333333,,1.0,996.65,227.5,7.866666666666667,-20.974999999999998,,-24.683333333333334,2.0,0.5,1019.5916666666667,202.5,2.2875,15.275,1.3333333333333333,-5.554166666666667,0.0,,1017.2375000000001,92.5,1.9541666666666666,-20.974999999999998,,-24.683333333333334,2.0,0.5,1019.5916666666667,202.5,2.2875,10.85,,7.670833333333333,,1.0,996.65,227.5,7.866666666666667,10.85,,7.670833333333333,,1.0,996.65,227.5,7.866666666666667
2017-12-31,13.633333333333333,1.5,8.116666666666667,0.0,,1020.9666666666667,196.08695652173913,2.025,10.508333333333333,,8.3125,,19.0,994.8666666666667,215.83333333333334,7.4875,-21.995833333333334,,-27.0,,0.0,1027.5291666666667,275.4166666666667,4.070833333333334,13.379166666666668,4.0,-4.645833333333333,0.0,,1017.1083333333332,96.52173913043478,2.033333333333333,-21.995833333333334,,-27.0,,0.0,1027.5291666666667,275.4166666666667,4.070833333333334,10.508333333333333,,8.3125,,19.0,994.8666666666667,215.83333333333334,7.4875,10.508333333333333,,8.3125,,19.0,994.8666666666667,215.83333333333334,7.4875
